[2026-09-23T11:28:49.660+0000] {processor.py:186} INFO - Started process (PID=175) to work on /opt/airflow/dags/dss150p_pipeline.py
[2026-09-23T11:28:49.661+0000] {processor.py:914} INFO - Processing file /opt/airflow/dags/dss150p_pipeline.py for tasks to queue
[2026-09-23T11:28:49.663+0000] {logging_mixin.py:190} INFO - [2026-09-23T11:28:49.662+0000] {dagbag.py:588} INFO - Filling up the DagBag from /opt/airflow/dags/dss150p_pipeline.py
[2026-09-23T11:28:49.683+0000] {processor.py:925} INFO - DAG(s) 'dss150p_sales_pipeline' retrieved from /opt/airflow/dags/dss150p_pipeline.py
[2026-09-23T11:28:49.830+0000] {logging_mixin.py:190} INFO - [2026-09-23T11:28:49.829+0000] {override.py:1912} INFO - Created Permission View: can edit on DAG:dss150p_sales_pipeline
[2026-09-23T11:28:49.835+0000] {logging_mixin.py:190} INFO - [2026-09-23T11:28:49.835+0000] {override.py:1912} INFO - Created Permission View: can read on DAG:dss150p_sales_pipeline
[2026-09-23T11:28:49.839+0000] {logging_mixin.py:190} INFO - [2026-09-23T11:28:49.839+0000] {override.py:1912} INFO - Created Permission View: can delete on DAG:dss150p_sales_pipeline
[2026-09-23T11:28:49.844+0000] {logging_mixin.py:190} INFO - [2026-09-23T11:28:49.844+0000] {override.py:1912} INFO - Created Permission View: can create on DAG Run:dss150p_sales_pipeline
[2026-09-23T11:28:49.848+0000] {logging_mixin.py:190} INFO - [2026-09-23T11:28:49.848+0000] {override.py:1912} INFO - Created Permission View: can delete on DAG Run:dss150p_sales_pipeline
[2026-09-23T11:28:49.852+0000] {logging_mixin.py:190} INFO - [2026-09-23T11:28:49.851+0000] {override.py:1912} INFO - Created Permission View: can read on DAG Run:dss150p_sales_pipeline
[2026-09-23T11:28:49.855+0000] {logging_mixin.py:190} INFO - [2026-09-23T11:28:49.855+0000] {override.py:1912} INFO - Created Permission View: menu access on DAG Run:dss150p_sales_pipeline
[2026-09-23T11:28:49.856+0000] {logging_mixin.py:190} INFO - [2026-09-23T11:28:49.856+0000] {dag.py:3239} INFO - Sync 1 DAGs
[2026-09-23T11:28:49.863+0000] {logging_mixin.py:190} INFO - [2026-09-23T11:28:49.863+0000] {dag.py:3262} INFO - Creating ORM DAG for dss150p_sales_pipeline
[2026-09-23T11:28:49.869+0000] {logging_mixin.py:190} INFO - [2026-09-23T11:28:49.869+0000] {dag.py:4180} INFO - Setting next_dagrun for dss150p_sales_pipeline to 2026-09-22 02:00:00+00:00, run_after=2026-09-23 02:00:00+00:00
[2026-09-23T11:28:49.880+0000] {processor.py:208} INFO - Processing /opt/airflow/dags/dss150p_pipeline.py took 0.223 seconds
[2026-09-23T11:29:20.026+0000] {processor.py:186} INFO - Started process (PID=180) to work on /opt/airflow/dags/dss150p_pipeline.py
[2026-09-23T11:29:20.027+0000] {processor.py:914} INFO - Processing file /opt/airflow/dags/dss150p_pipeline.py for tasks to queue
[2026-09-23T11:29:20.030+0000] {logging_mixin.py:190} INFO - [2026-09-23T11:29:20.030+0000] {dagbag.py:588} INFO - Filling up the DagBag from /opt/airflow/dags/dss150p_pipeline.py
[2026-09-23T11:29:20.049+0000] {processor.py:925} INFO - DAG(s) 'dss150p_sales_pipeline' retrieved from /opt/airflow/dags/dss150p_pipeline.py
[2026-09-23T11:29:20.081+0000] {logging_mixin.py:190} INFO - [2026-09-23T11:29:20.081+0000] {dag.py:3239} INFO - Sync 1 DAGs
[2026-09-23T11:29:20.095+0000] {logging_mixin.py:190} INFO - [2026-09-23T11:29:20.095+0000] {dag.py:4180} INFO - Setting next_dagrun for dss150p_sales_pipeline to 2026-09-22 02:00:00+00:00, run_after=2026-09-23 02:00:00+00:00
[2026-09-23T11:29:20.107+0000] {processor.py:208} INFO - Processing /opt/airflow/dags/dss150p_pipeline.py took 0.087 seconds
[2026-09-23T11:29:50.168+0000] {processor.py:186} INFO - Started process (PID=185) to work on /opt/airflow/dags/dss150p_pipeline.py
[2026-09-23T11:29:50.169+0000] {processor.py:914} INFO - Processing file /opt/airflow/dags/dss150p_pipeline.py for tasks to queue
[2026-09-23T11:29:50.171+0000] {logging_mixin.py:190} INFO - [2026-09-23T11:29:50.171+0000] {dagbag.py:588} INFO - Filling up the DagBag from /opt/airflow/dags/dss150p_pipeline.py
[2026-09-23T11:29:50.190+0000] {processor.py:925} INFO - DAG(s) 'dss150p_sales_pipeline' retrieved from /opt/airflow/dags/dss150p_pipeline.py
[2026-09-23T11:29:50.222+0000] {logging_mixin.py:190} INFO - [2026-09-23T11:29:50.221+0000] {dag.py:3239} INFO - Sync 1 DAGs
[2026-09-23T11:29:50.236+0000] {logging_mixin.py:190} INFO - [2026-09-23T11:29:50.236+0000] {dag.py:4180} INFO - Setting next_dagrun for dss150p_sales_pipeline to 2026-09-22 02:00:00+00:00, run_after=2026-09-23 02:00:00+00:00
[2026-09-23T11:29:50.246+0000] {processor.py:208} INFO - Processing /opt/airflow/dags/dss150p_pipeline.py took 0.084 seconds
[2026-09-23T11:30:20.378+0000] {processor.py:186} INFO - Started process (PID=190) to work on /opt/airflow/dags/dss150p_pipeline.py
[2026-09-23T11:30:20.379+0000] {processor.py:914} INFO - Processing file /opt/airflow/dags/dss150p_pipeline.py for tasks to queue
[2026-09-23T11:30:20.381+0000] {logging_mixin.py:190} INFO - [2026-09-23T11:30:20.381+0000] {dagbag.py:588} INFO - Filling up the DagBag from /opt/airflow/dags/dss150p_pipeline.py
[2026-09-23T11:30:20.400+0000] {processor.py:925} INFO - DAG(s) 'dss150p_sales_pipeline' retrieved from /opt/airflow/dags/dss150p_pipeline.py
[2026-09-23T11:30:20.430+0000] {logging_mixin.py:190} INFO - [2026-09-23T11:30:20.430+0000] {dag.py:3239} INFO - Sync 1 DAGs
[2026-09-23T11:30:20.444+0000] {logging_mixin.py:190} INFO - [2026-09-23T11:30:20.444+0000] {dag.py:4180} INFO - Setting next_dagrun for dss150p_sales_pipeline to 2026-09-22 02:00:00+00:00, run_after=2026-09-23 02:00:00+00:00
[2026-09-23T11:30:20.454+0000] {processor.py:208} INFO - Processing /opt/airflow/dags/dss150p_pipeline.py took 0.081 seconds
[2026-09-23T11:30:50.535+0000] {processor.py:186} INFO - Started process (PID=195) to work on /opt/airflow/dags/dss150p_pipeline.py
[2026-09-23T11:30:50.536+0000] {processor.py:914} INFO - Processing file /opt/airflow/dags/dss150p_pipeline.py for tasks to queue
[2026-09-23T11:30:50.538+0000] {logging_mixin.py:190} INFO - [2026-09-23T11:30:50.538+0000] {dagbag.py:588} INFO - Filling up the DagBag from /opt/airflow/dags/dss150p_pipeline.py
[2026-09-23T11:30:50.553+0000] {processor.py:925} INFO - DAG(s) 'dss150p_sales_pipeline' retrieved from /opt/airflow/dags/dss150p_pipeline.py
[2026-09-23T11:30:50.584+0000] {logging_mixin.py:190} INFO - [2026-09-23T11:30:50.584+0000] {dag.py:3239} INFO - Sync 1 DAGs
[2026-09-23T11:30:50.598+0000] {logging_mixin.py:190} INFO - [2026-09-23T11:30:50.598+0000] {dag.py:4180} INFO - Setting next_dagrun for dss150p_sales_pipeline to 2026-09-22 02:00:00+00:00, run_after=2026-09-23 02:00:00+00:00
[2026-09-23T11:30:50.608+0000] {processor.py:208} INFO - Processing /opt/airflow/dags/dss150p_pipeline.py took 0.077 seconds
[2026-09-23T11:31:20.729+0000] {processor.py:186} INFO - Started process (PID=200) to work on /opt/airflow/dags/dss150p_pipeline.py
[2026-09-23T11:31:20.729+0000] {processor.py:914} INFO - Processing file /opt/airflow/dags/dss150p_pipeline.py for tasks to queue
[2026-09-23T11:31:20.731+0000] {logging_mixin.py:190} INFO - [2026-09-23T11:31:20.731+0000] {dagbag.py:588} INFO - Filling up the DagBag from /opt/airflow/dags/dss150p_pipeline.py
[2026-09-23T11:31:20.747+0000] {processor.py:925} INFO - DAG(s) 'dss150p_sales_pipeline' retrieved from /opt/airflow/dags/dss150p_pipeline.py
[2026-09-23T11:31:20.775+0000] {logging_mixin.py:190} INFO - [2026-09-23T11:31:20.775+0000] {dag.py:3239} INFO - Sync 1 DAGs
[2026-09-23T11:31:20.788+0000] {logging_mixin.py:190} INFO - [2026-09-23T11:31:20.787+0000] {dag.py:4180} INFO - Setting next_dagrun for dss150p_sales_pipeline to 2026-09-22 02:00:00+00:00, run_after=2026-09-23 02:00:00+00:00
[2026-09-23T11:31:20.799+0000] {processor.py:208} INFO - Processing /opt/airflow/dags/dss150p_pipeline.py took 0.074 seconds
[2026-09-23T11:31:50.873+0000] {processor.py:186} INFO - Started process (PID=205) to work on /opt/airflow/dags/dss150p_pipeline.py
[2026-09-23T11:31:50.874+0000] {processor.py:914} INFO - Processing file /opt/airflow/dags/dss150p_pipeline.py for tasks to queue
[2026-09-23T11:31:50.876+0000] {logging_mixin.py:190} INFO - [2026-09-23T11:31:50.876+0000] {dagbag.py:588} INFO - Filling up the DagBag from /opt/airflow/dags/dss150p_pipeline.py
[2026-09-23T11:31:50.892+0000] {processor.py:925} INFO - DAG(s) 'dss150p_sales_pipeline' retrieved from /opt/airflow/dags/dss150p_pipeline.py
[2026-09-23T11:31:50.919+0000] {logging_mixin.py:190} INFO - [2026-09-23T11:31:50.919+0000] {dag.py:3239} INFO - Sync 1 DAGs
[2026-09-23T11:31:50.931+0000] {logging_mixin.py:190} INFO - [2026-09-23T11:31:50.931+0000] {dag.py:4180} INFO - Setting next_dagrun for dss150p_sales_pipeline to 2026-09-22 02:00:00+00:00, run_after=2026-09-23 02:00:00+00:00
[2026-09-23T11:31:50.941+0000] {processor.py:208} INFO - Processing /opt/airflow/dags/dss150p_pipeline.py took 0.072 seconds
[2026-09-23T11:32:21.055+0000] {processor.py:186} INFO - Started process (PID=210) to work on /opt/airflow/dags/dss150p_pipeline.py
[2026-09-23T11:32:21.056+0000] {processor.py:914} INFO - Processing file /opt/airflow/dags/dss150p_pipeline.py for tasks to queue
[2026-09-23T11:32:21.058+0000] {logging_mixin.py:190} INFO - [2026-09-23T11:32:21.057+0000] {dagbag.py:588} INFO - Filling up the DagBag from /opt/airflow/dags/dss150p_pipeline.py
[2026-09-23T11:32:21.073+0000] {processor.py:925} INFO - DAG(s) 'dss150p_sales_pipeline' retrieved from /opt/airflow/dags/dss150p_pipeline.py
[2026-09-23T11:32:21.102+0000] {logging_mixin.py:190} INFO - [2026-09-23T11:32:21.102+0000] {dag.py:3239} INFO - Sync 1 DAGs
[2026-09-23T11:32:21.115+0000] {logging_mixin.py:190} INFO - [2026-09-23T11:32:21.115+0000] {dag.py:4180} INFO - Setting next_dagrun for dss150p_sales_pipeline to 2026-09-22 02:00:00+00:00, run_after=2026-09-23 02:00:00+00:00
[2026-09-23T11:32:21.125+0000] {processor.py:208} INFO - Processing /opt/airflow/dags/dss150p_pipeline.py took 0.074 seconds
[2026-09-23T11:32:51.202+0000] {processor.py:186} INFO - Started process (PID=215) to work on /opt/airflow/dags/dss150p_pipeline.py
[2026-09-23T11:32:51.203+0000] {processor.py:914} INFO - Processing file /opt/airflow/dags/dss150p_pipeline.py for tasks to queue
[2026-09-23T11:32:51.204+0000] {logging_mixin.py:190} INFO - [2026-09-23T11:32:51.204+0000] {dagbag.py:588} INFO - Filling up the DagBag from /opt/airflow/dags/dss150p_pipeline.py
[2026-09-23T11:32:51.220+0000] {processor.py:925} INFO - DAG(s) 'dss150p_sales_pipeline' retrieved from /opt/airflow/dags/dss150p_pipeline.py
[2026-09-23T11:32:51.249+0000] {logging_mixin.py:190} INFO - [2026-09-23T11:32:51.249+0000] {dag.py:3239} INFO - Sync 1 DAGs
[2026-09-23T11:32:51.261+0000] {logging_mixin.py:190} INFO - [2026-09-23T11:32:51.260+0000] {dag.py:4180} INFO - Setting next_dagrun for dss150p_sales_pipeline to 2026-09-22 02:00:00+00:00, run_after=2026-09-23 02:00:00+00:00
[2026-09-23T11:32:51.270+0000] {processor.py:208} INFO - Processing /opt/airflow/dags/dss150p_pipeline.py took 0.073 seconds
[2026-09-23T11:33:21.395+0000] {processor.py:186} INFO - Started process (PID=220) to work on /opt/airflow/dags/dss150p_pipeline.py
[2026-09-23T11:33:21.396+0000] {processor.py:914} INFO - Processing file /opt/airflow/dags/dss150p_pipeline.py for tasks to queue
[2026-09-23T11:33:21.398+0000] {logging_mixin.py:190} INFO - [2026-09-23T11:33:21.398+0000] {dagbag.py:588} INFO - Filling up the DagBag from /opt/airflow/dags/dss150p_pipeline.py
[2026-09-23T11:33:21.413+0000] {processor.py:925} INFO - DAG(s) 'dss150p_sales_pipeline' retrieved from /opt/airflow/dags/dss150p_pipeline.py
[2026-09-23T11:33:21.441+0000] {logging_mixin.py:190} INFO - [2026-09-23T11:33:21.441+0000] {dag.py:3239} INFO - Sync 1 DAGs
[2026-09-23T11:33:21.452+0000] {logging_mixin.py:190} INFO - [2026-09-23T11:33:21.452+0000] {dag.py:4180} INFO - Setting next_dagrun for dss150p_sales_pipeline to 2026-09-22 02:00:00+00:00, run_after=2026-09-23 02:00:00+00:00
[2026-09-23T11:33:21.462+0000] {processor.py:208} INFO - Processing /opt/airflow/dags/dss150p_pipeline.py took 0.072 seconds
[2026-09-23T11:33:51.560+0000] {processor.py:186} INFO - Started process (PID=225) to work on /opt/airflow/dags/dss150p_pipeline.py
[2026-09-23T11:33:51.561+0000] {processor.py:914} INFO - Processing file /opt/airflow/dags/dss150p_pipeline.py for tasks to queue
[2026-09-23T11:33:51.562+0000] {logging_mixin.py:190} INFO - [2026-09-23T11:33:51.562+0000] {dagbag.py:588} INFO - Filling up the DagBag from /opt/airflow/dags/dss150p_pipeline.py
[2026-09-23T11:33:51.578+0000] {processor.py:925} INFO - DAG(s) 'dss150p_sales_pipeline' retrieved from /opt/airflow/dags/dss150p_pipeline.py
[2026-09-23T11:33:51.607+0000] {logging_mixin.py:190} INFO - [2026-09-23T11:33:51.606+0000] {dag.py:3239} INFO - Sync 1 DAGs
[2026-09-23T11:33:51.618+0000] {logging_mixin.py:190} INFO - [2026-09-23T11:33:51.618+0000] {dag.py:4180} INFO - Setting next_dagrun for dss150p_sales_pipeline to 2026-09-22 02:00:00+00:00, run_after=2026-09-23 02:00:00+00:00
[2026-09-23T11:33:51.637+0000] {processor.py:208} INFO - Processing /opt/airflow/dags/dss150p_pipeline.py took 0.082 seconds
[2026-09-23T11:34:21.716+0000] {processor.py:186} INFO - Started process (PID=230) to work on /opt/airflow/dags/dss150p_pipeline.py
[2026-09-23T11:34:21.717+0000] {processor.py:914} INFO - Processing file /opt/airflow/dags/dss150p_pipeline.py for tasks to queue
[2026-09-23T11:34:21.719+0000] {logging_mixin.py:190} INFO - [2026-09-23T11:34:21.718+0000] {dagbag.py:588} INFO - Filling up the DagBag from /opt/airflow/dags/dss150p_pipeline.py
[2026-09-23T11:34:21.734+0000] {processor.py:925} INFO - DAG(s) 'dss150p_sales_pipeline' retrieved from /opt/airflow/dags/dss150p_pipeline.py
[2026-09-23T11:34:21.762+0000] {logging_mixin.py:190} INFO - [2026-09-23T11:34:21.762+0000] {dag.py:3239} INFO - Sync 1 DAGs
[2026-09-23T11:34:21.774+0000] {logging_mixin.py:190} INFO - [2026-09-23T11:34:21.774+0000] {dag.py:4180} INFO - Setting next_dagrun for dss150p_sales_pipeline to 2026-09-22 02:00:00+00:00, run_after=2026-09-23 02:00:00+00:00
[2026-09-23T11:34:21.792+0000] {processor.py:208} INFO - Processing /opt/airflow/dags/dss150p_pipeline.py took 0.081 seconds
[2026-09-23T11:34:51.890+0000] {processor.py:186} INFO - Started process (PID=235) to work on /opt/airflow/dags/dss150p_pipeline.py
[2026-09-23T11:34:51.891+0000] {processor.py:914} INFO - Processing file /opt/airflow/dags/dss150p_pipeline.py for tasks to queue
[2026-09-23T11:34:51.893+0000] {logging_mixin.py:190} INFO - [2026-09-23T11:34:51.893+0000] {dagbag.py:588} INFO - Filling up the DagBag from /opt/airflow/dags/dss150p_pipeline.py
[2026-09-23T11:34:51.909+0000] {processor.py:925} INFO - DAG(s) 'dss150p_sales_pipeline' retrieved from /opt/airflow/dags/dss150p_pipeline.py
[2026-09-23T11:34:51.937+0000] {logging_mixin.py:190} INFO - [2026-09-23T11:34:51.937+0000] {dag.py:3239} INFO - Sync 1 DAGs
[2026-09-23T11:34:51.949+0000] {logging_mixin.py:190} INFO - [2026-09-23T11:34:51.949+0000] {dag.py:4180} INFO - Setting next_dagrun for dss150p_sales_pipeline to 2026-09-22 02:00:00+00:00, run_after=2026-09-23 02:00:00+00:00
[2026-09-23T11:34:51.959+0000] {processor.py:208} INFO - Processing /opt/airflow/dags/dss150p_pipeline.py took 0.074 seconds
[2026-09-23T11:35:22.047+0000] {processor.py:186} INFO - Started process (PID=240) to work on /opt/airflow/dags/dss150p_pipeline.py
[2026-09-23T11:35:22.048+0000] {processor.py:914} INFO - Processing file /opt/airflow/dags/dss150p_pipeline.py for tasks to queue
[2026-09-23T11:35:22.049+0000] {logging_mixin.py:190} INFO - [2026-09-23T11:35:22.049+0000] {dagbag.py:588} INFO - Filling up the DagBag from /opt/airflow/dags/dss150p_pipeline.py
[2026-09-23T11:35:22.065+0000] {processor.py:925} INFO - DAG(s) 'dss150p_sales_pipeline' retrieved from /opt/airflow/dags/dss150p_pipeline.py
[2026-09-23T11:35:22.093+0000] {logging_mixin.py:190} INFO - [2026-09-23T11:35:22.093+0000] {dag.py:3239} INFO - Sync 1 DAGs
[2026-09-23T11:35:22.105+0000] {logging_mixin.py:190} INFO - [2026-09-23T11:35:22.104+0000] {dag.py:4180} INFO - Setting next_dagrun for dss150p_sales_pipeline to 2026-09-22 02:00:00+00:00, run_after=2026-09-23 02:00:00+00:00
[2026-09-23T11:35:22.123+0000] {processor.py:208} INFO - Processing /opt/airflow/dags/dss150p_pipeline.py took 0.081 seconds
[2026-09-23T11:35:52.219+0000] {processor.py:186} INFO - Started process (PID=245) to work on /opt/airflow/dags/dss150p_pipeline.py
[2026-09-23T11:35:52.220+0000] {processor.py:914} INFO - Processing file /opt/airflow/dags/dss150p_pipeline.py for tasks to queue
[2026-09-23T11:35:52.222+0000] {logging_mixin.py:190} INFO - [2026-09-23T11:35:52.222+0000] {dagbag.py:588} INFO - Filling up the DagBag from /opt/airflow/dags/dss150p_pipeline.py
[2026-09-23T11:35:52.238+0000] {processor.py:925} INFO - DAG(s) 'dss150p_sales_pipeline' retrieved from /opt/airflow/dags/dss150p_pipeline.py
[2026-09-23T11:35:52.267+0000] {logging_mixin.py:190} INFO - [2026-09-23T11:35:52.267+0000] {dag.py:3239} INFO - Sync 1 DAGs
[2026-09-23T11:35:52.278+0000] {logging_mixin.py:190} INFO - [2026-09-23T11:35:52.278+0000] {dag.py:4180} INFO - Setting next_dagrun for dss150p_sales_pipeline to 2026-09-22 02:00:00+00:00, run_after=2026-09-23 02:00:00+00:00
[2026-09-23T11:35:52.288+0000] {processor.py:208} INFO - Processing /opt/airflow/dags/dss150p_pipeline.py took 0.074 seconds
[2026-09-23T11:36:22.381+0000] {processor.py:186} INFO - Started process (PID=250) to work on /opt/airflow/dags/dss150p_pipeline.py
[2026-09-23T11:36:22.381+0000] {processor.py:914} INFO - Processing file /opt/airflow/dags/dss150p_pipeline.py for tasks to queue
[2026-09-23T11:36:22.383+0000] {logging_mixin.py:190} INFO - [2026-09-23T11:36:22.383+0000] {dagbag.py:588} INFO - Filling up the DagBag from /opt/airflow/dags/dss150p_pipeline.py
[2026-09-23T11:36:22.398+0000] {processor.py:925} INFO - DAG(s) 'dss150p_sales_pipeline' retrieved from /opt/airflow/dags/dss150p_pipeline.py
[2026-09-23T11:36:22.426+0000] {logging_mixin.py:190} INFO - [2026-09-23T11:36:22.426+0000] {dag.py:3239} INFO - Sync 1 DAGs
[2026-09-23T11:36:22.438+0000] {logging_mixin.py:190} INFO - [2026-09-23T11:36:22.437+0000] {dag.py:4180} INFO - Setting next_dagrun for dss150p_sales_pipeline to 2026-09-22 02:00:00+00:00, run_after=2026-09-23 02:00:00+00:00
[2026-09-23T11:36:22.448+0000] {processor.py:208} INFO - Processing /opt/airflow/dags/dss150p_pipeline.py took 0.072 seconds
[2026-09-23T11:36:52.546+0000] {processor.py:186} INFO - Started process (PID=255) to work on /opt/airflow/dags/dss150p_pipeline.py
[2026-09-23T11:36:52.547+0000] {processor.py:914} INFO - Processing file /opt/airflow/dags/dss150p_pipeline.py for tasks to queue
[2026-09-23T11:36:52.549+0000] {logging_mixin.py:190} INFO - [2026-09-23T11:36:52.549+0000] {dagbag.py:588} INFO - Filling up the DagBag from /opt/airflow/dags/dss150p_pipeline.py
[2026-09-23T11:36:52.564+0000] {processor.py:925} INFO - DAG(s) 'dss150p_sales_pipeline' retrieved from /opt/airflow/dags/dss150p_pipeline.py
[2026-09-23T11:36:52.592+0000] {logging_mixin.py:190} INFO - [2026-09-23T11:36:52.592+0000] {dag.py:3239} INFO - Sync 1 DAGs
[2026-09-23T11:36:52.605+0000] {logging_mixin.py:190} INFO - [2026-09-23T11:36:52.605+0000] {dag.py:4180} INFO - Setting next_dagrun for dss150p_sales_pipeline to 2026-09-22 02:00:00+00:00, run_after=2026-09-23 02:00:00+00:00
[2026-09-23T11:36:52.615+0000] {processor.py:208} INFO - Processing /opt/airflow/dags/dss150p_pipeline.py took 0.074 seconds
[2026-09-23T11:37:22.703+0000] {processor.py:186} INFO - Started process (PID=260) to work on /opt/airflow/dags/dss150p_pipeline.py
[2026-09-23T11:37:22.704+0000] {processor.py:914} INFO - Processing file /opt/airflow/dags/dss150p_pipeline.py for tasks to queue
[2026-09-23T11:37:22.706+0000] {logging_mixin.py:190} INFO - [2026-09-23T11:37:22.705+0000] {dagbag.py:588} INFO - Filling up the DagBag from /opt/airflow/dags/dss150p_pipeline.py
[2026-09-23T11:37:22.722+0000] {processor.py:925} INFO - DAG(s) 'dss150p_sales_pipeline' retrieved from /opt/airflow/dags/dss150p_pipeline.py
[2026-09-23T11:37:22.751+0000] {logging_mixin.py:190} INFO - [2026-09-23T11:37:22.751+0000] {dag.py:3239} INFO - Sync 1 DAGs
[2026-09-23T11:37:22.763+0000] {logging_mixin.py:190} INFO - [2026-09-23T11:37:22.763+0000] {dag.py:4180} INFO - Setting next_dagrun for dss150p_sales_pipeline to 2026-09-22 02:00:00+00:00, run_after=2026-09-23 02:00:00+00:00
[2026-09-23T11:37:22.782+0000] {processor.py:208} INFO - Processing /opt/airflow/dags/dss150p_pipeline.py took 0.084 seconds
[2026-09-23T11:37:52.875+0000] {processor.py:186} INFO - Started process (PID=265) to work on /opt/airflow/dags/dss150p_pipeline.py
[2026-09-23T11:37:52.876+0000] {processor.py:914} INFO - Processing file /opt/airflow/dags/dss150p_pipeline.py for tasks to queue
[2026-09-23T11:37:52.878+0000] {logging_mixin.py:190} INFO - [2026-09-23T11:37:52.878+0000] {dagbag.py:588} INFO - Filling up the DagBag from /opt/airflow/dags/dss150p_pipeline.py
[2026-09-23T11:37:52.894+0000] {processor.py:925} INFO - DAG(s) 'dss150p_sales_pipeline' retrieved from /opt/airflow/dags/dss150p_pipeline.py
[2026-09-23T11:37:52.923+0000] {logging_mixin.py:190} INFO - [2026-09-23T11:37:52.923+0000] {dag.py:3239} INFO - Sync 1 DAGs
[2026-09-23T11:37:52.935+0000] {logging_mixin.py:190} INFO - [2026-09-23T11:37:52.935+0000] {dag.py:4180} INFO - Setting next_dagrun for dss150p_sales_pipeline to 2026-09-22 02:00:00+00:00, run_after=2026-09-23 02:00:00+00:00
[2026-09-23T11:37:52.953+0000] {processor.py:208} INFO - Processing /opt/airflow/dags/dss150p_pipeline.py took 0.083 seconds
[2026-09-23T11:38:23.038+0000] {processor.py:186} INFO - Started process (PID=270) to work on /opt/airflow/dags/dss150p_pipeline.py
[2026-09-23T11:38:23.039+0000] {processor.py:914} INFO - Processing file /opt/airflow/dags/dss150p_pipeline.py for tasks to queue
[2026-09-23T11:38:23.041+0000] {logging_mixin.py:190} INFO - [2026-09-23T11:38:23.040+0000] {dagbag.py:588} INFO - Filling up the DagBag from /opt/airflow/dags/dss150p_pipeline.py
[2026-09-23T11:38:23.058+0000] {processor.py:925} INFO - DAG(s) 'dss150p_sales_pipeline' retrieved from /opt/airflow/dags/dss150p_pipeline.py
[2026-09-23T11:38:23.087+0000] {logging_mixin.py:190} INFO - [2026-09-23T11:38:23.087+0000] {dag.py:3239} INFO - Sync 1 DAGs
[2026-09-23T11:38:23.099+0000] {logging_mixin.py:190} INFO - [2026-09-23T11:38:23.099+0000] {dag.py:4180} INFO - Setting next_dagrun for dss150p_sales_pipeline to 2026-09-22 02:00:00+00:00, run_after=2026-09-23 02:00:00+00:00
[2026-09-23T11:38:23.117+0000] {processor.py:208} INFO - Processing /opt/airflow/dags/dss150p_pipeline.py took 0.085 seconds
[2026-09-23T11:38:53.237+0000] {processor.py:186} INFO - Started process (PID=275) to work on /opt/airflow/dags/dss150p_pipeline.py
[2026-09-23T11:38:53.237+0000] {processor.py:914} INFO - Processing file /opt/airflow/dags/dss150p_pipeline.py for tasks to queue
[2026-09-23T11:38:53.239+0000] {logging_mixin.py:190} INFO - [2026-09-23T11:38:53.239+0000] {dagbag.py:588} INFO - Filling up the DagBag from /opt/airflow/dags/dss150p_pipeline.py
[2026-09-23T11:38:53.255+0000] {processor.py:925} INFO - DAG(s) 'dss150p_sales_pipeline' retrieved from /opt/airflow/dags/dss150p_pipeline.py
[2026-09-23T11:38:53.282+0000] {logging_mixin.py:190} INFO - [2026-09-23T11:38:53.282+0000] {dag.py:3239} INFO - Sync 1 DAGs
[2026-09-23T11:38:53.294+0000] {logging_mixin.py:190} INFO - [2026-09-23T11:38:53.294+0000] {dag.py:4180} INFO - Setting next_dagrun for dss150p_sales_pipeline to 2026-09-22 02:00:00+00:00, run_after=2026-09-23 02:00:00+00:00
[2026-09-23T11:38:53.312+0000] {processor.py:208} INFO - Processing /opt/airflow/dags/dss150p_pipeline.py took 0.080 seconds
[2026-09-23T11:39:23.397+0000] {processor.py:186} INFO - Started process (PID=280) to work on /opt/airflow/dags/dss150p_pipeline.py
[2026-09-23T11:39:23.397+0000] {processor.py:914} INFO - Processing file /opt/airflow/dags/dss150p_pipeline.py for tasks to queue
[2026-09-23T11:39:23.399+0000] {logging_mixin.py:190} INFO - [2026-09-23T11:39:23.399+0000] {dagbag.py:588} INFO - Filling up the DagBag from /opt/airflow/dags/dss150p_pipeline.py
[2026-09-23T11:39:23.418+0000] {processor.py:925} INFO - DAG(s) 'dss150p_sales_pipeline' retrieved from /opt/airflow/dags/dss150p_pipeline.py
[2026-09-23T11:39:23.449+0000] {logging_mixin.py:190} INFO - [2026-09-23T11:39:23.449+0000] {dag.py:3239} INFO - Sync 1 DAGs
[2026-09-23T11:39:23.461+0000] {logging_mixin.py:190} INFO - [2026-09-23T11:39:23.461+0000] {dag.py:4180} INFO - Setting next_dagrun for dss150p_sales_pipeline to 2026-09-22 02:00:00+00:00, run_after=2026-09-23 02:00:00+00:00
[2026-09-23T11:39:23.470+0000] {processor.py:208} INFO - Processing /opt/airflow/dags/dss150p_pipeline.py took 0.086 seconds
[2026-09-23T11:39:53.575+0000] {processor.py:186} INFO - Started process (PID=285) to work on /opt/airflow/dags/dss150p_pipeline.py
[2026-09-23T11:39:53.576+0000] {processor.py:914} INFO - Processing file /opt/airflow/dags/dss150p_pipeline.py for tasks to queue
[2026-09-23T11:39:53.577+0000] {logging_mixin.py:190} INFO - [2026-09-23T11:39:53.577+0000] {dagbag.py:588} INFO - Filling up the DagBag from /opt/airflow/dags/dss150p_pipeline.py
[2026-09-23T11:39:53.593+0000] {processor.py:925} INFO - DAG(s) 'dss150p_sales_pipeline' retrieved from /opt/airflow/dags/dss150p_pipeline.py
[2026-09-23T11:39:53.623+0000] {logging_mixin.py:190} INFO - [2026-09-23T11:39:53.623+0000] {dag.py:3239} INFO - Sync 1 DAGs
[2026-09-23T11:39:53.634+0000] {logging_mixin.py:190} INFO - [2026-09-23T11:39:53.634+0000] {dag.py:4180} INFO - Setting next_dagrun for dss150p_sales_pipeline to 2026-09-22 02:00:00+00:00, run_after=2026-09-23 02:00:00+00:00
[2026-09-23T11:39:53.644+0000] {processor.py:208} INFO - Processing /opt/airflow/dags/dss150p_pipeline.py took 0.074 seconds
[2026-09-23T11:40:23.723+0000] {processor.py:186} INFO - Started process (PID=290) to work on /opt/airflow/dags/dss150p_pipeline.py
[2026-09-23T11:40:23.724+0000] {processor.py:914} INFO - Processing file /opt/airflow/dags/dss150p_pipeline.py for tasks to queue
[2026-09-23T11:40:23.726+0000] {logging_mixin.py:190} INFO - [2026-09-23T11:40:23.726+0000] {dagbag.py:588} INFO - Filling up the DagBag from /opt/airflow/dags/dss150p_pipeline.py
[2026-09-23T11:40:23.741+0000] {processor.py:925} INFO - DAG(s) 'dss150p_sales_pipeline' retrieved from /opt/airflow/dags/dss150p_pipeline.py
[2026-09-23T11:40:23.770+0000] {logging_mixin.py:190} INFO - [2026-09-23T11:40:23.770+0000] {dag.py:3239} INFO - Sync 1 DAGs
[2026-09-23T11:40:23.781+0000] {logging_mixin.py:190} INFO - [2026-09-23T11:40:23.781+0000] {dag.py:4180} INFO - Setting next_dagrun for dss150p_sales_pipeline to 2026-09-22 02:00:00+00:00, run_after=2026-09-23 02:00:00+00:00
[2026-09-23T11:40:23.791+0000] {processor.py:208} INFO - Processing /opt/airflow/dags/dss150p_pipeline.py took 0.073 seconds
[2026-09-23T11:40:53.892+0000] {processor.py:186} INFO - Started process (PID=295) to work on /opt/airflow/dags/dss150p_pipeline.py
[2026-09-23T11:40:53.893+0000] {processor.py:914} INFO - Processing file /opt/airflow/dags/dss150p_pipeline.py for tasks to queue
[2026-09-23T11:40:53.895+0000] {logging_mixin.py:190} INFO - [2026-09-23T11:40:53.895+0000] {dagbag.py:588} INFO - Filling up the DagBag from /opt/airflow/dags/dss150p_pipeline.py
[2026-09-23T11:40:53.910+0000] {processor.py:925} INFO - DAG(s) 'dss150p_sales_pipeline' retrieved from /opt/airflow/dags/dss150p_pipeline.py
[2026-09-23T11:40:53.938+0000] {logging_mixin.py:190} INFO - [2026-09-23T11:40:53.938+0000] {dag.py:3239} INFO - Sync 1 DAGs
[2026-09-23T11:40:53.950+0000] {logging_mixin.py:190} INFO - [2026-09-23T11:40:53.950+0000] {dag.py:4180} INFO - Setting next_dagrun for dss150p_sales_pipeline to 2026-09-22 02:00:00+00:00, run_after=2026-09-23 02:00:00+00:00
[2026-09-23T11:40:53.960+0000] {processor.py:208} INFO - Processing /opt/airflow/dags/dss150p_pipeline.py took 0.073 seconds
[2026-09-23T11:41:24.045+0000] {processor.py:186} INFO - Started process (PID=300) to work on /opt/airflow/dags/dss150p_pipeline.py
[2026-09-23T11:41:24.046+0000] {processor.py:914} INFO - Processing file /opt/airflow/dags/dss150p_pipeline.py for tasks to queue
[2026-09-23T11:41:24.047+0000] {logging_mixin.py:190} INFO - [2026-09-23T11:41:24.047+0000] {dagbag.py:588} INFO - Filling up the DagBag from /opt/airflow/dags/dss150p_pipeline.py
[2026-09-23T11:41:24.064+0000] {processor.py:925} INFO - DAG(s) 'dss150p_sales_pipeline' retrieved from /opt/airflow/dags/dss150p_pipeline.py
[2026-09-23T11:41:24.094+0000] {logging_mixin.py:190} INFO - [2026-09-23T11:41:24.094+0000] {dag.py:3239} INFO - Sync 1 DAGs
[2026-09-23T11:41:24.106+0000] {logging_mixin.py:190} INFO - [2026-09-23T11:41:24.106+0000] {dag.py:4180} INFO - Setting next_dagrun for dss150p_sales_pipeline to 2026-09-22 02:00:00+00:00, run_after=2026-09-23 02:00:00+00:00
[2026-09-23T11:41:24.124+0000] {processor.py:208} INFO - Processing /opt/airflow/dags/dss150p_pipeline.py took 0.085 seconds
[2026-09-23T11:41:54.217+0000] {processor.py:186} INFO - Started process (PID=305) to work on /opt/airflow/dags/dss150p_pipeline.py
[2026-09-23T11:41:54.218+0000] {processor.py:914} INFO - Processing file /opt/airflow/dags/dss150p_pipeline.py for tasks to queue
[2026-09-23T11:41:54.220+0000] {logging_mixin.py:190} INFO - [2026-09-23T11:41:54.220+0000] {dagbag.py:588} INFO - Filling up the DagBag from /opt/airflow/dags/dss150p_pipeline.py
[2026-09-23T11:41:54.236+0000] {processor.py:925} INFO - DAG(s) 'dss150p_sales_pipeline' retrieved from /opt/airflow/dags/dss150p_pipeline.py
[2026-09-23T11:41:54.264+0000] {logging_mixin.py:190} INFO - [2026-09-23T11:41:54.264+0000] {dag.py:3239} INFO - Sync 1 DAGs
[2026-09-23T11:41:54.276+0000] {logging_mixin.py:190} INFO - [2026-09-23T11:41:54.276+0000] {dag.py:4180} INFO - Setting next_dagrun for dss150p_sales_pipeline to 2026-09-22 02:00:00+00:00, run_after=2026-09-23 02:00:00+00:00
[2026-09-23T11:41:54.294+0000] {processor.py:208} INFO - Processing /opt/airflow/dags/dss150p_pipeline.py took 0.081 seconds
[2026-09-23T11:42:24.384+0000] {processor.py:186} INFO - Started process (PID=310) to work on /opt/airflow/dags/dss150p_pipeline.py
[2026-09-23T11:42:24.385+0000] {processor.py:914} INFO - Processing file /opt/airflow/dags/dss150p_pipeline.py for tasks to queue
[2026-09-23T11:42:24.387+0000] {logging_mixin.py:190} INFO - [2026-09-23T11:42:24.387+0000] {dagbag.py:588} INFO - Filling up the DagBag from /opt/airflow/dags/dss150p_pipeline.py
[2026-09-23T11:42:24.403+0000] {processor.py:925} INFO - DAG(s) 'dss150p_sales_pipeline' retrieved from /opt/airflow/dags/dss150p_pipeline.py
[2026-09-23T11:42:24.433+0000] {logging_mixin.py:190} INFO - [2026-09-23T11:42:24.433+0000] {dag.py:3239} INFO - Sync 1 DAGs
[2026-09-23T11:42:24.446+0000] {logging_mixin.py:190} INFO - [2026-09-23T11:42:24.446+0000] {dag.py:4180} INFO - Setting next_dagrun for dss150p_sales_pipeline to 2026-09-22 02:00:00+00:00, run_after=2026-09-23 02:00:00+00:00
[2026-09-23T11:42:24.456+0000] {processor.py:208} INFO - Processing /opt/airflow/dags/dss150p_pipeline.py took 0.077 seconds
[2026-09-23T11:42:54.549+0000] {processor.py:186} INFO - Started process (PID=315) to work on /opt/airflow/dags/dss150p_pipeline.py
[2026-09-23T11:42:54.549+0000] {processor.py:914} INFO - Processing file /opt/airflow/dags/dss150p_pipeline.py for tasks to queue
[2026-09-23T11:42:54.551+0000] {logging_mixin.py:190} INFO - [2026-09-23T11:42:54.551+0000] {dagbag.py:588} INFO - Filling up the DagBag from /opt/airflow/dags/dss150p_pipeline.py
[2026-09-23T11:42:54.567+0000] {processor.py:925} INFO - DAG(s) 'dss150p_sales_pipeline' retrieved from /opt/airflow/dags/dss150p_pipeline.py
[2026-09-23T11:42:54.595+0000] {logging_mixin.py:190} INFO - [2026-09-23T11:42:54.595+0000] {dag.py:3239} INFO - Sync 1 DAGs
[2026-09-23T11:42:54.607+0000] {logging_mixin.py:190} INFO - [2026-09-23T11:42:54.607+0000] {dag.py:4180} INFO - Setting next_dagrun for dss150p_sales_pipeline to 2026-09-22 02:00:00+00:00, run_after=2026-09-23 02:00:00+00:00
[2026-09-23T11:42:54.617+0000] {processor.py:208} INFO - Processing /opt/airflow/dags/dss150p_pipeline.py took 0.073 seconds
[2026-09-23T11:43:24.716+0000] {processor.py:186} INFO - Started process (PID=320) to work on /opt/airflow/dags/dss150p_pipeline.py
[2026-09-23T11:43:24.717+0000] {processor.py:914} INFO - Processing file /opt/airflow/dags/dss150p_pipeline.py for tasks to queue
[2026-09-23T11:43:24.719+0000] {logging_mixin.py:190} INFO - [2026-09-23T11:43:24.718+0000] {dagbag.py:588} INFO - Filling up the DagBag from /opt/airflow/dags/dss150p_pipeline.py
[2026-09-23T11:43:24.735+0000] {processor.py:925} INFO - DAG(s) 'dss150p_sales_pipeline' retrieved from /opt/airflow/dags/dss150p_pipeline.py
[2026-09-23T11:43:24.764+0000] {logging_mixin.py:190} INFO - [2026-09-23T11:43:24.764+0000] {dag.py:3239} INFO - Sync 1 DAGs
[2026-09-23T11:43:24.777+0000] {logging_mixin.py:190} INFO - [2026-09-23T11:43:24.777+0000] {dag.py:4180} INFO - Setting next_dagrun for dss150p_sales_pipeline to 2026-09-22 02:00:00+00:00, run_after=2026-09-23 02:00:00+00:00
[2026-09-23T11:43:24.796+0000] {processor.py:208} INFO - Processing /opt/airflow/dags/dss150p_pipeline.py took 0.086 seconds
[2026-09-23T11:43:54.890+0000] {processor.py:186} INFO - Started process (PID=325) to work on /opt/airflow/dags/dss150p_pipeline.py
[2026-09-23T11:43:54.891+0000] {processor.py:914} INFO - Processing file /opt/airflow/dags/dss150p_pipeline.py for tasks to queue
[2026-09-23T11:43:54.893+0000] {logging_mixin.py:190} INFO - [2026-09-23T11:43:54.893+0000] {dagbag.py:588} INFO - Filling up the DagBag from /opt/airflow/dags/dss150p_pipeline.py
[2026-09-23T11:43:54.909+0000] {processor.py:925} INFO - DAG(s) 'dss150p_sales_pipeline' retrieved from /opt/airflow/dags/dss150p_pipeline.py
[2026-09-23T11:43:54.938+0000] {logging_mixin.py:190} INFO - [2026-09-23T11:43:54.938+0000] {dag.py:3239} INFO - Sync 1 DAGs
[2026-09-23T11:43:54.949+0000] {logging_mixin.py:190} INFO - [2026-09-23T11:43:54.949+0000] {dag.py:4180} INFO - Setting next_dagrun for dss150p_sales_pipeline to 2026-09-22 02:00:00+00:00, run_after=2026-09-23 02:00:00+00:00
[2026-09-23T11:43:54.958+0000] {processor.py:208} INFO - Processing /opt/airflow/dags/dss150p_pipeline.py took 0.073 seconds
[2026-09-23T11:44:25.051+0000] {processor.py:186} INFO - Started process (PID=330) to work on /opt/airflow/dags/dss150p_pipeline.py
[2026-09-23T11:44:25.052+0000] {processor.py:914} INFO - Processing file /opt/airflow/dags/dss150p_pipeline.py for tasks to queue
[2026-09-23T11:44:25.053+0000] {logging_mixin.py:190} INFO - [2026-09-23T11:44:25.053+0000] {dagbag.py:588} INFO - Filling up the DagBag from /opt/airflow/dags/dss150p_pipeline.py
[2026-09-23T11:44:25.069+0000] {processor.py:925} INFO - DAG(s) 'dss150p_sales_pipeline' retrieved from /opt/airflow/dags/dss150p_pipeline.py
[2026-09-23T11:44:25.097+0000] {logging_mixin.py:190} INFO - [2026-09-23T11:44:25.097+0000] {dag.py:3239} INFO - Sync 1 DAGs
[2026-09-23T11:44:25.108+0000] {logging_mixin.py:190} INFO - [2026-09-23T11:44:25.108+0000] {dag.py:4180} INFO - Setting next_dagrun for dss150p_sales_pipeline to 2026-09-22 02:00:00+00:00, run_after=2026-09-23 02:00:00+00:00
[2026-09-23T11:44:25.127+0000] {processor.py:208} INFO - Processing /opt/airflow/dags/dss150p_pipeline.py took 0.081 seconds
[2026-09-23T11:44:55.223+0000] {processor.py:186} INFO - Started process (PID=335) to work on /opt/airflow/dags/dss150p_pipeline.py
[2026-09-23T11:44:55.224+0000] {processor.py:914} INFO - Processing file /opt/airflow/dags/dss150p_pipeline.py for tasks to queue
[2026-09-23T11:44:55.226+0000] {logging_mixin.py:190} INFO - [2026-09-23T11:44:55.226+0000] {dagbag.py:588} INFO - Filling up the DagBag from /opt/airflow/dags/dss150p_pipeline.py
[2026-09-23T11:44:55.244+0000] {processor.py:925} INFO - DAG(s) 'dss150p_sales_pipeline' retrieved from /opt/airflow/dags/dss150p_pipeline.py
[2026-09-23T11:44:55.276+0000] {logging_mixin.py:190} INFO - [2026-09-23T11:44:55.276+0000] {dag.py:3239} INFO - Sync 1 DAGs
[2026-09-23T11:44:55.289+0000] {logging_mixin.py:190} INFO - [2026-09-23T11:44:55.289+0000] {dag.py:4180} INFO - Setting next_dagrun for dss150p_sales_pipeline to 2026-09-22 02:00:00+00:00, run_after=2026-09-23 02:00:00+00:00
[2026-09-23T11:44:55.309+0000] {processor.py:208} INFO - Processing /opt/airflow/dags/dss150p_pipeline.py took 0.092 seconds
[2026-09-23T11:45:25.403+0000] {processor.py:186} INFO - Started process (PID=340) to work on /opt/airflow/dags/dss150p_pipeline.py
[2026-09-23T11:45:25.404+0000] {processor.py:914} INFO - Processing file /opt/airflow/dags/dss150p_pipeline.py for tasks to queue
[2026-09-23T11:45:25.406+0000] {logging_mixin.py:190} INFO - [2026-09-23T11:45:25.406+0000] {dagbag.py:588} INFO - Filling up the DagBag from /opt/airflow/dags/dss150p_pipeline.py
[2026-09-23T11:45:25.424+0000] {processor.py:925} INFO - DAG(s) 'dss150p_sales_pipeline' retrieved from /opt/airflow/dags/dss150p_pipeline.py
[2026-09-23T11:45:25.457+0000] {logging_mixin.py:190} INFO - [2026-09-23T11:45:25.457+0000] {dag.py:3239} INFO - Sync 1 DAGs
[2026-09-23T11:45:25.470+0000] {logging_mixin.py:190} INFO - [2026-09-23T11:45:25.470+0000] {dag.py:4180} INFO - Setting next_dagrun for dss150p_sales_pipeline to 2026-09-22 02:00:00+00:00, run_after=2026-09-23 02:00:00+00:00
[2026-09-23T11:45:25.481+0000] {processor.py:208} INFO - Processing /opt/airflow/dags/dss150p_pipeline.py took 0.085 seconds
[2026-09-23T11:45:55.586+0000] {processor.py:186} INFO - Started process (PID=345) to work on /opt/airflow/dags/dss150p_pipeline.py
[2026-09-23T11:45:55.587+0000] {processor.py:914} INFO - Processing file /opt/airflow/dags/dss150p_pipeline.py for tasks to queue
[2026-09-23T11:45:55.589+0000] {logging_mixin.py:190} INFO - [2026-09-23T11:45:55.588+0000] {dagbag.py:588} INFO - Filling up the DagBag from /opt/airflow/dags/dss150p_pipeline.py
[2026-09-23T11:45:55.605+0000] {processor.py:925} INFO - DAG(s) 'dss150p_sales_pipeline' retrieved from /opt/airflow/dags/dss150p_pipeline.py
[2026-09-23T11:45:55.637+0000] {logging_mixin.py:190} INFO - [2026-09-23T11:45:55.636+0000] {dag.py:3239} INFO - Sync 1 DAGs
[2026-09-23T11:45:55.649+0000] {logging_mixin.py:190} INFO - [2026-09-23T11:45:55.649+0000] {dag.py:4180} INFO - Setting next_dagrun for dss150p_sales_pipeline to 2026-09-22 02:00:00+00:00, run_after=2026-09-23 02:00:00+00:00
[2026-09-23T11:45:55.660+0000] {processor.py:208} INFO - Processing /opt/airflow/dags/dss150p_pipeline.py took 0.079 seconds
[2026-09-23T11:46:25.747+0000] {processor.py:186} INFO - Started process (PID=350) to work on /opt/airflow/dags/dss150p_pipeline.py
[2026-09-23T11:46:25.748+0000] {processor.py:914} INFO - Processing file /opt/airflow/dags/dss150p_pipeline.py for tasks to queue
[2026-09-23T11:46:25.750+0000] {logging_mixin.py:190} INFO - [2026-09-23T11:46:25.749+0000] {dagbag.py:588} INFO - Filling up the DagBag from /opt/airflow/dags/dss150p_pipeline.py
[2026-09-23T11:46:25.767+0000] {processor.py:925} INFO - DAG(s) 'dss150p_sales_pipeline' retrieved from /opt/airflow/dags/dss150p_pipeline.py
[2026-09-23T11:46:25.796+0000] {logging_mixin.py:190} INFO - [2026-09-23T11:46:25.796+0000] {dag.py:3239} INFO - Sync 1 DAGs
[2026-09-23T11:46:25.808+0000] {logging_mixin.py:190} INFO - [2026-09-23T11:46:25.808+0000] {dag.py:4180} INFO - Setting next_dagrun for dss150p_sales_pipeline to 2026-09-22 02:00:00+00:00, run_after=2026-09-23 02:00:00+00:00
[2026-09-23T11:46:25.820+0000] {processor.py:208} INFO - Processing /opt/airflow/dags/dss150p_pipeline.py took 0.078 seconds
[2026-09-23T11:46:55.913+0000] {processor.py:186} INFO - Started process (PID=355) to work on /opt/airflow/dags/dss150p_pipeline.py
[2026-09-23T11:46:55.914+0000] {processor.py:914} INFO - Processing file /opt/airflow/dags/dss150p_pipeline.py for tasks to queue
[2026-09-23T11:46:55.916+0000] {logging_mixin.py:190} INFO - [2026-09-23T11:46:55.916+0000] {dagbag.py:588} INFO - Filling up the DagBag from /opt/airflow/dags/dss150p_pipeline.py
[2026-09-23T11:46:55.932+0000] {processor.py:925} INFO - DAG(s) 'dss150p_sales_pipeline' retrieved from /opt/airflow/dags/dss150p_pipeline.py
[2026-09-23T11:46:55.961+0000] {logging_mixin.py:190} INFO - [2026-09-23T11:46:55.961+0000] {dag.py:3239} INFO - Sync 1 DAGs
[2026-09-23T11:46:55.973+0000] {logging_mixin.py:190} INFO - [2026-09-23T11:46:55.973+0000] {dag.py:4180} INFO - Setting next_dagrun for dss150p_sales_pipeline to 2026-09-22 02:00:00+00:00, run_after=2026-09-23 02:00:00+00:00
[2026-09-23T11:46:55.992+0000] {processor.py:208} INFO - Processing /opt/airflow/dags/dss150p_pipeline.py took 0.083 seconds
[2026-09-23T11:47:26.087+0000] {processor.py:186} INFO - Started process (PID=360) to work on /opt/airflow/dags/dss150p_pipeline.py
[2026-09-23T11:47:26.088+0000] {processor.py:914} INFO - Processing file /opt/airflow/dags/dss150p_pipeline.py for tasks to queue
[2026-09-23T11:47:26.090+0000] {logging_mixin.py:190} INFO - [2026-09-23T11:47:26.090+0000] {dagbag.py:588} INFO - Filling up the DagBag from /opt/airflow/dags/dss150p_pipeline.py
[2026-09-23T11:47:26.106+0000] {processor.py:925} INFO - DAG(s) 'dss150p_sales_pipeline' retrieved from /opt/airflow/dags/dss150p_pipeline.py
[2026-09-23T11:47:26.136+0000] {logging_mixin.py:190} INFO - [2026-09-23T11:47:26.136+0000] {dag.py:3239} INFO - Sync 1 DAGs
[2026-09-23T11:47:26.147+0000] {logging_mixin.py:190} INFO - [2026-09-23T11:47:26.147+0000] {dag.py:4180} INFO - Setting next_dagrun for dss150p_sales_pipeline to 2026-09-22 02:00:00+00:00, run_after=2026-09-23 02:00:00+00:00
[2026-09-23T11:47:26.158+0000] {processor.py:208} INFO - Processing /opt/airflow/dags/dss150p_pipeline.py took 0.076 seconds
[2026-09-23T11:47:56.260+0000] {processor.py:186} INFO - Started process (PID=365) to work on /opt/airflow/dags/dss150p_pipeline.py
[2026-09-23T11:47:56.261+0000] {processor.py:914} INFO - Processing file /opt/airflow/dags/dss150p_pipeline.py for tasks to queue
[2026-09-23T11:47:56.263+0000] {logging_mixin.py:190} INFO - [2026-09-23T11:47:56.263+0000] {dagbag.py:588} INFO - Filling up the DagBag from /opt/airflow/dags/dss150p_pipeline.py
[2026-09-23T11:47:56.281+0000] {processor.py:925} INFO - DAG(s) 'dss150p_sales_pipeline' retrieved from /opt/airflow/dags/dss150p_pipeline.py
[2026-09-23T11:47:56.311+0000] {logging_mixin.py:190} INFO - [2026-09-23T11:47:56.311+0000] {dag.py:3239} INFO - Sync 1 DAGs
[2026-09-23T11:47:56.324+0000] {logging_mixin.py:190} INFO - [2026-09-23T11:47:56.324+0000] {dag.py:4180} INFO - Setting next_dagrun for dss150p_sales_pipeline to 2026-09-22 02:00:00+00:00, run_after=2026-09-23 02:00:00+00:00
[2026-09-23T11:47:56.334+0000] {processor.py:208} INFO - Processing /opt/airflow/dags/dss150p_pipeline.py took 0.079 seconds
[2026-09-23T11:48:26.417+0000] {processor.py:186} INFO - Started process (PID=370) to work on /opt/airflow/dags/dss150p_pipeline.py
[2026-09-23T11:48:26.418+0000] {processor.py:914} INFO - Processing file /opt/airflow/dags/dss150p_pipeline.py for tasks to queue
[2026-09-23T11:48:26.419+0000] {logging_mixin.py:190} INFO - [2026-09-23T11:48:26.419+0000] {dagbag.py:588} INFO - Filling up the DagBag from /opt/airflow/dags/dss150p_pipeline.py
[2026-09-23T11:48:26.435+0000] {processor.py:925} INFO - DAG(s) 'dss150p_sales_pipeline' retrieved from /opt/airflow/dags/dss150p_pipeline.py
[2026-09-23T11:48:26.465+0000] {logging_mixin.py:190} INFO - [2026-09-23T11:48:26.465+0000] {dag.py:3239} INFO - Sync 1 DAGs
[2026-09-23T11:48:26.477+0000] {logging_mixin.py:190} INFO - [2026-09-23T11:48:26.477+0000] {dag.py:4180} INFO - Setting next_dagrun for dss150p_sales_pipeline to 2026-09-22 02:00:00+00:00, run_after=2026-09-23 02:00:00+00:00
[2026-09-23T11:48:26.487+0000] {processor.py:208} INFO - Processing /opt/airflow/dags/dss150p_pipeline.py took 0.075 seconds
[2026-09-23T11:48:56.619+0000] {processor.py:186} INFO - Started process (PID=375) to work on /opt/airflow/dags/dss150p_pipeline.py
[2026-09-23T11:48:56.620+0000] {processor.py:914} INFO - Processing file /opt/airflow/dags/dss150p_pipeline.py for tasks to queue
[2026-09-23T11:48:56.622+0000] {logging_mixin.py:190} INFO - [2026-09-23T11:48:56.622+0000] {dagbag.py:588} INFO - Filling up the DagBag from /opt/airflow/dags/dss150p_pipeline.py
[2026-09-23T11:48:56.638+0000] {processor.py:925} INFO - DAG(s) 'dss150p_sales_pipeline' retrieved from /opt/airflow/dags/dss150p_pipeline.py
[2026-09-23T11:48:56.667+0000] {logging_mixin.py:190} INFO - [2026-09-23T11:48:56.666+0000] {dag.py:3239} INFO - Sync 1 DAGs
[2026-09-23T11:48:56.679+0000] {logging_mixin.py:190} INFO - [2026-09-23T11:48:56.679+0000] {dag.py:4180} INFO - Setting next_dagrun for dss150p_sales_pipeline to 2026-09-22 02:00:00+00:00, run_after=2026-09-23 02:00:00+00:00
[2026-09-23T11:48:56.689+0000] {processor.py:208} INFO - Processing /opt/airflow/dags/dss150p_pipeline.py took 0.074 seconds
[2026-09-23T11:49:26.769+0000] {processor.py:186} INFO - Started process (PID=380) to work on /opt/airflow/dags/dss150p_pipeline.py
[2026-09-23T11:49:26.769+0000] {processor.py:914} INFO - Processing file /opt/airflow/dags/dss150p_pipeline.py for tasks to queue
[2026-09-23T11:49:26.771+0000] {logging_mixin.py:190} INFO - [2026-09-23T11:49:26.771+0000] {dagbag.py:588} INFO - Filling up the DagBag from /opt/airflow/dags/dss150p_pipeline.py
[2026-09-23T11:49:26.788+0000] {processor.py:925} INFO - DAG(s) 'dss150p_sales_pipeline' retrieved from /opt/airflow/dags/dss150p_pipeline.py
[2026-09-23T11:49:26.817+0000] {logging_mixin.py:190} INFO - [2026-09-23T11:49:26.816+0000] {dag.py:3239} INFO - Sync 1 DAGs
[2026-09-23T11:49:26.828+0000] {logging_mixin.py:190} INFO - [2026-09-23T11:49:26.828+0000] {dag.py:4180} INFO - Setting next_dagrun for dss150p_sales_pipeline to 2026-09-22 02:00:00+00:00, run_after=2026-09-23 02:00:00+00:00
[2026-09-23T11:49:26.838+0000] {processor.py:208} INFO - Processing /opt/airflow/dags/dss150p_pipeline.py took 0.074 seconds
[2026-09-23T11:49:56.944+0000] {processor.py:186} INFO - Started process (PID=385) to work on /opt/airflow/dags/dss150p_pipeline.py
[2026-09-23T11:49:56.945+0000] {processor.py:914} INFO - Processing file /opt/airflow/dags/dss150p_pipeline.py for tasks to queue
[2026-09-23T11:49:56.947+0000] {logging_mixin.py:190} INFO - [2026-09-23T11:49:56.947+0000] {dagbag.py:588} INFO - Filling up the DagBag from /opt/airflow/dags/dss150p_pipeline.py
[2026-09-23T11:49:56.963+0000] {processor.py:925} INFO - DAG(s) 'dss150p_sales_pipeline' retrieved from /opt/airflow/dags/dss150p_pipeline.py
[2026-09-23T11:49:56.992+0000] {logging_mixin.py:190} INFO - [2026-09-23T11:49:56.992+0000] {dag.py:3239} INFO - Sync 1 DAGs
[2026-09-23T11:49:57.004+0000] {logging_mixin.py:190} INFO - [2026-09-23T11:49:57.004+0000] {dag.py:4180} INFO - Setting next_dagrun for dss150p_sales_pipeline to 2026-09-22 02:00:00+00:00, run_after=2026-09-23 02:00:00+00:00
[2026-09-23T11:49:57.014+0000] {processor.py:208} INFO - Processing /opt/airflow/dags/dss150p_pipeline.py took 0.074 seconds
[2026-09-23T11:50:27.091+0000] {processor.py:186} INFO - Started process (PID=390) to work on /opt/airflow/dags/dss150p_pipeline.py
[2026-09-23T11:50:27.092+0000] {processor.py:914} INFO - Processing file /opt/airflow/dags/dss150p_pipeline.py for tasks to queue
[2026-09-23T11:50:27.095+0000] {logging_mixin.py:190} INFO - [2026-09-23T11:50:27.094+0000] {dagbag.py:588} INFO - Filling up the DagBag from /opt/airflow/dags/dss150p_pipeline.py
[2026-09-23T11:50:27.110+0000] {processor.py:925} INFO - DAG(s) 'dss150p_sales_pipeline' retrieved from /opt/airflow/dags/dss150p_pipeline.py
[2026-09-23T11:50:27.138+0000] {logging_mixin.py:190} INFO - [2026-09-23T11:50:27.138+0000] {dag.py:3239} INFO - Sync 1 DAGs
[2026-09-23T11:50:27.150+0000] {logging_mixin.py:190} INFO - [2026-09-23T11:50:27.150+0000] {dag.py:4180} INFO - Setting next_dagrun for dss150p_sales_pipeline to 2026-09-22 02:00:00+00:00, run_after=2026-09-23 02:00:00+00:00
[2026-09-23T11:50:27.160+0000] {processor.py:208} INFO - Processing /opt/airflow/dags/dss150p_pipeline.py took 0.073 seconds
[2026-09-23T11:50:57.267+0000] {processor.py:186} INFO - Started process (PID=395) to work on /opt/airflow/dags/dss150p_pipeline.py
[2026-09-23T11:50:57.268+0000] {processor.py:914} INFO - Processing file /opt/airflow/dags/dss150p_pipeline.py for tasks to queue
[2026-09-23T11:50:57.270+0000] {logging_mixin.py:190} INFO - [2026-09-23T11:50:57.270+0000] {dagbag.py:588} INFO - Filling up the DagBag from /opt/airflow/dags/dss150p_pipeline.py
[2026-09-23T11:50:57.286+0000] {processor.py:925} INFO - DAG(s) 'dss150p_sales_pipeline' retrieved from /opt/airflow/dags/dss150p_pipeline.py
[2026-09-23T11:50:57.314+0000] {logging_mixin.py:190} INFO - [2026-09-23T11:50:57.314+0000] {dag.py:3239} INFO - Sync 1 DAGs
[2026-09-23T11:50:57.326+0000] {logging_mixin.py:190} INFO - [2026-09-23T11:50:57.326+0000] {dag.py:4180} INFO - Setting next_dagrun for dss150p_sales_pipeline to 2026-09-22 02:00:00+00:00, run_after=2026-09-23 02:00:00+00:00
[2026-09-23T11:50:57.336+0000] {processor.py:208} INFO - Processing /opt/airflow/dags/dss150p_pipeline.py took 0.073 seconds
[2026-09-23T11:51:27.419+0000] {processor.py:186} INFO - Started process (PID=400) to work on /opt/airflow/dags/dss150p_pipeline.py
[2026-09-23T11:51:27.420+0000] {processor.py:914} INFO - Processing file /opt/airflow/dags/dss150p_pipeline.py for tasks to queue
[2026-09-23T11:51:27.422+0000] {logging_mixin.py:190} INFO - [2026-09-23T11:51:27.421+0000] {dagbag.py:588} INFO - Filling up the DagBag from /opt/airflow/dags/dss150p_pipeline.py
[2026-09-23T11:51:27.439+0000] {processor.py:925} INFO - DAG(s) 'dss150p_sales_pipeline' retrieved from /opt/airflow/dags/dss150p_pipeline.py
[2026-09-23T11:51:27.468+0000] {logging_mixin.py:190} INFO - [2026-09-23T11:51:27.468+0000] {dag.py:3239} INFO - Sync 1 DAGs
[2026-09-23T11:51:27.480+0000] {logging_mixin.py:190} INFO - [2026-09-23T11:51:27.479+0000] {dag.py:4180} INFO - Setting next_dagrun for dss150p_sales_pipeline to 2026-09-22 02:00:00+00:00, run_after=2026-09-23 02:00:00+00:00
[2026-09-23T11:51:27.490+0000] {processor.py:208} INFO - Processing /opt/airflow/dags/dss150p_pipeline.py took 0.077 seconds
[2026-09-23T11:51:57.589+0000] {processor.py:186} INFO - Started process (PID=405) to work on /opt/airflow/dags/dss150p_pipeline.py
[2026-09-23T11:51:57.590+0000] {processor.py:914} INFO - Processing file /opt/airflow/dags/dss150p_pipeline.py for tasks to queue
[2026-09-23T11:51:57.592+0000] {logging_mixin.py:190} INFO - [2026-09-23T11:51:57.592+0000] {dagbag.py:588} INFO - Filling up the DagBag from /opt/airflow/dags/dss150p_pipeline.py
[2026-09-23T11:51:57.607+0000] {processor.py:925} INFO - DAG(s) 'dss150p_sales_pipeline' retrieved from /opt/airflow/dags/dss150p_pipeline.py
[2026-09-23T11:51:57.637+0000] {logging_mixin.py:190} INFO - [2026-09-23T11:51:57.637+0000] {dag.py:3239} INFO - Sync 1 DAGs
[2026-09-23T11:51:57.650+0000] {logging_mixin.py:190} INFO - [2026-09-23T11:51:57.650+0000] {dag.py:4180} INFO - Setting next_dagrun for dss150p_sales_pipeline to 2026-09-22 02:00:00+00:00, run_after=2026-09-23 02:00:00+00:00
[2026-09-23T11:51:57.669+0000] {processor.py:208} INFO - Processing /opt/airflow/dags/dss150p_pipeline.py took 0.086 seconds
[2026-09-23T11:52:27.743+0000] {processor.py:186} INFO - Started process (PID=410) to work on /opt/airflow/dags/dss150p_pipeline.py
[2026-09-23T11:52:27.744+0000] {processor.py:914} INFO - Processing file /opt/airflow/dags/dss150p_pipeline.py for tasks to queue
[2026-09-23T11:52:27.746+0000] {logging_mixin.py:190} INFO - [2026-09-23T11:52:27.746+0000] {dagbag.py:588} INFO - Filling up the DagBag from /opt/airflow/dags/dss150p_pipeline.py
[2026-09-23T11:52:27.762+0000] {processor.py:925} INFO - DAG(s) 'dss150p_sales_pipeline' retrieved from /opt/airflow/dags/dss150p_pipeline.py
[2026-09-23T11:52:27.794+0000] {logging_mixin.py:190} INFO - [2026-09-23T11:52:27.793+0000] {dag.py:3239} INFO - Sync 1 DAGs
[2026-09-23T11:52:27.807+0000] {logging_mixin.py:190} INFO - [2026-09-23T11:52:27.806+0000] {dag.py:4180} INFO - Setting next_dagrun for dss150p_sales_pipeline to 2026-09-22 02:00:00+00:00, run_after=2026-09-23 02:00:00+00:00
[2026-09-23T11:52:27.817+0000] {processor.py:208} INFO - Processing /opt/airflow/dags/dss150p_pipeline.py took 0.079 seconds
[2026-09-23T11:52:57.930+0000] {processor.py:186} INFO - Started process (PID=415) to work on /opt/airflow/dags/dss150p_pipeline.py
[2026-09-23T11:52:57.931+0000] {processor.py:914} INFO - Processing file /opt/airflow/dags/dss150p_pipeline.py for tasks to queue
[2026-09-23T11:52:57.933+0000] {logging_mixin.py:190} INFO - [2026-09-23T11:52:57.933+0000] {dagbag.py:588} INFO - Filling up the DagBag from /opt/airflow/dags/dss150p_pipeline.py
[2026-09-23T11:52:57.948+0000] {processor.py:925} INFO - DAG(s) 'dss150p_sales_pipeline' retrieved from /opt/airflow/dags/dss150p_pipeline.py
[2026-09-23T11:52:57.978+0000] {logging_mixin.py:190} INFO - [2026-09-23T11:52:57.977+0000] {dag.py:3239} INFO - Sync 1 DAGs
[2026-09-23T11:52:57.990+0000] {logging_mixin.py:190} INFO - [2026-09-23T11:52:57.990+0000] {dag.py:4180} INFO - Setting next_dagrun for dss150p_sales_pipeline to 2026-09-22 02:00:00+00:00, run_after=2026-09-23 02:00:00+00:00
[2026-09-23T11:52:58.001+0000] {processor.py:208} INFO - Processing /opt/airflow/dags/dss150p_pipeline.py took 0.075 seconds
[2026-09-23T11:53:28.078+0000] {processor.py:186} INFO - Started process (PID=420) to work on /opt/airflow/dags/dss150p_pipeline.py
[2026-09-23T11:53:28.078+0000] {processor.py:914} INFO - Processing file /opt/airflow/dags/dss150p_pipeline.py for tasks to queue
[2026-09-23T11:53:28.080+0000] {logging_mixin.py:190} INFO - [2026-09-23T11:53:28.080+0000] {dagbag.py:588} INFO - Filling up the DagBag from /opt/airflow/dags/dss150p_pipeline.py
[2026-09-23T11:53:28.096+0000] {processor.py:925} INFO - DAG(s) 'dss150p_sales_pipeline' retrieved from /opt/airflow/dags/dss150p_pipeline.py
[2026-09-23T11:53:28.124+0000] {logging_mixin.py:190} INFO - [2026-09-23T11:53:28.124+0000] {dag.py:3239} INFO - Sync 1 DAGs
[2026-09-23T11:53:28.135+0000] {logging_mixin.py:190} INFO - [2026-09-23T11:53:28.135+0000] {dag.py:4180} INFO - Setting next_dagrun for dss150p_sales_pipeline to 2026-09-22 02:00:00+00:00, run_after=2026-09-23 02:00:00+00:00
[2026-09-23T11:53:28.146+0000] {processor.py:208} INFO - Processing /opt/airflow/dags/dss150p_pipeline.py took 0.073 seconds
[2026-09-23T11:53:58.286+0000] {processor.py:186} INFO - Started process (PID=425) to work on /opt/airflow/dags/dss150p_pipeline.py
[2026-09-23T11:53:58.286+0000] {processor.py:914} INFO - Processing file /opt/airflow/dags/dss150p_pipeline.py for tasks to queue
[2026-09-23T11:53:58.288+0000] {logging_mixin.py:190} INFO - [2026-09-23T11:53:58.288+0000] {dagbag.py:588} INFO - Filling up the DagBag from /opt/airflow/dags/dss150p_pipeline.py
[2026-09-23T11:53:58.304+0000] {processor.py:925} INFO - DAG(s) 'dss150p_sales_pipeline' retrieved from /opt/airflow/dags/dss150p_pipeline.py
[2026-09-23T11:53:58.332+0000] {logging_mixin.py:190} INFO - [2026-09-23T11:53:58.332+0000] {dag.py:3239} INFO - Sync 1 DAGs
[2026-09-23T11:53:58.344+0000] {logging_mixin.py:190} INFO - [2026-09-23T11:53:58.344+0000] {dag.py:4180} INFO - Setting next_dagrun for dss150p_sales_pipeline to 2026-09-22 02:00:00+00:00, run_after=2026-09-23 02:00:00+00:00
[2026-09-23T11:53:58.353+0000] {processor.py:208} INFO - Processing /opt/airflow/dags/dss150p_pipeline.py took 0.072 seconds
[2026-09-23T11:54:28.436+0000] {processor.py:186} INFO - Started process (PID=430) to work on /opt/airflow/dags/dss150p_pipeline.py
[2026-09-23T11:54:28.436+0000] {processor.py:914} INFO - Processing file /opt/airflow/dags/dss150p_pipeline.py for tasks to queue
[2026-09-23T11:54:28.438+0000] {logging_mixin.py:190} INFO - [2026-09-23T11:54:28.438+0000] {dagbag.py:588} INFO - Filling up the DagBag from /opt/airflow/dags/dss150p_pipeline.py
[2026-09-23T11:54:28.454+0000] {processor.py:925} INFO - DAG(s) 'dss150p_sales_pipeline' retrieved from /opt/airflow/dags/dss150p_pipeline.py
[2026-09-23T11:54:28.485+0000] {logging_mixin.py:190} INFO - [2026-09-23T11:54:28.485+0000] {dag.py:3239} INFO - Sync 1 DAGs
[2026-09-23T11:54:28.497+0000] {logging_mixin.py:190} INFO - [2026-09-23T11:54:28.497+0000] {dag.py:4180} INFO - Setting next_dagrun for dss150p_sales_pipeline to 2026-09-22 02:00:00+00:00, run_after=2026-09-23 02:00:00+00:00
[2026-09-23T11:54:28.507+0000] {processor.py:208} INFO - Processing /opt/airflow/dags/dss150p_pipeline.py took 0.077 seconds
[2026-09-23T11:54:58.607+0000] {processor.py:186} INFO - Started process (PID=435) to work on /opt/airflow/dags/dss150p_pipeline.py
[2026-09-23T11:54:58.608+0000] {processor.py:914} INFO - Processing file /opt/airflow/dags/dss150p_pipeline.py for tasks to queue
[2026-09-23T11:54:58.610+0000] {logging_mixin.py:190} INFO - [2026-09-23T11:54:58.610+0000] {dagbag.py:588} INFO - Filling up the DagBag from /opt/airflow/dags/dss150p_pipeline.py
[2026-09-23T11:54:58.626+0000] {processor.py:925} INFO - DAG(s) 'dss150p_sales_pipeline' retrieved from /opt/airflow/dags/dss150p_pipeline.py
[2026-09-23T11:54:58.655+0000] {logging_mixin.py:190} INFO - [2026-09-23T11:54:58.655+0000] {dag.py:3239} INFO - Sync 1 DAGs
[2026-09-23T11:54:58.667+0000] {logging_mixin.py:190} INFO - [2026-09-23T11:54:58.667+0000] {dag.py:4180} INFO - Setting next_dagrun for dss150p_sales_pipeline to 2026-09-22 02:00:00+00:00, run_after=2026-09-23 02:00:00+00:00
[2026-09-23T11:54:58.677+0000] {processor.py:208} INFO - Processing /opt/airflow/dags/dss150p_pipeline.py took 0.075 seconds
[2026-09-23T11:55:28.758+0000] {processor.py:186} INFO - Started process (PID=440) to work on /opt/airflow/dags/dss150p_pipeline.py
[2026-09-23T11:55:28.758+0000] {processor.py:914} INFO - Processing file /opt/airflow/dags/dss150p_pipeline.py for tasks to queue
[2026-09-23T11:55:28.760+0000] {logging_mixin.py:190} INFO - [2026-09-23T11:55:28.760+0000] {dagbag.py:588} INFO - Filling up the DagBag from /opt/airflow/dags/dss150p_pipeline.py
[2026-09-23T11:55:28.776+0000] {processor.py:925} INFO - DAG(s) 'dss150p_sales_pipeline' retrieved from /opt/airflow/dags/dss150p_pipeline.py
[2026-09-23T11:55:28.807+0000] {logging_mixin.py:190} INFO - [2026-09-23T11:55:28.807+0000] {dag.py:3239} INFO - Sync 1 DAGs
[2026-09-23T11:55:28.819+0000] {logging_mixin.py:190} INFO - [2026-09-23T11:55:28.819+0000] {dag.py:4180} INFO - Setting next_dagrun for dss150p_sales_pipeline to 2026-09-22 02:00:00+00:00, run_after=2026-09-23 02:00:00+00:00
[2026-09-23T11:55:28.830+0000] {processor.py:208} INFO - Processing /opt/airflow/dags/dss150p_pipeline.py took 0.078 seconds
[2026-09-23T11:55:58.930+0000] {processor.py:186} INFO - Started process (PID=445) to work on /opt/airflow/dags/dss150p_pipeline.py
[2026-09-23T11:55:58.931+0000] {processor.py:914} INFO - Processing file /opt/airflow/dags/dss150p_pipeline.py for tasks to queue
[2026-09-23T11:55:58.933+0000] {logging_mixin.py:190} INFO - [2026-09-23T11:55:58.932+0000] {dagbag.py:588} INFO - Filling up the DagBag from /opt/airflow/dags/dss150p_pipeline.py
[2026-09-23T11:55:58.951+0000] {processor.py:925} INFO - DAG(s) 'dss150p_sales_pipeline' retrieved from /opt/airflow/dags/dss150p_pipeline.py
[2026-09-23T11:55:58.982+0000] {logging_mixin.py:190} INFO - [2026-09-23T11:55:58.982+0000] {dag.py:3239} INFO - Sync 1 DAGs
[2026-09-23T11:55:58.996+0000] {logging_mixin.py:190} INFO - [2026-09-23T11:55:58.996+0000] {dag.py:4180} INFO - Setting next_dagrun for dss150p_sales_pipeline to 2026-09-22 02:00:00+00:00, run_after=2026-09-23 02:00:00+00:00
[2026-09-23T11:55:59.007+0000] {processor.py:208} INFO - Processing /opt/airflow/dags/dss150p_pipeline.py took 0.082 seconds
[2026-09-23T11:56:29.079+0000] {processor.py:186} INFO - Started process (PID=450) to work on /opt/airflow/dags/dss150p_pipeline.py
[2026-09-23T11:56:29.080+0000] {processor.py:914} INFO - Processing file /opt/airflow/dags/dss150p_pipeline.py for tasks to queue
[2026-09-23T11:56:29.081+0000] {logging_mixin.py:190} INFO - [2026-09-23T11:56:29.081+0000] {dagbag.py:588} INFO - Filling up the DagBag from /opt/airflow/dags/dss150p_pipeline.py
[2026-09-23T11:56:29.098+0000] {processor.py:925} INFO - DAG(s) 'dss150p_sales_pipeline' retrieved from /opt/airflow/dags/dss150p_pipeline.py
[2026-09-23T11:56:29.128+0000] {logging_mixin.py:190} INFO - [2026-09-23T11:56:29.128+0000] {dag.py:3239} INFO - Sync 1 DAGs
[2026-09-23T11:56:29.140+0000] {logging_mixin.py:190} INFO - [2026-09-23T11:56:29.140+0000] {dag.py:4180} INFO - Setting next_dagrun for dss150p_sales_pipeline to 2026-09-22 02:00:00+00:00, run_after=2026-09-23 02:00:00+00:00
[2026-09-23T11:56:29.149+0000] {processor.py:208} INFO - Processing /opt/airflow/dags/dss150p_pipeline.py took 0.076 seconds
[2026-09-23T11:56:59.260+0000] {processor.py:186} INFO - Started process (PID=455) to work on /opt/airflow/dags/dss150p_pipeline.py
[2026-09-23T11:56:59.261+0000] {processor.py:914} INFO - Processing file /opt/airflow/dags/dss150p_pipeline.py for tasks to queue
[2026-09-23T11:56:59.263+0000] {logging_mixin.py:190} INFO - [2026-09-23T11:56:59.263+0000] {dagbag.py:588} INFO - Filling up the DagBag from /opt/airflow/dags/dss150p_pipeline.py
[2026-09-23T11:56:59.281+0000] {processor.py:925} INFO - DAG(s) 'dss150p_sales_pipeline' retrieved from /opt/airflow/dags/dss150p_pipeline.py
[2026-09-23T11:56:59.310+0000] {logging_mixin.py:190} INFO - [2026-09-23T11:56:59.310+0000] {dag.py:3239} INFO - Sync 1 DAGs
[2026-09-23T11:56:59.323+0000] {logging_mixin.py:190} INFO - [2026-09-23T11:56:59.323+0000] {dag.py:4180} INFO - Setting next_dagrun for dss150p_sales_pipeline to 2026-09-22 02:00:00+00:00, run_after=2026-09-23 02:00:00+00:00
[2026-09-23T11:56:59.333+0000] {processor.py:208} INFO - Processing /opt/airflow/dags/dss150p_pipeline.py took 0.078 seconds
[2026-09-23T11:57:29.399+0000] {processor.py:186} INFO - Started process (PID=460) to work on /opt/airflow/dags/dss150p_pipeline.py
[2026-09-23T11:57:29.400+0000] {processor.py:914} INFO - Processing file /opt/airflow/dags/dss150p_pipeline.py for tasks to queue
[2026-09-23T11:57:29.402+0000] {logging_mixin.py:190} INFO - [2026-09-23T11:57:29.402+0000] {dagbag.py:588} INFO - Filling up the DagBag from /opt/airflow/dags/dss150p_pipeline.py
[2026-09-23T11:57:29.418+0000] {processor.py:925} INFO - DAG(s) 'dss150p_sales_pipeline' retrieved from /opt/airflow/dags/dss150p_pipeline.py
[2026-09-23T11:57:29.449+0000] {logging_mixin.py:190} INFO - [2026-09-23T11:57:29.449+0000] {dag.py:3239} INFO - Sync 1 DAGs
[2026-09-23T11:57:29.461+0000] {logging_mixin.py:190} INFO - [2026-09-23T11:57:29.461+0000] {dag.py:4180} INFO - Setting next_dagrun for dss150p_sales_pipeline to 2026-09-22 02:00:00+00:00, run_after=2026-09-23 02:00:00+00:00
[2026-09-23T11:57:29.471+0000] {processor.py:208} INFO - Processing /opt/airflow/dags/dss150p_pipeline.py took 0.077 seconds
[2026-09-23T11:57:59.592+0000] {processor.py:186} INFO - Started process (PID=465) to work on /opt/airflow/dags/dss150p_pipeline.py
[2026-09-23T11:57:59.592+0000] {processor.py:914} INFO - Processing file /opt/airflow/dags/dss150p_pipeline.py for tasks to queue
[2026-09-23T11:57:59.594+0000] {logging_mixin.py:190} INFO - [2026-09-23T11:57:59.594+0000] {dagbag.py:588} INFO - Filling up the DagBag from /opt/airflow/dags/dss150p_pipeline.py
[2026-09-23T11:57:59.610+0000] {processor.py:925} INFO - DAG(s) 'dss150p_sales_pipeline' retrieved from /opt/airflow/dags/dss150p_pipeline.py
[2026-09-23T11:57:59.638+0000] {logging_mixin.py:190} INFO - [2026-09-23T11:57:59.638+0000] {dag.py:3239} INFO - Sync 1 DAGs
[2026-09-23T11:57:59.650+0000] {logging_mixin.py:190} INFO - [2026-09-23T11:57:59.650+0000] {dag.py:4180} INFO - Setting next_dagrun for dss150p_sales_pipeline to 2026-09-22 02:00:00+00:00, run_after=2026-09-23 02:00:00+00:00
[2026-09-23T11:57:59.660+0000] {processor.py:208} INFO - Processing /opt/airflow/dags/dss150p_pipeline.py took 0.073 seconds
[2026-09-23T11:58:29.734+0000] {processor.py:186} INFO - Started process (PID=470) to work on /opt/airflow/dags/dss150p_pipeline.py
[2026-09-23T11:58:29.734+0000] {processor.py:914} INFO - Processing file /opt/airflow/dags/dss150p_pipeline.py for tasks to queue
[2026-09-23T11:58:29.736+0000] {logging_mixin.py:190} INFO - [2026-09-23T11:58:29.736+0000] {dagbag.py:588} INFO - Filling up the DagBag from /opt/airflow/dags/dss150p_pipeline.py
[2026-09-23T11:58:29.753+0000] {processor.py:925} INFO - DAG(s) 'dss150p_sales_pipeline' retrieved from /opt/airflow/dags/dss150p_pipeline.py
[2026-09-23T11:58:29.783+0000] {logging_mixin.py:190} INFO - [2026-09-23T11:58:29.783+0000] {dag.py:3239} INFO - Sync 1 DAGs
[2026-09-23T11:58:29.794+0000] {logging_mixin.py:190} INFO - [2026-09-23T11:58:29.794+0000] {dag.py:4180} INFO - Setting next_dagrun for dss150p_sales_pipeline to 2026-09-22 02:00:00+00:00, run_after=2026-09-23 02:00:00+00:00
[2026-09-23T11:58:29.805+0000] {processor.py:208} INFO - Processing /opt/airflow/dags/dss150p_pipeline.py took 0.076 seconds
[2026-09-23T11:58:59.940+0000] {processor.py:186} INFO - Started process (PID=475) to work on /opt/airflow/dags/dss150p_pipeline.py
[2026-09-23T11:58:59.941+0000] {processor.py:914} INFO - Processing file /opt/airflow/dags/dss150p_pipeline.py for tasks to queue
[2026-09-23T11:58:59.942+0000] {logging_mixin.py:190} INFO - [2026-09-23T11:58:59.942+0000] {dagbag.py:588} INFO - Filling up the DagBag from /opt/airflow/dags/dss150p_pipeline.py
[2026-09-23T11:58:59.958+0000] {processor.py:925} INFO - DAG(s) 'dss150p_sales_pipeline' retrieved from /opt/airflow/dags/dss150p_pipeline.py
[2026-09-23T11:58:59.986+0000] {logging_mixin.py:190} INFO - [2026-09-23T11:58:59.986+0000] {dag.py:3239} INFO - Sync 1 DAGs
[2026-09-23T11:58:59.999+0000] {logging_mixin.py:190} INFO - [2026-09-23T11:58:59.998+0000] {dag.py:4180} INFO - Setting next_dagrun for dss150p_sales_pipeline to 2026-09-22 02:00:00+00:00, run_after=2026-09-23 02:00:00+00:00
[2026-09-23T11:59:00.008+0000] {processor.py:208} INFO - Processing /opt/airflow/dags/dss150p_pipeline.py took 0.073 seconds
[2026-09-23T11:59:30.086+0000] {processor.py:186} INFO - Started process (PID=480) to work on /opt/airflow/dags/dss150p_pipeline.py
[2026-09-23T11:59:30.087+0000] {processor.py:914} INFO - Processing file /opt/airflow/dags/dss150p_pipeline.py for tasks to queue
[2026-09-23T11:59:30.089+0000] {logging_mixin.py:190} INFO - [2026-09-23T11:59:30.088+0000] {dagbag.py:588} INFO - Filling up the DagBag from /opt/airflow/dags/dss150p_pipeline.py
[2026-09-23T11:59:30.106+0000] {processor.py:925} INFO - DAG(s) 'dss150p_sales_pipeline' retrieved from /opt/airflow/dags/dss150p_pipeline.py
[2026-09-23T11:59:30.137+0000] {logging_mixin.py:190} INFO - [2026-09-23T11:59:30.137+0000] {dag.py:3239} INFO - Sync 1 DAGs
[2026-09-23T11:59:30.150+0000] {logging_mixin.py:190} INFO - [2026-09-23T11:59:30.150+0000] {dag.py:4180} INFO - Setting next_dagrun for dss150p_sales_pipeline to 2026-09-22 02:00:00+00:00, run_after=2026-09-23 02:00:00+00:00
[2026-09-23T11:59:30.160+0000] {processor.py:208} INFO - Processing /opt/airflow/dags/dss150p_pipeline.py took 0.079 seconds
[2026-09-23T12:00:00.270+0000] {processor.py:186} INFO - Started process (PID=485) to work on /opt/airflow/dags/dss150p_pipeline.py
[2026-09-23T12:00:00.271+0000] {processor.py:914} INFO - Processing file /opt/airflow/dags/dss150p_pipeline.py for tasks to queue
[2026-09-23T12:00:00.272+0000] {logging_mixin.py:190} INFO - [2026-09-23T12:00:00.272+0000] {dagbag.py:588} INFO - Filling up the DagBag from /opt/airflow/dags/dss150p_pipeline.py
[2026-09-23T12:00:00.291+0000] {processor.py:925} INFO - DAG(s) 'dss150p_sales_pipeline' retrieved from /opt/airflow/dags/dss150p_pipeline.py
[2026-09-23T12:00:00.323+0000] {logging_mixin.py:190} INFO - [2026-09-23T12:00:00.322+0000] {dag.py:3239} INFO - Sync 1 DAGs
[2026-09-23T12:00:00.336+0000] {logging_mixin.py:190} INFO - [2026-09-23T12:00:00.336+0000] {dag.py:4180} INFO - Setting next_dagrun for dss150p_sales_pipeline to 2026-09-22 02:00:00+00:00, run_after=2026-09-23 02:00:00+00:00
[2026-09-23T12:00:00.347+0000] {processor.py:208} INFO - Processing /opt/airflow/dags/dss150p_pipeline.py took 0.083 seconds
[2026-09-23T12:00:30.413+0000] {processor.py:186} INFO - Started process (PID=490) to work on /opt/airflow/dags/dss150p_pipeline.py
[2026-09-23T12:00:30.414+0000] {processor.py:914} INFO - Processing file /opt/airflow/dags/dss150p_pipeline.py for tasks to queue
[2026-09-23T12:00:30.416+0000] {logging_mixin.py:190} INFO - [2026-09-23T12:00:30.416+0000] {dagbag.py:588} INFO - Filling up the DagBag from /opt/airflow/dags/dss150p_pipeline.py
[2026-09-23T12:00:30.432+0000] {processor.py:925} INFO - DAG(s) 'dss150p_sales_pipeline' retrieved from /opt/airflow/dags/dss150p_pipeline.py
[2026-09-23T12:00:30.463+0000] {logging_mixin.py:190} INFO - [2026-09-23T12:00:30.463+0000] {dag.py:3239} INFO - Sync 1 DAGs
[2026-09-23T12:00:30.476+0000] {logging_mixin.py:190} INFO - [2026-09-23T12:00:30.476+0000] {dag.py:4180} INFO - Setting next_dagrun for dss150p_sales_pipeline to 2026-09-22 02:00:00+00:00, run_after=2026-09-23 02:00:00+00:00
[2026-09-23T12:00:30.486+0000] {processor.py:208} INFO - Processing /opt/airflow/dags/dss150p_pipeline.py took 0.078 seconds
[2026-09-23T12:01:00.603+0000] {processor.py:186} INFO - Started process (PID=495) to work on /opt/airflow/dags/dss150p_pipeline.py
[2026-09-23T12:01:00.604+0000] {processor.py:914} INFO - Processing file /opt/airflow/dags/dss150p_pipeline.py for tasks to queue
[2026-09-23T12:01:00.606+0000] {logging_mixin.py:190} INFO - [2026-09-23T12:01:00.606+0000] {dagbag.py:588} INFO - Filling up the DagBag from /opt/airflow/dags/dss150p_pipeline.py
[2026-09-23T12:01:00.621+0000] {processor.py:925} INFO - DAG(s) 'dss150p_sales_pipeline' retrieved from /opt/airflow/dags/dss150p_pipeline.py
[2026-09-23T12:01:00.650+0000] {logging_mixin.py:190} INFO - [2026-09-23T12:01:00.649+0000] {dag.py:3239} INFO - Sync 1 DAGs
[2026-09-23T12:01:00.662+0000] {logging_mixin.py:190} INFO - [2026-09-23T12:01:00.661+0000] {dag.py:4180} INFO - Setting next_dagrun for dss150p_sales_pipeline to 2026-09-22 02:00:00+00:00, run_after=2026-09-23 02:00:00+00:00
[2026-09-23T12:01:00.680+0000] {processor.py:208} INFO - Processing /opt/airflow/dags/dss150p_pipeline.py took 0.082 seconds
[2026-09-23T12:01:30.742+0000] {processor.py:186} INFO - Started process (PID=500) to work on /opt/airflow/dags/dss150p_pipeline.py
[2026-09-23T12:01:30.743+0000] {processor.py:914} INFO - Processing file /opt/airflow/dags/dss150p_pipeline.py for tasks to queue
[2026-09-23T12:01:30.745+0000] {logging_mixin.py:190} INFO - [2026-09-23T12:01:30.745+0000] {dagbag.py:588} INFO - Filling up the DagBag from /opt/airflow/dags/dss150p_pipeline.py
[2026-09-23T12:01:30.761+0000] {processor.py:925} INFO - DAG(s) 'dss150p_sales_pipeline' retrieved from /opt/airflow/dags/dss150p_pipeline.py
[2026-09-23T12:01:30.791+0000] {logging_mixin.py:190} INFO - [2026-09-23T12:01:30.791+0000] {dag.py:3239} INFO - Sync 1 DAGs
[2026-09-23T12:01:30.804+0000] {logging_mixin.py:190} INFO - [2026-09-23T12:01:30.804+0000] {dag.py:4180} INFO - Setting next_dagrun for dss150p_sales_pipeline to 2026-09-22 02:00:00+00:00, run_after=2026-09-23 02:00:00+00:00
[2026-09-23T12:01:30.814+0000] {processor.py:208} INFO - Processing /opt/airflow/dags/dss150p_pipeline.py took 0.077 seconds
[2026-09-23T12:02:00.927+0000] {processor.py:186} INFO - Started process (PID=505) to work on /opt/airflow/dags/dss150p_pipeline.py
[2026-09-23T12:02:00.928+0000] {processor.py:914} INFO - Processing file /opt/airflow/dags/dss150p_pipeline.py for tasks to queue
[2026-09-23T12:02:00.930+0000] {logging_mixin.py:190} INFO - [2026-09-23T12:02:00.930+0000] {dagbag.py:588} INFO - Filling up the DagBag from /opt/airflow/dags/dss150p_pipeline.py
[2026-09-23T12:02:00.945+0000] {processor.py:925} INFO - DAG(s) 'dss150p_sales_pipeline' retrieved from /opt/airflow/dags/dss150p_pipeline.py
[2026-09-23T12:02:00.975+0000] {logging_mixin.py:190} INFO - [2026-09-23T12:02:00.975+0000] {dag.py:3239} INFO - Sync 1 DAGs
[2026-09-23T12:02:00.987+0000] {logging_mixin.py:190} INFO - [2026-09-23T12:02:00.987+0000] {dag.py:4180} INFO - Setting next_dagrun for dss150p_sales_pipeline to 2026-09-22 02:00:00+00:00, run_after=2026-09-23 02:00:00+00:00
[2026-09-23T12:02:01.006+0000] {processor.py:208} INFO - Processing /opt/airflow/dags/dss150p_pipeline.py took 0.083 seconds
[2026-09-23T12:02:31.067+0000] {processor.py:186} INFO - Started process (PID=510) to work on /opt/airflow/dags/dss150p_pipeline.py
[2026-09-23T12:02:31.068+0000] {processor.py:914} INFO - Processing file /opt/airflow/dags/dss150p_pipeline.py for tasks to queue
[2026-09-23T12:02:31.070+0000] {logging_mixin.py:190} INFO - [2026-09-23T12:02:31.070+0000] {dagbag.py:588} INFO - Filling up the DagBag from /opt/airflow/dags/dss150p_pipeline.py
[2026-09-23T12:02:31.086+0000] {processor.py:925} INFO - DAG(s) 'dss150p_sales_pipeline' retrieved from /opt/airflow/dags/dss150p_pipeline.py
[2026-09-23T12:02:31.116+0000] {logging_mixin.py:190} INFO - [2026-09-23T12:02:31.116+0000] {dag.py:3239} INFO - Sync 1 DAGs
[2026-09-23T12:02:31.129+0000] {logging_mixin.py:190} INFO - [2026-09-23T12:02:31.128+0000] {dag.py:4180} INFO - Setting next_dagrun for dss150p_sales_pipeline to 2026-09-22 02:00:00+00:00, run_after=2026-09-23 02:00:00+00:00
[2026-09-23T12:02:31.140+0000] {processor.py:208} INFO - Processing /opt/airflow/dags/dss150p_pipeline.py took 0.078 seconds
[2026-09-23T12:03:01.262+0000] {processor.py:186} INFO - Started process (PID=515) to work on /opt/airflow/dags/dss150p_pipeline.py
[2026-09-23T12:03:01.263+0000] {processor.py:914} INFO - Processing file /opt/airflow/dags/dss150p_pipeline.py for tasks to queue
[2026-09-23T12:03:01.264+0000] {logging_mixin.py:190} INFO - [2026-09-23T12:03:01.264+0000] {dagbag.py:588} INFO - Filling up the DagBag from /opt/airflow/dags/dss150p_pipeline.py
[2026-09-23T12:03:01.281+0000] {processor.py:925} INFO - DAG(s) 'dss150p_sales_pipeline' retrieved from /opt/airflow/dags/dss150p_pipeline.py
[2026-09-23T12:03:01.311+0000] {logging_mixin.py:190} INFO - [2026-09-23T12:03:01.310+0000] {dag.py:3239} INFO - Sync 1 DAGs
[2026-09-23T12:03:01.323+0000] {logging_mixin.py:190} INFO - [2026-09-23T12:03:01.323+0000] {dag.py:4180} INFO - Setting next_dagrun for dss150p_sales_pipeline to 2026-09-22 02:00:00+00:00, run_after=2026-09-23 02:00:00+00:00
[2026-09-23T12:03:01.333+0000] {processor.py:208} INFO - Processing /opt/airflow/dags/dss150p_pipeline.py took 0.075 seconds
[2026-09-23T12:03:31.406+0000] {processor.py:186} INFO - Started process (PID=520) to work on /opt/airflow/dags/dss150p_pipeline.py
[2026-09-23T12:03:31.407+0000] {processor.py:914} INFO - Processing file /opt/airflow/dags/dss150p_pipeline.py for tasks to queue
[2026-09-23T12:03:31.409+0000] {logging_mixin.py:190} INFO - [2026-09-23T12:03:31.408+0000] {dagbag.py:588} INFO - Filling up the DagBag from /opt/airflow/dags/dss150p_pipeline.py
[2026-09-23T12:03:31.425+0000] {processor.py:925} INFO - DAG(s) 'dss150p_sales_pipeline' retrieved from /opt/airflow/dags/dss150p_pipeline.py
[2026-09-23T12:03:31.454+0000] {logging_mixin.py:190} INFO - [2026-09-23T12:03:31.454+0000] {dag.py:3239} INFO - Sync 1 DAGs
[2026-09-23T12:03:31.467+0000] {logging_mixin.py:190} INFO - [2026-09-23T12:03:31.466+0000] {dag.py:4180} INFO - Setting next_dagrun for dss150p_sales_pipeline to 2026-09-22 02:00:00+00:00, run_after=2026-09-23 02:00:00+00:00
[2026-09-23T12:03:31.476+0000] {processor.py:208} INFO - Processing /opt/airflow/dags/dss150p_pipeline.py took 0.075 seconds
[2026-09-23T12:04:01.612+0000] {processor.py:186} INFO - Started process (PID=525) to work on /opt/airflow/dags/dss150p_pipeline.py
[2026-09-23T12:04:01.613+0000] {processor.py:914} INFO - Processing file /opt/airflow/dags/dss150p_pipeline.py for tasks to queue
[2026-09-23T12:04:01.614+0000] {logging_mixin.py:190} INFO - [2026-09-23T12:04:01.614+0000] {dagbag.py:588} INFO - Filling up the DagBag from /opt/airflow/dags/dss150p_pipeline.py
[2026-09-23T12:04:01.631+0000] {processor.py:925} INFO - DAG(s) 'dss150p_sales_pipeline' retrieved from /opt/airflow/dags/dss150p_pipeline.py
[2026-09-23T12:04:01.660+0000] {logging_mixin.py:190} INFO - [2026-09-23T12:04:01.660+0000] {dag.py:3239} INFO - Sync 1 DAGs
[2026-09-23T12:04:01.672+0000] {logging_mixin.py:190} INFO - [2026-09-23T12:04:01.672+0000] {dag.py:4180} INFO - Setting next_dagrun for dss150p_sales_pipeline to 2026-09-22 02:00:00+00:00, run_after=2026-09-23 02:00:00+00:00
[2026-09-23T12:04:01.682+0000] {processor.py:208} INFO - Processing /opt/airflow/dags/dss150p_pipeline.py took 0.075 seconds
[2026-09-23T12:04:31.753+0000] {processor.py:186} INFO - Started process (PID=530) to work on /opt/airflow/dags/dss150p_pipeline.py
[2026-09-23T12:04:31.753+0000] {processor.py:914} INFO - Processing file /opt/airflow/dags/dss150p_pipeline.py for tasks to queue
[2026-09-23T12:04:31.755+0000] {logging_mixin.py:190} INFO - [2026-09-23T12:04:31.755+0000] {dagbag.py:588} INFO - Filling up the DagBag from /opt/airflow/dags/dss150p_pipeline.py
[2026-09-23T12:04:31.771+0000] {processor.py:925} INFO - DAG(s) 'dss150p_sales_pipeline' retrieved from /opt/airflow/dags/dss150p_pipeline.py
[2026-09-23T12:04:31.800+0000] {logging_mixin.py:190} INFO - [2026-09-23T12:04:31.799+0000] {dag.py:3239} INFO - Sync 1 DAGs
[2026-09-23T12:04:31.811+0000] {logging_mixin.py:190} INFO - [2026-09-23T12:04:31.811+0000] {dag.py:4180} INFO - Setting next_dagrun for dss150p_sales_pipeline to 2026-09-22 02:00:00+00:00, run_after=2026-09-23 02:00:00+00:00
[2026-09-23T12:04:31.821+0000] {processor.py:208} INFO - Processing /opt/airflow/dags/dss150p_pipeline.py took 0.074 seconds
[2026-09-23T12:05:01.933+0000] {processor.py:186} INFO - Started process (PID=535) to work on /opt/airflow/dags/dss150p_pipeline.py
[2026-09-23T12:05:01.933+0000] {processor.py:914} INFO - Processing file /opt/airflow/dags/dss150p_pipeline.py for tasks to queue
[2026-09-23T12:05:01.935+0000] {logging_mixin.py:190} INFO - [2026-09-23T12:05:01.935+0000] {dagbag.py:588} INFO - Filling up the DagBag from /opt/airflow/dags/dss150p_pipeline.py
[2026-09-23T12:05:01.951+0000] {processor.py:925} INFO - DAG(s) 'dss150p_sales_pipeline' retrieved from /opt/airflow/dags/dss150p_pipeline.py
[2026-09-23T12:05:01.980+0000] {logging_mixin.py:190} INFO - [2026-09-23T12:05:01.980+0000] {dag.py:3239} INFO - Sync 1 DAGs
[2026-09-23T12:05:01.992+0000] {logging_mixin.py:190} INFO - [2026-09-23T12:05:01.992+0000] {dag.py:4180} INFO - Setting next_dagrun for dss150p_sales_pipeline to 2026-09-22 02:00:00+00:00, run_after=2026-09-23 02:00:00+00:00
[2026-09-23T12:05:02.002+0000] {processor.py:208} INFO - Processing /opt/airflow/dags/dss150p_pipeline.py took 0.074 seconds
[2026-09-23T12:05:32.072+0000] {processor.py:186} INFO - Started process (PID=540) to work on /opt/airflow/dags/dss150p_pipeline.py
[2026-09-23T12:05:32.073+0000] {processor.py:914} INFO - Processing file /opt/airflow/dags/dss150p_pipeline.py for tasks to queue
[2026-09-23T12:05:32.075+0000] {logging_mixin.py:190} INFO - [2026-09-23T12:05:32.074+0000] {dagbag.py:588} INFO - Filling up the DagBag from /opt/airflow/dags/dss150p_pipeline.py
[2026-09-23T12:05:32.090+0000] {processor.py:925} INFO - DAG(s) 'dss150p_sales_pipeline' retrieved from /opt/airflow/dags/dss150p_pipeline.py
[2026-09-23T12:05:32.120+0000] {logging_mixin.py:190} INFO - [2026-09-23T12:05:32.120+0000] {dag.py:3239} INFO - Sync 1 DAGs
[2026-09-23T12:05:32.132+0000] {logging_mixin.py:190} INFO - [2026-09-23T12:05:32.132+0000] {dag.py:4180} INFO - Setting next_dagrun for dss150p_sales_pipeline to 2026-09-22 02:00:00+00:00, run_after=2026-09-23 02:00:00+00:00
[2026-09-23T12:05:32.151+0000] {processor.py:208} INFO - Processing /opt/airflow/dags/dss150p_pipeline.py took 0.084 seconds
[2026-09-23T12:06:02.255+0000] {processor.py:186} INFO - Started process (PID=545) to work on /opt/airflow/dags/dss150p_pipeline.py
[2026-09-23T12:06:02.256+0000] {processor.py:914} INFO - Processing file /opt/airflow/dags/dss150p_pipeline.py for tasks to queue
[2026-09-23T12:06:02.258+0000] {logging_mixin.py:190} INFO - [2026-09-23T12:06:02.258+0000] {dagbag.py:588} INFO - Filling up the DagBag from /opt/airflow/dags/dss150p_pipeline.py
[2026-09-23T12:06:02.273+0000] {processor.py:925} INFO - DAG(s) 'dss150p_sales_pipeline' retrieved from /opt/airflow/dags/dss150p_pipeline.py
[2026-09-23T12:06:02.302+0000] {logging_mixin.py:190} INFO - [2026-09-23T12:06:02.302+0000] {dag.py:3239} INFO - Sync 1 DAGs
[2026-09-23T12:06:02.314+0000] {logging_mixin.py:190} INFO - [2026-09-23T12:06:02.314+0000] {dag.py:4180} INFO - Setting next_dagrun for dss150p_sales_pipeline to 2026-09-22 02:00:00+00:00, run_after=2026-09-23 02:00:00+00:00
[2026-09-23T12:06:02.324+0000] {processor.py:208} INFO - Processing /opt/airflow/dags/dss150p_pipeline.py took 0.074 seconds
[2026-09-23T12:06:32.411+0000] {processor.py:186} INFO - Started process (PID=550) to work on /opt/airflow/dags/dss150p_pipeline.py
[2026-09-23T12:06:32.411+0000] {processor.py:914} INFO - Processing file /opt/airflow/dags/dss150p_pipeline.py for tasks to queue
[2026-09-23T12:06:32.413+0000] {logging_mixin.py:190} INFO - [2026-09-23T12:06:32.413+0000] {dagbag.py:588} INFO - Filling up the DagBag from /opt/airflow/dags/dss150p_pipeline.py
[2026-09-23T12:06:32.429+0000] {processor.py:925} INFO - DAG(s) 'dss150p_sales_pipeline' retrieved from /opt/airflow/dags/dss150p_pipeline.py
[2026-09-23T12:06:32.459+0000] {logging_mixin.py:190} INFO - [2026-09-23T12:06:32.459+0000] {dag.py:3239} INFO - Sync 1 DAGs
[2026-09-23T12:06:32.472+0000] {logging_mixin.py:190} INFO - [2026-09-23T12:06:32.472+0000] {dag.py:4180} INFO - Setting next_dagrun for dss150p_sales_pipeline to 2026-09-22 02:00:00+00:00, run_after=2026-09-23 02:00:00+00:00
[2026-09-23T12:06:32.482+0000] {processor.py:208} INFO - Processing /opt/airflow/dags/dss150p_pipeline.py took 0.077 seconds
[2026-09-23T12:07:02.582+0000] {processor.py:186} INFO - Started process (PID=555) to work on /opt/airflow/dags/dss150p_pipeline.py
[2026-09-23T12:07:02.583+0000] {processor.py:914} INFO - Processing file /opt/airflow/dags/dss150p_pipeline.py for tasks to queue
[2026-09-23T12:07:02.585+0000] {logging_mixin.py:190} INFO - [2026-09-23T12:07:02.585+0000] {dagbag.py:588} INFO - Filling up the DagBag from /opt/airflow/dags/dss150p_pipeline.py
[2026-09-23T12:07:02.600+0000] {processor.py:925} INFO - DAG(s) 'dss150p_sales_pipeline' retrieved from /opt/airflow/dags/dss150p_pipeline.py
[2026-09-23T12:07:02.629+0000] {logging_mixin.py:190} INFO - [2026-09-23T12:07:02.629+0000] {dag.py:3239} INFO - Sync 1 DAGs
[2026-09-23T12:07:02.642+0000] {logging_mixin.py:190} INFO - [2026-09-23T12:07:02.642+0000] {dag.py:4180} INFO - Setting next_dagrun for dss150p_sales_pipeline to 2026-09-22 02:00:00+00:00, run_after=2026-09-23 02:00:00+00:00
[2026-09-23T12:07:02.652+0000] {processor.py:208} INFO - Processing /opt/airflow/dags/dss150p_pipeline.py took 0.075 seconds
[2026-09-23T12:07:32.734+0000] {processor.py:186} INFO - Started process (PID=560) to work on /opt/airflow/dags/dss150p_pipeline.py
[2026-09-23T12:07:32.734+0000] {processor.py:914} INFO - Processing file /opt/airflow/dags/dss150p_pipeline.py for tasks to queue
[2026-09-23T12:07:32.736+0000] {logging_mixin.py:190} INFO - [2026-09-23T12:07:32.736+0000] {dagbag.py:588} INFO - Filling up the DagBag from /opt/airflow/dags/dss150p_pipeline.py
[2026-09-23T12:07:32.753+0000] {processor.py:925} INFO - DAG(s) 'dss150p_sales_pipeline' retrieved from /opt/airflow/dags/dss150p_pipeline.py
[2026-09-23T12:07:32.781+0000] {logging_mixin.py:190} INFO - [2026-09-23T12:07:32.781+0000] {dag.py:3239} INFO - Sync 1 DAGs
[2026-09-23T12:07:32.793+0000] {logging_mixin.py:190} INFO - [2026-09-23T12:07:32.792+0000] {dag.py:4180} INFO - Setting next_dagrun for dss150p_sales_pipeline to 2026-09-22 02:00:00+00:00, run_after=2026-09-23 02:00:00+00:00
[2026-09-23T12:07:32.802+0000] {processor.py:208} INFO - Processing /opt/airflow/dags/dss150p_pipeline.py took 0.074 seconds
[2026-09-23T12:08:02.909+0000] {processor.py:186} INFO - Started process (PID=565) to work on /opt/airflow/dags/dss150p_pipeline.py
[2026-09-23T12:08:02.910+0000] {processor.py:914} INFO - Processing file /opt/airflow/dags/dss150p_pipeline.py for tasks to queue
[2026-09-23T12:08:02.912+0000] {logging_mixin.py:190} INFO - [2026-09-23T12:08:02.911+0000] {dagbag.py:588} INFO - Filling up the DagBag from /opt/airflow/dags/dss150p_pipeline.py
[2026-09-23T12:08:02.927+0000] {processor.py:925} INFO - DAG(s) 'dss150p_sales_pipeline' retrieved from /opt/airflow/dags/dss150p_pipeline.py
[2026-09-23T12:08:02.955+0000] {logging_mixin.py:190} INFO - [2026-09-23T12:08:02.955+0000] {dag.py:3239} INFO - Sync 1 DAGs
[2026-09-23T12:08:02.967+0000] {logging_mixin.py:190} INFO - [2026-09-23T12:08:02.967+0000] {dag.py:4180} INFO - Setting next_dagrun for dss150p_sales_pipeline to 2026-09-22 02:00:00+00:00, run_after=2026-09-23 02:00:00+00:00
[2026-09-23T12:08:02.986+0000] {processor.py:208} INFO - Processing /opt/airflow/dags/dss150p_pipeline.py took 0.081 seconds
[2026-09-23T12:08:33.056+0000] {processor.py:186} INFO - Started process (PID=570) to work on /opt/airflow/dags/dss150p_pipeline.py
[2026-09-23T12:08:33.056+0000] {processor.py:914} INFO - Processing file /opt/airflow/dags/dss150p_pipeline.py for tasks to queue
[2026-09-23T12:08:33.058+0000] {logging_mixin.py:190} INFO - [2026-09-23T12:08:33.058+0000] {dagbag.py:588} INFO - Filling up the DagBag from /opt/airflow/dags/dss150p_pipeline.py
[2026-09-23T12:08:33.074+0000] {processor.py:925} INFO - DAG(s) 'dss150p_sales_pipeline' retrieved from /opt/airflow/dags/dss150p_pipeline.py
[2026-09-23T12:08:33.105+0000] {logging_mixin.py:190} INFO - [2026-09-23T12:08:33.105+0000] {dag.py:3239} INFO - Sync 1 DAGs
[2026-09-23T12:08:33.118+0000] {logging_mixin.py:190} INFO - [2026-09-23T12:08:33.118+0000] {dag.py:4180} INFO - Setting next_dagrun for dss150p_sales_pipeline to 2026-09-22 02:00:00+00:00, run_after=2026-09-23 02:00:00+00:00
[2026-09-23T12:08:33.128+0000] {processor.py:208} INFO - Processing /opt/airflow/dags/dss150p_pipeline.py took 0.078 seconds
[2026-09-23T12:09:03.264+0000] {processor.py:186} INFO - Started process (PID=575) to work on /opt/airflow/dags/dss150p_pipeline.py
[2026-09-23T12:09:03.265+0000] {processor.py:914} INFO - Processing file /opt/airflow/dags/dss150p_pipeline.py for tasks to queue
[2026-09-23T12:09:03.267+0000] {logging_mixin.py:190} INFO - [2026-09-23T12:09:03.266+0000] {dagbag.py:588} INFO - Filling up the DagBag from /opt/airflow/dags/dss150p_pipeline.py
[2026-09-23T12:09:03.283+0000] {processor.py:925} INFO - DAG(s) 'dss150p_sales_pipeline' retrieved from /opt/airflow/dags/dss150p_pipeline.py
[2026-09-23T12:09:03.313+0000] {logging_mixin.py:190} INFO - [2026-09-23T12:09:03.313+0000] {dag.py:3239} INFO - Sync 1 DAGs
[2026-09-23T12:09:03.326+0000] {logging_mixin.py:190} INFO - [2026-09-23T12:09:03.326+0000] {dag.py:4180} INFO - Setting next_dagrun for dss150p_sales_pipeline to 2026-09-22 02:00:00+00:00, run_after=2026-09-23 02:00:00+00:00
[2026-09-23T12:09:03.345+0000] {processor.py:208} INFO - Processing /opt/airflow/dags/dss150p_pipeline.py took 0.086 seconds
[2026-09-23T12:09:33.411+0000] {processor.py:186} INFO - Started process (PID=580) to work on /opt/airflow/dags/dss150p_pipeline.py
[2026-09-23T12:09:33.412+0000] {processor.py:914} INFO - Processing file /opt/airflow/dags/dss150p_pipeline.py for tasks to queue
[2026-09-23T12:09:33.413+0000] {logging_mixin.py:190} INFO - [2026-09-23T12:09:33.413+0000] {dagbag.py:588} INFO - Filling up the DagBag from /opt/airflow/dags/dss150p_pipeline.py
[2026-09-23T12:09:33.429+0000] {processor.py:925} INFO - DAG(s) 'dss150p_sales_pipeline' retrieved from /opt/airflow/dags/dss150p_pipeline.py
[2026-09-23T12:09:33.459+0000] {logging_mixin.py:190} INFO - [2026-09-23T12:09:33.459+0000] {dag.py:3239} INFO - Sync 1 DAGs
[2026-09-23T12:09:33.470+0000] {logging_mixin.py:190} INFO - [2026-09-23T12:09:33.470+0000] {dag.py:4180} INFO - Setting next_dagrun for dss150p_sales_pipeline to 2026-09-22 02:00:00+00:00, run_after=2026-09-23 02:00:00+00:00
[2026-09-23T12:09:33.480+0000] {processor.py:208} INFO - Processing /opt/airflow/dags/dss150p_pipeline.py took 0.074 seconds
[2026-09-23T12:10:03.603+0000] {processor.py:186} INFO - Started process (PID=585) to work on /opt/airflow/dags/dss150p_pipeline.py
[2026-09-23T12:10:03.604+0000] {processor.py:914} INFO - Processing file /opt/airflow/dags/dss150p_pipeline.py for tasks to queue
[2026-09-23T12:10:03.605+0000] {logging_mixin.py:190} INFO - [2026-09-23T12:10:03.605+0000] {dagbag.py:588} INFO - Filling up the DagBag from /opt/airflow/dags/dss150p_pipeline.py
[2026-09-23T12:10:03.621+0000] {processor.py:925} INFO - DAG(s) 'dss150p_sales_pipeline' retrieved from /opt/airflow/dags/dss150p_pipeline.py
[2026-09-23T12:10:03.651+0000] {logging_mixin.py:190} INFO - [2026-09-23T12:10:03.651+0000] {dag.py:3239} INFO - Sync 1 DAGs
[2026-09-23T12:10:03.663+0000] {logging_mixin.py:190} INFO - [2026-09-23T12:10:03.663+0000] {dag.py:4180} INFO - Setting next_dagrun for dss150p_sales_pipeline to 2026-09-22 02:00:00+00:00, run_after=2026-09-23 02:00:00+00:00
[2026-09-23T12:10:03.682+0000] {processor.py:208} INFO - Processing /opt/airflow/dags/dss150p_pipeline.py took 0.084 seconds
[2026-09-23T12:10:33.746+0000] {processor.py:186} INFO - Started process (PID=590) to work on /opt/airflow/dags/dss150p_pipeline.py
[2026-09-23T12:10:33.747+0000] {processor.py:914} INFO - Processing file /opt/airflow/dags/dss150p_pipeline.py for tasks to queue
[2026-09-23T12:10:33.748+0000] {logging_mixin.py:190} INFO - [2026-09-23T12:10:33.748+0000] {dagbag.py:588} INFO - Filling up the DagBag from /opt/airflow/dags/dss150p_pipeline.py
[2026-09-23T12:10:33.766+0000] {processor.py:925} INFO - DAG(s) 'dss150p_sales_pipeline' retrieved from /opt/airflow/dags/dss150p_pipeline.py
[2026-09-23T12:10:33.798+0000] {logging_mixin.py:190} INFO - [2026-09-23T12:10:33.798+0000] {dag.py:3239} INFO - Sync 1 DAGs
[2026-09-23T12:10:33.811+0000] {logging_mixin.py:190} INFO - [2026-09-23T12:10:33.811+0000] {dag.py:4180} INFO - Setting next_dagrun for dss150p_sales_pipeline to 2026-09-22 02:00:00+00:00, run_after=2026-09-23 02:00:00+00:00
[2026-09-23T12:10:33.830+0000] {processor.py:208} INFO - Processing /opt/airflow/dags/dss150p_pipeline.py took 0.090 seconds
[2026-09-23T12:11:03.930+0000] {processor.py:186} INFO - Started process (PID=595) to work on /opt/airflow/dags/dss150p_pipeline.py
[2026-09-23T12:11:03.931+0000] {processor.py:914} INFO - Processing file /opt/airflow/dags/dss150p_pipeline.py for tasks to queue
[2026-09-23T12:11:03.932+0000] {logging_mixin.py:190} INFO - [2026-09-23T12:11:03.932+0000] {dagbag.py:588} INFO - Filling up the DagBag from /opt/airflow/dags/dss150p_pipeline.py
[2026-09-23T12:11:03.948+0000] {processor.py:925} INFO - DAG(s) 'dss150p_sales_pipeline' retrieved from /opt/airflow/dags/dss150p_pipeline.py
[2026-09-23T12:11:03.976+0000] {logging_mixin.py:190} INFO - [2026-09-23T12:11:03.976+0000] {dag.py:3239} INFO - Sync 1 DAGs
[2026-09-23T12:11:03.988+0000] {logging_mixin.py:190} INFO - [2026-09-23T12:11:03.988+0000] {dag.py:4180} INFO - Setting next_dagrun for dss150p_sales_pipeline to 2026-09-22 02:00:00+00:00, run_after=2026-09-23 02:00:00+00:00
[2026-09-23T12:11:04.007+0000] {processor.py:208} INFO - Processing /opt/airflow/dags/dss150p_pipeline.py took 0.083 seconds
[2026-09-23T12:11:34.080+0000] {processor.py:186} INFO - Started process (PID=600) to work on /opt/airflow/dags/dss150p_pipeline.py
[2026-09-23T12:11:34.081+0000] {processor.py:914} INFO - Processing file /opt/airflow/dags/dss150p_pipeline.py for tasks to queue
[2026-09-23T12:11:34.083+0000] {logging_mixin.py:190} INFO - [2026-09-23T12:11:34.082+0000] {dagbag.py:588} INFO - Filling up the DagBag from /opt/airflow/dags/dss150p_pipeline.py
[2026-09-23T12:11:34.100+0000] {processor.py:925} INFO - DAG(s) 'dss150p_sales_pipeline' retrieved from /opt/airflow/dags/dss150p_pipeline.py
[2026-09-23T12:11:34.131+0000] {logging_mixin.py:190} INFO - [2026-09-23T12:11:34.131+0000] {dag.py:3239} INFO - Sync 1 DAGs
[2026-09-23T12:11:34.144+0000] {logging_mixin.py:190} INFO - [2026-09-23T12:11:34.144+0000] {dag.py:4180} INFO - Setting next_dagrun for dss150p_sales_pipeline to 2026-09-22 02:00:00+00:00, run_after=2026-09-23 02:00:00+00:00
[2026-09-23T12:11:34.155+0000] {processor.py:208} INFO - Processing /opt/airflow/dags/dss150p_pipeline.py took 0.080 seconds
[2026-09-23T12:12:04.260+0000] {processor.py:186} INFO - Started process (PID=605) to work on /opt/airflow/dags/dss150p_pipeline.py
[2026-09-23T12:12:04.260+0000] {processor.py:914} INFO - Processing file /opt/airflow/dags/dss150p_pipeline.py for tasks to queue
[2026-09-23T12:12:04.262+0000] {logging_mixin.py:190} INFO - [2026-09-23T12:12:04.262+0000] {dagbag.py:588} INFO - Filling up the DagBag from /opt/airflow/dags/dss150p_pipeline.py
[2026-09-23T12:12:04.278+0000] {processor.py:925} INFO - DAG(s) 'dss150p_sales_pipeline' retrieved from /opt/airflow/dags/dss150p_pipeline.py
[2026-09-23T12:12:04.306+0000] {logging_mixin.py:190} INFO - [2026-09-23T12:12:04.306+0000] {dag.py:3239} INFO - Sync 1 DAGs
[2026-09-23T12:12:04.318+0000] {logging_mixin.py:190} INFO - [2026-09-23T12:12:04.318+0000] {dag.py:4180} INFO - Setting next_dagrun for dss150p_sales_pipeline to 2026-09-22 02:00:00+00:00, run_after=2026-09-23 02:00:00+00:00
[2026-09-23T12:12:04.328+0000] {processor.py:208} INFO - Processing /opt/airflow/dags/dss150p_pipeline.py took 0.073 seconds
[2026-09-23T12:12:34.411+0000] {processor.py:186} INFO - Started process (PID=610) to work on /opt/airflow/dags/dss150p_pipeline.py
[2026-09-23T12:12:34.412+0000] {processor.py:914} INFO - Processing file /opt/airflow/dags/dss150p_pipeline.py for tasks to queue
[2026-09-23T12:12:34.413+0000] {logging_mixin.py:190} INFO - [2026-09-23T12:12:34.413+0000] {dagbag.py:588} INFO - Filling up the DagBag from /opt/airflow/dags/dss150p_pipeline.py
[2026-09-23T12:12:34.430+0000] {processor.py:925} INFO - DAG(s) 'dss150p_sales_pipeline' retrieved from /opt/airflow/dags/dss150p_pipeline.py
[2026-09-23T12:12:34.460+0000] {logging_mixin.py:190} INFO - [2026-09-23T12:12:34.460+0000] {dag.py:3239} INFO - Sync 1 DAGs
[2026-09-23T12:12:34.472+0000] {logging_mixin.py:190} INFO - [2026-09-23T12:12:34.472+0000] {dag.py:4180} INFO - Setting next_dagrun for dss150p_sales_pipeline to 2026-09-22 02:00:00+00:00, run_after=2026-09-23 02:00:00+00:00
[2026-09-23T12:12:34.482+0000] {processor.py:208} INFO - Processing /opt/airflow/dags/dss150p_pipeline.py took 0.076 seconds
[2026-09-23T12:13:04.589+0000] {processor.py:186} INFO - Started process (PID=615) to work on /opt/airflow/dags/dss150p_pipeline.py
[2026-09-23T12:13:04.590+0000] {processor.py:914} INFO - Processing file /opt/airflow/dags/dss150p_pipeline.py for tasks to queue
[2026-09-23T12:13:04.591+0000] {logging_mixin.py:190} INFO - [2026-09-23T12:13:04.591+0000] {dagbag.py:588} INFO - Filling up the DagBag from /opt/airflow/dags/dss150p_pipeline.py
[2026-09-23T12:13:04.607+0000] {processor.py:925} INFO - DAG(s) 'dss150p_sales_pipeline' retrieved from /opt/airflow/dags/dss150p_pipeline.py
[2026-09-23T12:13:04.636+0000] {logging_mixin.py:190} INFO - [2026-09-23T12:13:04.636+0000] {dag.py:3239} INFO - Sync 1 DAGs
[2026-09-23T12:13:04.649+0000] {logging_mixin.py:190} INFO - [2026-09-23T12:13:04.649+0000] {dag.py:4180} INFO - Setting next_dagrun for dss150p_sales_pipeline to 2026-09-22 02:00:00+00:00, run_after=2026-09-23 02:00:00+00:00
[2026-09-23T12:13:04.660+0000] {processor.py:208} INFO - Processing /opt/airflow/dags/dss150p_pipeline.py took 0.076 seconds
[2026-09-23T12:13:34.740+0000] {processor.py:186} INFO - Started process (PID=620) to work on /opt/airflow/dags/dss150p_pipeline.py
[2026-09-23T12:13:34.740+0000] {processor.py:914} INFO - Processing file /opt/airflow/dags/dss150p_pipeline.py for tasks to queue
[2026-09-23T12:13:34.742+0000] {logging_mixin.py:190} INFO - [2026-09-23T12:13:34.742+0000] {dagbag.py:588} INFO - Filling up the DagBag from /opt/airflow/dags/dss150p_pipeline.py
[2026-09-23T12:13:34.757+0000] {processor.py:925} INFO - DAG(s) 'dss150p_sales_pipeline' retrieved from /opt/airflow/dags/dss150p_pipeline.py
[2026-09-23T12:13:34.786+0000] {logging_mixin.py:190} INFO - [2026-09-23T12:13:34.786+0000] {dag.py:3239} INFO - Sync 1 DAGs
[2026-09-23T12:13:34.798+0000] {logging_mixin.py:190} INFO - [2026-09-23T12:13:34.798+0000] {dag.py:4180} INFO - Setting next_dagrun for dss150p_sales_pipeline to 2026-09-22 02:00:00+00:00, run_after=2026-09-23 02:00:00+00:00
[2026-09-23T12:13:34.808+0000] {processor.py:208} INFO - Processing /opt/airflow/dags/dss150p_pipeline.py took 0.073 seconds
[2026-09-23T12:14:04.943+0000] {processor.py:186} INFO - Started process (PID=625) to work on /opt/airflow/dags/dss150p_pipeline.py
[2026-09-23T12:14:04.944+0000] {processor.py:914} INFO - Processing file /opt/airflow/dags/dss150p_pipeline.py for tasks to queue
[2026-09-23T12:14:04.946+0000] {logging_mixin.py:190} INFO - [2026-09-23T12:14:04.945+0000] {dagbag.py:588} INFO - Filling up the DagBag from /opt/airflow/dags/dss150p_pipeline.py
[2026-09-23T12:14:04.962+0000] {processor.py:925} INFO - DAG(s) 'dss150p_sales_pipeline' retrieved from /opt/airflow/dags/dss150p_pipeline.py
[2026-09-23T12:14:04.990+0000] {logging_mixin.py:190} INFO - [2026-09-23T12:14:04.990+0000] {dag.py:3239} INFO - Sync 1 DAGs
[2026-09-23T12:14:05.002+0000] {logging_mixin.py:190} INFO - [2026-09-23T12:14:05.002+0000] {dag.py:4180} INFO - Setting next_dagrun for dss150p_sales_pipeline to 2026-09-22 02:00:00+00:00, run_after=2026-09-23 02:00:00+00:00
[2026-09-23T12:14:05.013+0000] {processor.py:208} INFO - Processing /opt/airflow/dags/dss150p_pipeline.py took 0.075 seconds
[2026-09-23T12:14:35.087+0000] {processor.py:186} INFO - Started process (PID=630) to work on /opt/airflow/dags/dss150p_pipeline.py
[2026-09-23T12:14:35.087+0000] {processor.py:914} INFO - Processing file /opt/airflow/dags/dss150p_pipeline.py for tasks to queue
[2026-09-23T12:14:35.089+0000] {logging_mixin.py:190} INFO - [2026-09-23T12:14:35.089+0000] {dagbag.py:588} INFO - Filling up the DagBag from /opt/airflow/dags/dss150p_pipeline.py
[2026-09-23T12:14:35.108+0000] {processor.py:925} INFO - DAG(s) 'dss150p_sales_pipeline' retrieved from /opt/airflow/dags/dss150p_pipeline.py
[2026-09-23T12:14:35.141+0000] {logging_mixin.py:190} INFO - [2026-09-23T12:14:35.141+0000] {dag.py:3239} INFO - Sync 1 DAGs
[2026-09-23T12:14:35.154+0000] {logging_mixin.py:190} INFO - [2026-09-23T12:14:35.154+0000] {dag.py:4180} INFO - Setting next_dagrun for dss150p_sales_pipeline to 2026-09-22 02:00:00+00:00, run_after=2026-09-23 02:00:00+00:00
[2026-09-23T12:14:35.165+0000] {processor.py:208} INFO - Processing /opt/airflow/dags/dss150p_pipeline.py took 0.084 seconds
[2026-09-23T12:15:05.265+0000] {processor.py:186} INFO - Started process (PID=635) to work on /opt/airflow/dags/dss150p_pipeline.py
[2026-09-23T12:15:05.266+0000] {processor.py:914} INFO - Processing file /opt/airflow/dags/dss150p_pipeline.py for tasks to queue
[2026-09-23T12:15:05.268+0000] {logging_mixin.py:190} INFO - [2026-09-23T12:15:05.268+0000] {dagbag.py:588} INFO - Filling up the DagBag from /opt/airflow/dags/dss150p_pipeline.py
[2026-09-23T12:15:05.283+0000] {processor.py:925} INFO - DAG(s) 'dss150p_sales_pipeline' retrieved from /opt/airflow/dags/dss150p_pipeline.py
[2026-09-23T12:15:05.311+0000] {logging_mixin.py:190} INFO - [2026-09-23T12:15:05.311+0000] {dag.py:3239} INFO - Sync 1 DAGs
[2026-09-23T12:15:05.323+0000] {logging_mixin.py:190} INFO - [2026-09-23T12:15:05.323+0000] {dag.py:4180} INFO - Setting next_dagrun for dss150p_sales_pipeline to 2026-09-22 02:00:00+00:00, run_after=2026-09-23 02:00:00+00:00
[2026-09-23T12:15:05.341+0000] {processor.py:208} INFO - Processing /opt/airflow/dags/dss150p_pipeline.py took 0.082 seconds
[2026-09-23T12:15:35.416+0000] {processor.py:186} INFO - Started process (PID=640) to work on /opt/airflow/dags/dss150p_pipeline.py
[2026-09-23T12:15:35.417+0000] {processor.py:914} INFO - Processing file /opt/airflow/dags/dss150p_pipeline.py for tasks to queue
[2026-09-23T12:15:35.419+0000] {logging_mixin.py:190} INFO - [2026-09-23T12:15:35.419+0000] {dagbag.py:588} INFO - Filling up the DagBag from /opt/airflow/dags/dss150p_pipeline.py
[2026-09-23T12:15:35.435+0000] {processor.py:925} INFO - DAG(s) 'dss150p_sales_pipeline' retrieved from /opt/airflow/dags/dss150p_pipeline.py
[2026-09-23T12:15:35.465+0000] {logging_mixin.py:190} INFO - [2026-09-23T12:15:35.465+0000] {dag.py:3239} INFO - Sync 1 DAGs
[2026-09-23T12:15:35.479+0000] {logging_mixin.py:190} INFO - [2026-09-23T12:15:35.479+0000] {dag.py:4180} INFO - Setting next_dagrun for dss150p_sales_pipeline to 2026-09-22 02:00:00+00:00, run_after=2026-09-23 02:00:00+00:00
[2026-09-23T12:15:35.501+0000] {processor.py:208} INFO - Processing /opt/airflow/dags/dss150p_pipeline.py took 0.090 seconds
[2026-09-23T12:16:05.595+0000] {processor.py:186} INFO - Started process (PID=645) to work on /opt/airflow/dags/dss150p_pipeline.py
[2026-09-23T12:16:05.596+0000] {processor.py:914} INFO - Processing file /opt/airflow/dags/dss150p_pipeline.py for tasks to queue
[2026-09-23T12:16:05.598+0000] {logging_mixin.py:190} INFO - [2026-09-23T12:16:05.598+0000] {dagbag.py:588} INFO - Filling up the DagBag from /opt/airflow/dags/dss150p_pipeline.py
[2026-09-23T12:16:05.614+0000] {processor.py:925} INFO - DAG(s) 'dss150p_sales_pipeline' retrieved from /opt/airflow/dags/dss150p_pipeline.py
[2026-09-23T12:16:05.642+0000] {logging_mixin.py:190} INFO - [2026-09-23T12:16:05.642+0000] {dag.py:3239} INFO - Sync 1 DAGs
[2026-09-23T12:16:05.654+0000] {logging_mixin.py:190} INFO - [2026-09-23T12:16:05.654+0000] {dag.py:4180} INFO - Setting next_dagrun for dss150p_sales_pipeline to 2026-09-22 02:00:00+00:00, run_after=2026-09-23 02:00:00+00:00
[2026-09-23T12:16:05.664+0000] {processor.py:208} INFO - Processing /opt/airflow/dags/dss150p_pipeline.py took 0.074 seconds
[2026-09-23T12:16:35.764+0000] {processor.py:186} INFO - Started process (PID=650) to work on /opt/airflow/dags/dss150p_pipeline.py
[2026-09-23T12:16:35.765+0000] {processor.py:914} INFO - Processing file /opt/airflow/dags/dss150p_pipeline.py for tasks to queue
[2026-09-23T12:16:35.767+0000] {logging_mixin.py:190} INFO - [2026-09-23T12:16:35.766+0000] {dagbag.py:588} INFO - Filling up the DagBag from /opt/airflow/dags/dss150p_pipeline.py
[2026-09-23T12:16:35.783+0000] {processor.py:925} INFO - DAG(s) 'dss150p_sales_pipeline' retrieved from /opt/airflow/dags/dss150p_pipeline.py
[2026-09-23T12:16:35.812+0000] {logging_mixin.py:190} INFO - [2026-09-23T12:16:35.812+0000] {dag.py:3239} INFO - Sync 1 DAGs
[2026-09-23T12:16:35.825+0000] {logging_mixin.py:190} INFO - [2026-09-23T12:16:35.825+0000] {dag.py:4180} INFO - Setting next_dagrun for dss150p_sales_pipeline to 2026-09-22 02:00:00+00:00, run_after=2026-09-23 02:00:00+00:00
[2026-09-23T12:16:35.837+0000] {processor.py:208} INFO - Processing /opt/airflow/dags/dss150p_pipeline.py took 0.078 seconds
[2026-09-23T12:17:05.927+0000] {processor.py:186} INFO - Started process (PID=655) to work on /opt/airflow/dags/dss150p_pipeline.py
[2026-09-23T12:17:05.927+0000] {processor.py:914} INFO - Processing file /opt/airflow/dags/dss150p_pipeline.py for tasks to queue
[2026-09-23T12:17:05.929+0000] {logging_mixin.py:190} INFO - [2026-09-23T12:17:05.929+0000] {dagbag.py:588} INFO - Filling up the DagBag from /opt/airflow/dags/dss150p_pipeline.py
[2026-09-23T12:17:05.945+0000] {processor.py:925} INFO - DAG(s) 'dss150p_sales_pipeline' retrieved from /opt/airflow/dags/dss150p_pipeline.py
[2026-09-23T12:17:05.974+0000] {logging_mixin.py:190} INFO - [2026-09-23T12:17:05.974+0000] {dag.py:3239} INFO - Sync 1 DAGs
[2026-09-23T12:17:05.986+0000] {logging_mixin.py:190} INFO - [2026-09-23T12:17:05.985+0000] {dag.py:4180} INFO - Setting next_dagrun for dss150p_sales_pipeline to 2026-09-22 02:00:00+00:00, run_after=2026-09-23 02:00:00+00:00
[2026-09-23T12:17:05.995+0000] {processor.py:208} INFO - Processing /opt/airflow/dags/dss150p_pipeline.py took 0.074 seconds
[2026-09-23T12:17:36.098+0000] {processor.py:186} INFO - Started process (PID=660) to work on /opt/airflow/dags/dss150p_pipeline.py
[2026-09-23T12:17:36.098+0000] {processor.py:914} INFO - Processing file /opt/airflow/dags/dss150p_pipeline.py for tasks to queue
[2026-09-23T12:17:36.100+0000] {logging_mixin.py:190} INFO - [2026-09-23T12:17:36.100+0000] {dagbag.py:588} INFO - Filling up the DagBag from /opt/airflow/dags/dss150p_pipeline.py
[2026-09-23T12:17:36.115+0000] {processor.py:925} INFO - DAG(s) 'dss150p_sales_pipeline' retrieved from /opt/airflow/dags/dss150p_pipeline.py
[2026-09-23T12:17:36.144+0000] {logging_mixin.py:190} INFO - [2026-09-23T12:17:36.144+0000] {dag.py:3239} INFO - Sync 1 DAGs
[2026-09-23T12:17:36.156+0000] {logging_mixin.py:190} INFO - [2026-09-23T12:17:36.155+0000] {dag.py:4180} INFO - Setting next_dagrun for dss150p_sales_pipeline to 2026-09-22 02:00:00+00:00, run_after=2026-09-23 02:00:00+00:00
[2026-09-23T12:17:36.175+0000] {processor.py:208} INFO - Processing /opt/airflow/dags/dss150p_pipeline.py took 0.083 seconds
[2026-09-23T12:18:06.249+0000] {processor.py:186} INFO - Started process (PID=665) to work on /opt/airflow/dags/dss150p_pipeline.py
[2026-09-23T12:18:06.249+0000] {processor.py:914} INFO - Processing file /opt/airflow/dags/dss150p_pipeline.py for tasks to queue
[2026-09-23T12:18:06.251+0000] {logging_mixin.py:190} INFO - [2026-09-23T12:18:06.251+0000] {dagbag.py:588} INFO - Filling up the DagBag from /opt/airflow/dags/dss150p_pipeline.py
[2026-09-23T12:18:06.267+0000] {processor.py:925} INFO - DAG(s) 'dss150p_sales_pipeline' retrieved from /opt/airflow/dags/dss150p_pipeline.py
[2026-09-23T12:18:06.297+0000] {logging_mixin.py:190} INFO - [2026-09-23T12:18:06.297+0000] {dag.py:3239} INFO - Sync 1 DAGs
[2026-09-23T12:18:06.310+0000] {logging_mixin.py:190} INFO - [2026-09-23T12:18:06.309+0000] {dag.py:4180} INFO - Setting next_dagrun for dss150p_sales_pipeline to 2026-09-22 02:00:00+00:00, run_after=2026-09-23 02:00:00+00:00
[2026-09-23T12:18:06.329+0000] {processor.py:208} INFO - Processing /opt/airflow/dags/dss150p_pipeline.py took 0.085 seconds
[2026-09-23T12:18:36.429+0000] {processor.py:186} INFO - Started process (PID=670) to work on /opt/airflow/dags/dss150p_pipeline.py
[2026-09-23T12:18:36.429+0000] {processor.py:914} INFO - Processing file /opt/airflow/dags/dss150p_pipeline.py for tasks to queue
[2026-09-23T12:18:36.431+0000] {logging_mixin.py:190} INFO - [2026-09-23T12:18:36.431+0000] {dagbag.py:588} INFO - Filling up the DagBag from /opt/airflow/dags/dss150p_pipeline.py
[2026-09-23T12:18:36.447+0000] {processor.py:925} INFO - DAG(s) 'dss150p_sales_pipeline' retrieved from /opt/airflow/dags/dss150p_pipeline.py
[2026-09-23T12:18:36.477+0000] {logging_mixin.py:190} INFO - [2026-09-23T12:18:36.477+0000] {dag.py:3239} INFO - Sync 1 DAGs
[2026-09-23T12:18:36.490+0000] {logging_mixin.py:190} INFO - [2026-09-23T12:18:36.490+0000] {dag.py:4180} INFO - Setting next_dagrun for dss150p_sales_pipeline to 2026-09-22 02:00:00+00:00, run_after=2026-09-23 02:00:00+00:00
[2026-09-23T12:18:36.500+0000] {processor.py:208} INFO - Processing /opt/airflow/dags/dss150p_pipeline.py took 0.077 seconds
[2026-09-23T12:19:06.607+0000] {processor.py:186} INFO - Started process (PID=675) to work on /opt/airflow/dags/dss150p_pipeline.py
[2026-09-23T12:19:06.608+0000] {processor.py:914} INFO - Processing file /opt/airflow/dags/dss150p_pipeline.py for tasks to queue
[2026-09-23T12:19:06.610+0000] {logging_mixin.py:190} INFO - [2026-09-23T12:19:06.610+0000] {dagbag.py:588} INFO - Filling up the DagBag from /opt/airflow/dags/dss150p_pipeline.py
[2026-09-23T12:19:06.625+0000] {processor.py:925} INFO - DAG(s) 'dss150p_sales_pipeline' retrieved from /opt/airflow/dags/dss150p_pipeline.py
[2026-09-23T12:19:06.653+0000] {logging_mixin.py:190} INFO - [2026-09-23T12:19:06.653+0000] {dag.py:3239} INFO - Sync 1 DAGs
[2026-09-23T12:19:06.665+0000] {logging_mixin.py:190} INFO - [2026-09-23T12:19:06.665+0000] {dag.py:4180} INFO - Setting next_dagrun for dss150p_sales_pipeline to 2026-09-22 02:00:00+00:00, run_after=2026-09-23 02:00:00+00:00
[2026-09-23T12:19:06.683+0000] {processor.py:208} INFO - Processing /opt/airflow/dags/dss150p_pipeline.py took 0.081 seconds
[2026-09-23T12:19:36.768+0000] {processor.py:186} INFO - Started process (PID=680) to work on /opt/airflow/dags/dss150p_pipeline.py
[2026-09-23T12:19:36.769+0000] {processor.py:914} INFO - Processing file /opt/airflow/dags/dss150p_pipeline.py for tasks to queue
[2026-09-23T12:19:36.771+0000] {logging_mixin.py:190} INFO - [2026-09-23T12:19:36.771+0000] {dagbag.py:588} INFO - Filling up the DagBag from /opt/airflow/dags/dss150p_pipeline.py
[2026-09-23T12:19:36.788+0000] {processor.py:925} INFO - DAG(s) 'dss150p_sales_pipeline' retrieved from /opt/airflow/dags/dss150p_pipeline.py
[2026-09-23T12:19:36.818+0000] {logging_mixin.py:190} INFO - [2026-09-23T12:19:36.818+0000] {dag.py:3239} INFO - Sync 1 DAGs
[2026-09-23T12:19:36.831+0000] {logging_mixin.py:190} INFO - [2026-09-23T12:19:36.831+0000] {dag.py:4180} INFO - Setting next_dagrun for dss150p_sales_pipeline to 2026-09-22 02:00:00+00:00, run_after=2026-09-23 02:00:00+00:00
[2026-09-23T12:19:36.842+0000] {processor.py:208} INFO - Processing /opt/airflow/dags/dss150p_pipeline.py took 0.079 seconds
[2026-09-23T12:20:06.943+0000] {processor.py:186} INFO - Started process (PID=685) to work on /opt/airflow/dags/dss150p_pipeline.py
[2026-09-23T12:20:06.943+0000] {processor.py:914} INFO - Processing file /opt/airflow/dags/dss150p_pipeline.py for tasks to queue
[2026-09-23T12:20:06.945+0000] {logging_mixin.py:190} INFO - [2026-09-23T12:20:06.945+0000] {dagbag.py:588} INFO - Filling up the DagBag from /opt/airflow/dags/dss150p_pipeline.py
[2026-09-23T12:20:06.962+0000] {processor.py:925} INFO - DAG(s) 'dss150p_sales_pipeline' retrieved from /opt/airflow/dags/dss150p_pipeline.py
[2026-09-23T12:20:06.992+0000] {logging_mixin.py:190} INFO - [2026-09-23T12:20:06.992+0000] {dag.py:3239} INFO - Sync 1 DAGs
[2026-09-23T12:20:07.005+0000] {logging_mixin.py:190} INFO - [2026-09-23T12:20:07.004+0000] {dag.py:4180} INFO - Setting next_dagrun for dss150p_sales_pipeline to 2026-09-22 02:00:00+00:00, run_after=2026-09-23 02:00:00+00:00
[2026-09-23T12:20:07.015+0000] {processor.py:208} INFO - Processing /opt/airflow/dags/dss150p_pipeline.py took 0.078 seconds
[2026-09-23T12:20:37.115+0000] {processor.py:186} INFO - Started process (PID=690) to work on /opt/airflow/dags/dss150p_pipeline.py
[2026-09-23T12:20:37.115+0000] {processor.py:914} INFO - Processing file /opt/airflow/dags/dss150p_pipeline.py for tasks to queue
[2026-09-23T12:20:37.118+0000] {logging_mixin.py:190} INFO - [2026-09-23T12:20:37.117+0000] {dagbag.py:588} INFO - Filling up the DagBag from /opt/airflow/dags/dss150p_pipeline.py
[2026-09-23T12:20:37.135+0000] {processor.py:925} INFO - DAG(s) 'dss150p_sales_pipeline' retrieved from /opt/airflow/dags/dss150p_pipeline.py
[2026-09-23T12:20:37.169+0000] {logging_mixin.py:190} INFO - [2026-09-23T12:20:37.169+0000] {dag.py:3239} INFO - Sync 1 DAGs
[2026-09-23T12:20:37.184+0000] {logging_mixin.py:190} INFO - [2026-09-23T12:20:37.184+0000] {dag.py:4180} INFO - Setting next_dagrun for dss150p_sales_pipeline to 2026-09-22 02:00:00+00:00, run_after=2026-09-23 02:00:00+00:00
[2026-09-23T12:20:37.205+0000] {processor.py:208} INFO - Processing /opt/airflow/dags/dss150p_pipeline.py took 0.097 seconds
[2026-09-23T12:21:07.313+0000] {processor.py:186} INFO - Started process (PID=695) to work on /opt/airflow/dags/dss150p_pipeline.py
[2026-09-23T12:21:07.314+0000] {processor.py:914} INFO - Processing file /opt/airflow/dags/dss150p_pipeline.py for tasks to queue
[2026-09-23T12:21:07.316+0000] {logging_mixin.py:190} INFO - [2026-09-23T12:21:07.316+0000] {dagbag.py:588} INFO - Filling up the DagBag from /opt/airflow/dags/dss150p_pipeline.py
[2026-09-23T12:21:07.335+0000] {processor.py:925} INFO - DAG(s) 'dss150p_sales_pipeline' retrieved from /opt/airflow/dags/dss150p_pipeline.py
[2026-09-23T12:21:07.367+0000] {logging_mixin.py:190} INFO - [2026-09-23T12:21:07.367+0000] {dag.py:3239} INFO - Sync 1 DAGs
[2026-09-23T12:21:07.381+0000] {logging_mixin.py:190} INFO - [2026-09-23T12:21:07.380+0000] {dag.py:4180} INFO - Setting next_dagrun for dss150p_sales_pipeline to 2026-09-22 02:00:00+00:00, run_after=2026-09-23 02:00:00+00:00
[2026-09-23T12:21:07.402+0000] {processor.py:208} INFO - Processing /opt/airflow/dags/dss150p_pipeline.py took 0.096 seconds
[2026-09-23T12:21:37.487+0000] {processor.py:186} INFO - Started process (PID=700) to work on /opt/airflow/dags/dss150p_pipeline.py
[2026-09-23T12:21:37.488+0000] {processor.py:914} INFO - Processing file /opt/airflow/dags/dss150p_pipeline.py for tasks to queue
[2026-09-23T12:21:37.490+0000] {logging_mixin.py:190} INFO - [2026-09-23T12:21:37.489+0000] {dagbag.py:588} INFO - Filling up the DagBag from /opt/airflow/dags/dss150p_pipeline.py
[2026-09-23T12:21:37.505+0000] {processor.py:925} INFO - DAG(s) 'dss150p_sales_pipeline' retrieved from /opt/airflow/dags/dss150p_pipeline.py
[2026-09-23T12:21:37.535+0000] {logging_mixin.py:190} INFO - [2026-09-23T12:21:37.535+0000] {dag.py:3239} INFO - Sync 1 DAGs
[2026-09-23T12:21:37.546+0000] {logging_mixin.py:190} INFO - [2026-09-23T12:21:37.546+0000] {dag.py:4180} INFO - Setting next_dagrun for dss150p_sales_pipeline to 2026-09-22 02:00:00+00:00, run_after=2026-09-23 02:00:00+00:00
[2026-09-23T12:21:37.564+0000] {processor.py:208} INFO - Processing /opt/airflow/dags/dss150p_pipeline.py took 0.082 seconds
[2026-09-23T12:22:07.673+0000] {processor.py:186} INFO - Started process (PID=705) to work on /opt/airflow/dags/dss150p_pipeline.py
[2026-09-23T12:22:07.674+0000] {processor.py:914} INFO - Processing file /opt/airflow/dags/dss150p_pipeline.py for tasks to queue
[2026-09-23T12:22:07.676+0000] {logging_mixin.py:190} INFO - [2026-09-23T12:22:07.675+0000] {dagbag.py:588} INFO - Filling up the DagBag from /opt/airflow/dags/dss150p_pipeline.py
[2026-09-23T12:22:07.691+0000] {processor.py:925} INFO - DAG(s) 'dss150p_sales_pipeline' retrieved from /opt/airflow/dags/dss150p_pipeline.py
[2026-09-23T12:22:07.722+0000] {logging_mixin.py:190} INFO - [2026-09-23T12:22:07.722+0000] {dag.py:3239} INFO - Sync 1 DAGs
[2026-09-23T12:22:07.734+0000] {logging_mixin.py:190} INFO - [2026-09-23T12:22:07.734+0000] {dag.py:4180} INFO - Setting next_dagrun for dss150p_sales_pipeline to 2026-09-22 02:00:00+00:00, run_after=2026-09-23 02:00:00+00:00
[2026-09-23T12:22:07.744+0000] {processor.py:208} INFO - Processing /opt/airflow/dags/dss150p_pipeline.py took 0.076 seconds
[2026-09-23T12:22:37.819+0000] {processor.py:186} INFO - Started process (PID=710) to work on /opt/airflow/dags/dss150p_pipeline.py
[2026-09-23T12:22:37.820+0000] {processor.py:914} INFO - Processing file /opt/airflow/dags/dss150p_pipeline.py for tasks to queue
[2026-09-23T12:22:37.822+0000] {logging_mixin.py:190} INFO - [2026-09-23T12:22:37.822+0000] {dagbag.py:588} INFO - Filling up the DagBag from /opt/airflow/dags/dss150p_pipeline.py
[2026-09-23T12:22:37.840+0000] {processor.py:925} INFO - DAG(s) 'dss150p_sales_pipeline' retrieved from /opt/airflow/dags/dss150p_pipeline.py
[2026-09-23T12:22:37.869+0000] {logging_mixin.py:190} INFO - [2026-09-23T12:22:37.869+0000] {dag.py:3239} INFO - Sync 1 DAGs
[2026-09-23T12:22:37.881+0000] {logging_mixin.py:190} INFO - [2026-09-23T12:22:37.881+0000] {dag.py:4180} INFO - Setting next_dagrun for dss150p_sales_pipeline to 2026-09-22 02:00:00+00:00, run_after=2026-09-23 02:00:00+00:00
[2026-09-23T12:22:37.892+0000] {processor.py:208} INFO - Processing /opt/airflow/dags/dss150p_pipeline.py took 0.078 seconds
[2026-09-23T12:23:08.004+0000] {processor.py:186} INFO - Started process (PID=715) to work on /opt/airflow/dags/dss150p_pipeline.py
[2026-09-23T12:23:08.005+0000] {processor.py:914} INFO - Processing file /opt/airflow/dags/dss150p_pipeline.py for tasks to queue
[2026-09-23T12:23:08.007+0000] {logging_mixin.py:190} INFO - [2026-09-23T12:23:08.007+0000] {dagbag.py:588} INFO - Filling up the DagBag from /opt/airflow/dags/dss150p_pipeline.py
[2026-09-23T12:23:08.023+0000] {processor.py:925} INFO - DAG(s) 'dss150p_sales_pipeline' retrieved from /opt/airflow/dags/dss150p_pipeline.py
[2026-09-23T12:23:08.054+0000] {logging_mixin.py:190} INFO - [2026-09-23T12:23:08.053+0000] {dag.py:3239} INFO - Sync 1 DAGs
[2026-09-23T12:23:08.069+0000] {logging_mixin.py:190} INFO - [2026-09-23T12:23:08.069+0000] {dag.py:4180} INFO - Setting next_dagrun for dss150p_sales_pipeline to 2026-09-22 02:00:00+00:00, run_after=2026-09-23 02:00:00+00:00
[2026-09-23T12:23:08.089+0000] {processor.py:208} INFO - Processing /opt/airflow/dags/dss150p_pipeline.py took 0.090 seconds
[2026-09-23T12:23:38.164+0000] {processor.py:186} INFO - Started process (PID=720) to work on /opt/airflow/dags/dss150p_pipeline.py
[2026-09-23T12:23:38.165+0000] {processor.py:914} INFO - Processing file /opt/airflow/dags/dss150p_pipeline.py for tasks to queue
[2026-09-23T12:23:38.167+0000] {logging_mixin.py:190} INFO - [2026-09-23T12:23:38.167+0000] {dagbag.py:588} INFO - Filling up the DagBag from /opt/airflow/dags/dss150p_pipeline.py
[2026-09-23T12:23:38.185+0000] {processor.py:925} INFO - DAG(s) 'dss150p_sales_pipeline' retrieved from /opt/airflow/dags/dss150p_pipeline.py
[2026-09-23T12:23:38.216+0000] {logging_mixin.py:190} INFO - [2026-09-23T12:23:38.216+0000] {dag.py:3239} INFO - Sync 1 DAGs
[2026-09-23T12:23:38.228+0000] {logging_mixin.py:190} INFO - [2026-09-23T12:23:38.228+0000] {dag.py:4180} INFO - Setting next_dagrun for dss150p_sales_pipeline to 2026-09-22 02:00:00+00:00, run_after=2026-09-23 02:00:00+00:00
[2026-09-23T12:23:38.238+0000] {processor.py:208} INFO - Processing /opt/airflow/dags/dss150p_pipeline.py took 0.081 seconds
[2026-09-23T12:24:08.388+0000] {processor.py:186} INFO - Started process (PID=725) to work on /opt/airflow/dags/dss150p_pipeline.py
[2026-09-23T12:24:08.389+0000] {processor.py:914} INFO - Processing file /opt/airflow/dags/dss150p_pipeline.py for tasks to queue
[2026-09-23T12:24:08.390+0000] {logging_mixin.py:190} INFO - [2026-09-23T12:24:08.390+0000] {dagbag.py:588} INFO - Filling up the DagBag from /opt/airflow/dags/dss150p_pipeline.py
[2026-09-23T12:24:08.407+0000] {processor.py:925} INFO - DAG(s) 'dss150p_sales_pipeline' retrieved from /opt/airflow/dags/dss150p_pipeline.py
[2026-09-23T12:24:08.436+0000] {logging_mixin.py:190} INFO - [2026-09-23T12:24:08.436+0000] {dag.py:3239} INFO - Sync 1 DAGs
[2026-09-23T12:24:08.448+0000] {logging_mixin.py:190} INFO - [2026-09-23T12:24:08.448+0000] {dag.py:4180} INFO - Setting next_dagrun for dss150p_sales_pipeline to 2026-09-22 02:00:00+00:00, run_after=2026-09-23 02:00:00+00:00
[2026-09-23T12:24:08.458+0000] {processor.py:208} INFO - Processing /opt/airflow/dags/dss150p_pipeline.py took 0.075 seconds
[2026-09-23T12:24:38.541+0000] {processor.py:186} INFO - Started process (PID=730) to work on /opt/airflow/dags/dss150p_pipeline.py
[2026-09-23T12:24:38.542+0000] {processor.py:914} INFO - Processing file /opt/airflow/dags/dss150p_pipeline.py for tasks to queue
[2026-09-23T12:24:38.544+0000] {logging_mixin.py:190} INFO - [2026-09-23T12:24:38.543+0000] {dagbag.py:588} INFO - Filling up the DagBag from /opt/airflow/dags/dss150p_pipeline.py
[2026-09-23T12:24:38.561+0000] {processor.py:925} INFO - DAG(s) 'dss150p_sales_pipeline' retrieved from /opt/airflow/dags/dss150p_pipeline.py
[2026-09-23T12:24:38.592+0000] {logging_mixin.py:190} INFO - [2026-09-23T12:24:38.592+0000] {dag.py:3239} INFO - Sync 1 DAGs
[2026-09-23T12:24:38.604+0000] {logging_mixin.py:190} INFO - [2026-09-23T12:24:38.603+0000] {dag.py:4180} INFO - Setting next_dagrun for dss150p_sales_pipeline to 2026-09-22 02:00:00+00:00, run_after=2026-09-23 02:00:00+00:00
[2026-09-23T12:24:38.614+0000] {processor.py:208} INFO - Processing /opt/airflow/dags/dss150p_pipeline.py took 0.079 seconds
[2026-09-23T12:25:08.725+0000] {processor.py:186} INFO - Started process (PID=735) to work on /opt/airflow/dags/dss150p_pipeline.py
[2026-09-23T12:25:08.726+0000] {processor.py:914} INFO - Processing file /opt/airflow/dags/dss150p_pipeline.py for tasks to queue
[2026-09-23T12:25:08.728+0000] {logging_mixin.py:190} INFO - [2026-09-23T12:25:08.727+0000] {dagbag.py:588} INFO - Filling up the DagBag from /opt/airflow/dags/dss150p_pipeline.py
[2026-09-23T12:25:08.743+0000] {processor.py:925} INFO - DAG(s) 'dss150p_sales_pipeline' retrieved from /opt/airflow/dags/dss150p_pipeline.py
[2026-09-23T12:25:08.773+0000] {logging_mixin.py:190} INFO - [2026-09-23T12:25:08.773+0000] {dag.py:3239} INFO - Sync 1 DAGs
[2026-09-23T12:25:08.785+0000] {logging_mixin.py:190} INFO - [2026-09-23T12:25:08.785+0000] {dag.py:4180} INFO - Setting next_dagrun for dss150p_sales_pipeline to 2026-09-22 02:00:00+00:00, run_after=2026-09-23 02:00:00+00:00
[2026-09-23T12:25:08.794+0000] {processor.py:208} INFO - Processing /opt/airflow/dags/dss150p_pipeline.py took 0.075 seconds
[2026-09-23T12:25:38.876+0000] {processor.py:186} INFO - Started process (PID=740) to work on /opt/airflow/dags/dss150p_pipeline.py
[2026-09-23T12:25:38.877+0000] {processor.py:914} INFO - Processing file /opt/airflow/dags/dss150p_pipeline.py for tasks to queue
[2026-09-23T12:25:38.879+0000] {logging_mixin.py:190} INFO - [2026-09-23T12:25:38.879+0000] {dagbag.py:588} INFO - Filling up the DagBag from /opt/airflow/dags/dss150p_pipeline.py
[2026-09-23T12:25:38.895+0000] {processor.py:925} INFO - DAG(s) 'dss150p_sales_pipeline' retrieved from /opt/airflow/dags/dss150p_pipeline.py
[2026-09-23T12:25:38.926+0000] {logging_mixin.py:190} INFO - [2026-09-23T12:25:38.926+0000] {dag.py:3239} INFO - Sync 1 DAGs
[2026-09-23T12:25:38.938+0000] {logging_mixin.py:190} INFO - [2026-09-23T12:25:38.938+0000] {dag.py:4180} INFO - Setting next_dagrun for dss150p_sales_pipeline to 2026-09-22 02:00:00+00:00, run_after=2026-09-23 02:00:00+00:00
[2026-09-23T12:25:38.949+0000] {processor.py:208} INFO - Processing /opt/airflow/dags/dss150p_pipeline.py took 0.078 seconds
[2026-09-23T12:26:09.057+0000] {processor.py:186} INFO - Started process (PID=745) to work on /opt/airflow/dags/dss150p_pipeline.py
[2026-09-23T12:26:09.058+0000] {processor.py:914} INFO - Processing file /opt/airflow/dags/dss150p_pipeline.py for tasks to queue
[2026-09-23T12:26:09.060+0000] {logging_mixin.py:190} INFO - [2026-09-23T12:26:09.060+0000] {dagbag.py:588} INFO - Filling up the DagBag from /opt/airflow/dags/dss150p_pipeline.py
[2026-09-23T12:26:09.076+0000] {processor.py:925} INFO - DAG(s) 'dss150p_sales_pipeline' retrieved from /opt/airflow/dags/dss150p_pipeline.py
[2026-09-23T12:26:09.105+0000] {logging_mixin.py:190} INFO - [2026-09-23T12:26:09.105+0000] {dag.py:3239} INFO - Sync 1 DAGs
[2026-09-23T12:26:09.117+0000] {logging_mixin.py:190} INFO - [2026-09-23T12:26:09.117+0000] {dag.py:4180} INFO - Setting next_dagrun for dss150p_sales_pipeline to 2026-09-22 02:00:00+00:00, run_after=2026-09-23 02:00:00+00:00
[2026-09-23T12:26:09.127+0000] {processor.py:208} INFO - Processing /opt/airflow/dags/dss150p_pipeline.py took 0.074 seconds
[2026-09-23T12:26:39.213+0000] {processor.py:186} INFO - Started process (PID=750) to work on /opt/airflow/dags/dss150p_pipeline.py
[2026-09-23T12:26:39.213+0000] {processor.py:914} INFO - Processing file /opt/airflow/dags/dss150p_pipeline.py for tasks to queue
[2026-09-23T12:26:39.215+0000] {logging_mixin.py:190} INFO - [2026-09-23T12:26:39.215+0000] {dagbag.py:588} INFO - Filling up the DagBag from /opt/airflow/dags/dss150p_pipeline.py
[2026-09-23T12:26:39.231+0000] {processor.py:925} INFO - DAG(s) 'dss150p_sales_pipeline' retrieved from /opt/airflow/dags/dss150p_pipeline.py
[2026-09-23T12:26:39.260+0000] {logging_mixin.py:190} INFO - [2026-09-23T12:26:39.260+0000] {dag.py:3239} INFO - Sync 1 DAGs
[2026-09-23T12:26:39.272+0000] {logging_mixin.py:190} INFO - [2026-09-23T12:26:39.272+0000] {dag.py:4180} INFO - Setting next_dagrun for dss150p_sales_pipeline to 2026-09-22 02:00:00+00:00, run_after=2026-09-23 02:00:00+00:00
[2026-09-23T12:26:39.282+0000] {processor.py:208} INFO - Processing /opt/airflow/dags/dss150p_pipeline.py took 0.074 seconds
[2026-09-23T12:27:09.391+0000] {processor.py:186} INFO - Started process (PID=755) to work on /opt/airflow/dags/dss150p_pipeline.py
[2026-09-23T12:27:09.392+0000] {processor.py:914} INFO - Processing file /opt/airflow/dags/dss150p_pipeline.py for tasks to queue
[2026-09-23T12:27:09.394+0000] {logging_mixin.py:190} INFO - [2026-09-23T12:27:09.394+0000] {dagbag.py:588} INFO - Filling up the DagBag from /opt/airflow/dags/dss150p_pipeline.py
[2026-09-23T12:27:09.410+0000] {processor.py:925} INFO - DAG(s) 'dss150p_sales_pipeline' retrieved from /opt/airflow/dags/dss150p_pipeline.py
[2026-09-23T12:27:09.439+0000] {logging_mixin.py:190} INFO - [2026-09-23T12:27:09.439+0000] {dag.py:3239} INFO - Sync 1 DAGs
[2026-09-23T12:27:09.450+0000] {logging_mixin.py:190} INFO - [2026-09-23T12:27:09.450+0000] {dag.py:4180} INFO - Setting next_dagrun for dss150p_sales_pipeline to 2026-09-22 02:00:00+00:00, run_after=2026-09-23 02:00:00+00:00
[2026-09-23T12:27:09.461+0000] {processor.py:208} INFO - Processing /opt/airflow/dags/dss150p_pipeline.py took 0.074 seconds
[2026-09-23T12:27:39.539+0000] {processor.py:186} INFO - Started process (PID=760) to work on /opt/airflow/dags/dss150p_pipeline.py
[2026-09-23T12:27:39.540+0000] {processor.py:914} INFO - Processing file /opt/airflow/dags/dss150p_pipeline.py for tasks to queue
[2026-09-23T12:27:39.542+0000] {logging_mixin.py:190} INFO - [2026-09-23T12:27:39.541+0000] {dagbag.py:588} INFO - Filling up the DagBag from /opt/airflow/dags/dss150p_pipeline.py
[2026-09-23T12:27:39.558+0000] {processor.py:925} INFO - DAG(s) 'dss150p_sales_pipeline' retrieved from /opt/airflow/dags/dss150p_pipeline.py
[2026-09-23T12:27:39.589+0000] {logging_mixin.py:190} INFO - [2026-09-23T12:27:39.589+0000] {dag.py:3239} INFO - Sync 1 DAGs
[2026-09-23T12:27:39.601+0000] {logging_mixin.py:190} INFO - [2026-09-23T12:27:39.601+0000] {dag.py:4180} INFO - Setting next_dagrun for dss150p_sales_pipeline to 2026-09-22 02:00:00+00:00, run_after=2026-09-23 02:00:00+00:00
[2026-09-23T12:27:39.620+0000] {processor.py:208} INFO - Processing /opt/airflow/dags/dss150p_pipeline.py took 0.086 seconds
[2026-09-23T12:28:09.720+0000] {processor.py:186} INFO - Started process (PID=765) to work on /opt/airflow/dags/dss150p_pipeline.py
[2026-09-23T12:28:09.721+0000] {processor.py:914} INFO - Processing file /opt/airflow/dags/dss150p_pipeline.py for tasks to queue
[2026-09-23T12:28:09.722+0000] {logging_mixin.py:190} INFO - [2026-09-23T12:28:09.722+0000] {dagbag.py:588} INFO - Filling up the DagBag from /opt/airflow/dags/dss150p_pipeline.py
[2026-09-23T12:28:09.738+0000] {processor.py:925} INFO - DAG(s) 'dss150p_sales_pipeline' retrieved from /opt/airflow/dags/dss150p_pipeline.py
[2026-09-23T12:28:09.768+0000] {logging_mixin.py:190} INFO - [2026-09-23T12:28:09.768+0000] {dag.py:3239} INFO - Sync 1 DAGs
[2026-09-23T12:28:09.781+0000] {logging_mixin.py:190} INFO - [2026-09-23T12:28:09.781+0000] {dag.py:4180} INFO - Setting next_dagrun for dss150p_sales_pipeline to 2026-09-22 02:00:00+00:00, run_after=2026-09-23 02:00:00+00:00
[2026-09-23T12:28:09.800+0000] {processor.py:208} INFO - Processing /opt/airflow/dags/dss150p_pipeline.py took 0.086 seconds
[2026-09-23T12:28:39.887+0000] {processor.py:186} INFO - Started process (PID=770) to work on /opt/airflow/dags/dss150p_pipeline.py
[2026-09-23T12:28:39.888+0000] {processor.py:914} INFO - Processing file /opt/airflow/dags/dss150p_pipeline.py for tasks to queue
[2026-09-23T12:28:39.890+0000] {logging_mixin.py:190} INFO - [2026-09-23T12:28:39.890+0000] {dagbag.py:588} INFO - Filling up the DagBag from /opt/airflow/dags/dss150p_pipeline.py
[2026-09-23T12:28:39.907+0000] {processor.py:925} INFO - DAG(s) 'dss150p_sales_pipeline' retrieved from /opt/airflow/dags/dss150p_pipeline.py
[2026-09-23T12:28:39.938+0000] {logging_mixin.py:190} INFO - [2026-09-23T12:28:39.937+0000] {dag.py:3239} INFO - Sync 1 DAGs
[2026-09-23T12:28:39.950+0000] {logging_mixin.py:190} INFO - [2026-09-23T12:28:39.950+0000] {dag.py:4180} INFO - Setting next_dagrun for dss150p_sales_pipeline to 2026-09-22 02:00:00+00:00, run_after=2026-09-23 02:00:00+00:00
[2026-09-23T12:28:39.970+0000] {processor.py:208} INFO - Processing /opt/airflow/dags/dss150p_pipeline.py took 0.088 seconds
[2026-09-23T12:29:10.103+0000] {processor.py:186} INFO - Started process (PID=775) to work on /opt/airflow/dags/dss150p_pipeline.py
[2026-09-23T12:29:10.104+0000] {processor.py:914} INFO - Processing file /opt/airflow/dags/dss150p_pipeline.py for tasks to queue
[2026-09-23T12:29:10.106+0000] {logging_mixin.py:190} INFO - [2026-09-23T12:29:10.105+0000] {dagbag.py:588} INFO - Filling up the DagBag from /opt/airflow/dags/dss150p_pipeline.py
[2026-09-23T12:29:10.121+0000] {processor.py:925} INFO - DAG(s) 'dss150p_sales_pipeline' retrieved from /opt/airflow/dags/dss150p_pipeline.py
[2026-09-23T12:29:10.151+0000] {logging_mixin.py:190} INFO - [2026-09-23T12:29:10.151+0000] {dag.py:3239} INFO - Sync 1 DAGs
[2026-09-23T12:29:10.164+0000] {logging_mixin.py:190} INFO - [2026-09-23T12:29:10.164+0000] {dag.py:4180} INFO - Setting next_dagrun for dss150p_sales_pipeline to 2026-09-22 02:00:00+00:00, run_after=2026-09-23 02:00:00+00:00
[2026-09-23T12:29:10.175+0000] {processor.py:208} INFO - Processing /opt/airflow/dags/dss150p_pipeline.py took 0.077 seconds
[2026-09-23T12:29:40.254+0000] {processor.py:186} INFO - Started process (PID=780) to work on /opt/airflow/dags/dss150p_pipeline.py
[2026-09-23T12:29:40.255+0000] {processor.py:914} INFO - Processing file /opt/airflow/dags/dss150p_pipeline.py for tasks to queue
[2026-09-23T12:29:40.257+0000] {logging_mixin.py:190} INFO - [2026-09-23T12:29:40.257+0000] {dagbag.py:588} INFO - Filling up the DagBag from /opt/airflow/dags/dss150p_pipeline.py
[2026-09-23T12:29:40.273+0000] {processor.py:925} INFO - DAG(s) 'dss150p_sales_pipeline' retrieved from /opt/airflow/dags/dss150p_pipeline.py
[2026-09-23T12:29:40.304+0000] {logging_mixin.py:190} INFO - [2026-09-23T12:29:40.304+0000] {dag.py:3239} INFO - Sync 1 DAGs
[2026-09-23T12:29:40.315+0000] {logging_mixin.py:190} INFO - [2026-09-23T12:29:40.315+0000] {dag.py:4180} INFO - Setting next_dagrun for dss150p_sales_pipeline to 2026-09-22 02:00:00+00:00, run_after=2026-09-23 02:00:00+00:00
[2026-09-23T12:29:40.325+0000] {processor.py:208} INFO - Processing /opt/airflow/dags/dss150p_pipeline.py took 0.077 seconds
[2026-09-23T12:30:10.442+0000] {processor.py:186} INFO - Started process (PID=785) to work on /opt/airflow/dags/dss150p_pipeline.py
[2026-09-23T12:30:10.443+0000] {processor.py:914} INFO - Processing file /opt/airflow/dags/dss150p_pipeline.py for tasks to queue
[2026-09-23T12:30:10.445+0000] {logging_mixin.py:190} INFO - [2026-09-23T12:30:10.445+0000] {dagbag.py:588} INFO - Filling up the DagBag from /opt/airflow/dags/dss150p_pipeline.py
[2026-09-23T12:30:10.461+0000] {processor.py:925} INFO - DAG(s) 'dss150p_sales_pipeline' retrieved from /opt/airflow/dags/dss150p_pipeline.py
[2026-09-23T12:30:10.490+0000] {logging_mixin.py:190} INFO - [2026-09-23T12:30:10.490+0000] {dag.py:3239} INFO - Sync 1 DAGs
[2026-09-23T12:30:10.502+0000] {logging_mixin.py:190} INFO - [2026-09-23T12:30:10.502+0000] {dag.py:4180} INFO - Setting next_dagrun for dss150p_sales_pipeline to 2026-09-22 02:00:00+00:00, run_after=2026-09-23 02:00:00+00:00
[2026-09-23T12:30:10.511+0000] {processor.py:208} INFO - Processing /opt/airflow/dags/dss150p_pipeline.py took 0.076 seconds
[2026-09-23T12:30:40.592+0000] {processor.py:186} INFO - Started process (PID=790) to work on /opt/airflow/dags/dss150p_pipeline.py
[2026-09-23T12:30:40.592+0000] {processor.py:914} INFO - Processing file /opt/airflow/dags/dss150p_pipeline.py for tasks to queue
[2026-09-23T12:30:40.594+0000] {logging_mixin.py:190} INFO - [2026-09-23T12:30:40.594+0000] {dagbag.py:588} INFO - Filling up the DagBag from /opt/airflow/dags/dss150p_pipeline.py
[2026-09-23T12:30:40.611+0000] {processor.py:925} INFO - DAG(s) 'dss150p_sales_pipeline' retrieved from /opt/airflow/dags/dss150p_pipeline.py
[2026-09-23T12:30:40.645+0000] {logging_mixin.py:190} INFO - [2026-09-23T12:30:40.645+0000] {dag.py:3239} INFO - Sync 1 DAGs
[2026-09-23T12:30:40.659+0000] {logging_mixin.py:190} INFO - [2026-09-23T12:30:40.659+0000] {dag.py:4180} INFO - Setting next_dagrun for dss150p_sales_pipeline to 2026-09-22 02:00:00+00:00, run_after=2026-09-23 02:00:00+00:00
[2026-09-23T12:30:40.669+0000] {processor.py:208} INFO - Processing /opt/airflow/dags/dss150p_pipeline.py took 0.083 seconds
[2026-09-23T12:31:10.770+0000] {processor.py:186} INFO - Started process (PID=795) to work on /opt/airflow/dags/dss150p_pipeline.py
[2026-09-23T12:31:10.770+0000] {processor.py:914} INFO - Processing file /opt/airflow/dags/dss150p_pipeline.py for tasks to queue
[2026-09-23T12:31:10.772+0000] {logging_mixin.py:190} INFO - [2026-09-23T12:31:10.772+0000] {dagbag.py:588} INFO - Filling up the DagBag from /opt/airflow/dags/dss150p_pipeline.py
[2026-09-23T12:31:10.788+0000] {processor.py:925} INFO - DAG(s) 'dss150p_sales_pipeline' retrieved from /opt/airflow/dags/dss150p_pipeline.py
[2026-09-23T12:31:10.816+0000] {logging_mixin.py:190} INFO - [2026-09-23T12:31:10.816+0000] {dag.py:3239} INFO - Sync 1 DAGs
[2026-09-23T12:31:10.828+0000] {logging_mixin.py:190} INFO - [2026-09-23T12:31:10.828+0000] {dag.py:4180} INFO - Setting next_dagrun for dss150p_sales_pipeline to 2026-09-22 02:00:00+00:00, run_after=2026-09-23 02:00:00+00:00
[2026-09-23T12:31:10.838+0000] {processor.py:208} INFO - Processing /opt/airflow/dags/dss150p_pipeline.py took 0.073 seconds
[2026-09-23T12:31:40.925+0000] {processor.py:186} INFO - Started process (PID=800) to work on /opt/airflow/dags/dss150p_pipeline.py
[2026-09-23T12:31:40.926+0000] {processor.py:914} INFO - Processing file /opt/airflow/dags/dss150p_pipeline.py for tasks to queue
[2026-09-23T12:31:40.928+0000] {logging_mixin.py:190} INFO - [2026-09-23T12:31:40.928+0000] {dagbag.py:588} INFO - Filling up the DagBag from /opt/airflow/dags/dss150p_pipeline.py
[2026-09-23T12:31:40.948+0000] {processor.py:925} INFO - DAG(s) 'dss150p_sales_pipeline' retrieved from /opt/airflow/dags/dss150p_pipeline.py
[2026-09-23T12:31:40.980+0000] {logging_mixin.py:190} INFO - [2026-09-23T12:31:40.980+0000] {dag.py:3239} INFO - Sync 1 DAGs
[2026-09-23T12:31:40.996+0000] {logging_mixin.py:190} INFO - [2026-09-23T12:31:40.996+0000] {dag.py:4180} INFO - Setting next_dagrun for dss150p_sales_pipeline to 2026-09-22 02:00:00+00:00, run_after=2026-09-23 02:00:00+00:00
[2026-09-23T12:31:41.007+0000] {processor.py:208} INFO - Processing /opt/airflow/dags/dss150p_pipeline.py took 0.087 seconds
[2026-09-23T12:45:31.269+0000] {processor.py:186} INFO - Started process (PID=175) to work on /opt/airflow/dags/dss150p_pipeline.py
[2026-09-23T12:45:31.270+0000] {processor.py:914} INFO - Processing file /opt/airflow/dags/dss150p_pipeline.py for tasks to queue
[2026-09-23T12:45:31.271+0000] {logging_mixin.py:190} INFO - [2026-09-23T12:45:31.271+0000] {dagbag.py:588} INFO - Filling up the DagBag from /opt/airflow/dags/dss150p_pipeline.py
[2026-09-23T12:45:31.293+0000] {processor.py:925} INFO - DAG(s) 'dss150p_sales_pipeline' retrieved from /opt/airflow/dags/dss150p_pipeline.py
[2026-09-23T12:45:31.461+0000] {logging_mixin.py:190} INFO - [2026-09-23T12:45:31.460+0000] {override.py:1912} INFO - Created Permission View: can edit on DAG:dss150p_sales_pipeline
[2026-09-23T12:45:31.468+0000] {logging_mixin.py:190} INFO - [2026-09-23T12:45:31.468+0000] {override.py:1912} INFO - Created Permission View: can delete on DAG:dss150p_sales_pipeline
[2026-09-23T12:45:31.472+0000] {logging_mixin.py:190} INFO - [2026-09-23T12:45:31.472+0000] {override.py:1912} INFO - Created Permission View: can read on DAG:dss150p_sales_pipeline
[2026-09-23T12:45:31.476+0000] {logging_mixin.py:190} INFO - [2026-09-23T12:45:31.476+0000] {override.py:1912} INFO - Created Permission View: can delete on DAG Run:dss150p_sales_pipeline
[2026-09-23T12:45:31.483+0000] {logging_mixin.py:190} INFO - [2026-09-23T12:45:31.483+0000] {override.py:1912} INFO - Created Permission View: can create on DAG Run:dss150p_sales_pipeline
[2026-09-23T12:45:31.486+0000] {logging_mixin.py:190} INFO - [2026-09-23T12:45:31.486+0000] {override.py:1912} INFO - Created Permission View: menu access on DAG Run:dss150p_sales_pipeline
[2026-09-23T12:45:31.489+0000] {logging_mixin.py:190} INFO - [2026-09-23T12:45:31.489+0000] {override.py:1912} INFO - Created Permission View: can read on DAG Run:dss150p_sales_pipeline
[2026-09-23T12:45:31.490+0000] {logging_mixin.py:190} INFO - [2026-09-23T12:45:31.490+0000] {dag.py:3239} INFO - Sync 1 DAGs
[2026-09-23T12:45:31.497+0000] {logging_mixin.py:190} INFO - [2026-09-23T12:45:31.497+0000] {dag.py:3262} INFO - Creating ORM DAG for dss150p_sales_pipeline
[2026-09-23T12:45:31.504+0000] {logging_mixin.py:190} INFO - [2026-09-23T12:45:31.504+0000] {dag.py:4180} INFO - Setting next_dagrun for dss150p_sales_pipeline to 2026-09-22 02:00:00+00:00, run_after=2026-09-23 02:00:00+00:00
[2026-09-23T12:45:31.514+0000] {processor.py:208} INFO - Processing /opt/airflow/dags/dss150p_pipeline.py took 0.249 seconds
[2026-09-23T12:46:01.656+0000] {processor.py:186} INFO - Started process (PID=180) to work on /opt/airflow/dags/dss150p_pipeline.py
[2026-09-23T12:46:01.658+0000] {processor.py:914} INFO - Processing file /opt/airflow/dags/dss150p_pipeline.py for tasks to queue
[2026-09-23T12:46:01.660+0000] {logging_mixin.py:190} INFO - [2026-09-23T12:46:01.660+0000] {dagbag.py:588} INFO - Filling up the DagBag from /opt/airflow/dags/dss150p_pipeline.py
[2026-09-23T12:46:01.680+0000] {processor.py:925} INFO - DAG(s) 'dss150p_sales_pipeline' retrieved from /opt/airflow/dags/dss150p_pipeline.py
[2026-09-23T12:46:01.713+0000] {logging_mixin.py:190} INFO - [2026-09-23T12:46:01.713+0000] {dag.py:3239} INFO - Sync 1 DAGs
[2026-09-23T12:46:01.729+0000] {logging_mixin.py:190} INFO - [2026-09-23T12:46:01.729+0000] {dag.py:4180} INFO - Setting next_dagrun for dss150p_sales_pipeline to 2026-09-22 02:00:00+00:00, run_after=2026-09-23 02:00:00+00:00
[2026-09-23T12:46:01.740+0000] {processor.py:208} INFO - Processing /opt/airflow/dags/dss150p_pipeline.py took 0.090 seconds
[2026-09-23T12:46:31.781+0000] {processor.py:186} INFO - Started process (PID=185) to work on /opt/airflow/dags/dss150p_pipeline.py
[2026-09-23T12:46:31.782+0000] {processor.py:914} INFO - Processing file /opt/airflow/dags/dss150p_pipeline.py for tasks to queue
[2026-09-23T12:46:31.784+0000] {logging_mixin.py:190} INFO - [2026-09-23T12:46:31.784+0000] {dagbag.py:588} INFO - Filling up the DagBag from /opt/airflow/dags/dss150p_pipeline.py
[2026-09-23T12:46:31.802+0000] {processor.py:925} INFO - DAG(s) 'dss150p_sales_pipeline' retrieved from /opt/airflow/dags/dss150p_pipeline.py
[2026-09-23T12:46:31.833+0000] {logging_mixin.py:190} INFO - [2026-09-23T12:46:31.833+0000] {dag.py:3239} INFO - Sync 1 DAGs
[2026-09-23T12:46:31.846+0000] {logging_mixin.py:190} INFO - [2026-09-23T12:46:31.846+0000] {dag.py:4180} INFO - Setting next_dagrun for dss150p_sales_pipeline to 2026-09-22 02:00:00+00:00, run_after=2026-09-23 02:00:00+00:00
[2026-09-23T12:46:31.856+0000] {processor.py:208} INFO - Processing /opt/airflow/dags/dss150p_pipeline.py took 0.078 seconds
[2026-09-23T12:47:01.992+0000] {processor.py:186} INFO - Started process (PID=190) to work on /opt/airflow/dags/dss150p_pipeline.py
[2026-09-23T12:47:01.993+0000] {processor.py:914} INFO - Processing file /opt/airflow/dags/dss150p_pipeline.py for tasks to queue
[2026-09-23T12:47:01.995+0000] {logging_mixin.py:190} INFO - [2026-09-23T12:47:01.994+0000] {dagbag.py:588} INFO - Filling up the DagBag from /opt/airflow/dags/dss150p_pipeline.py
[2026-09-23T12:47:02.011+0000] {processor.py:925} INFO - DAG(s) 'dss150p_sales_pipeline' retrieved from /opt/airflow/dags/dss150p_pipeline.py
[2026-09-23T12:47:02.040+0000] {logging_mixin.py:190} INFO - [2026-09-23T12:47:02.040+0000] {dag.py:3239} INFO - Sync 1 DAGs
[2026-09-23T12:47:02.052+0000] {logging_mixin.py:190} INFO - [2026-09-23T12:47:02.052+0000] {dag.py:4180} INFO - Setting next_dagrun for dss150p_sales_pipeline to 2026-09-22 02:00:00+00:00, run_after=2026-09-23 02:00:00+00:00
[2026-09-23T12:47:02.071+0000] {processor.py:208} INFO - Processing /opt/airflow/dags/dss150p_pipeline.py took 0.082 seconds
[2026-09-23T12:47:32.135+0000] {processor.py:186} INFO - Started process (PID=195) to work on /opt/airflow/dags/dss150p_pipeline.py
[2026-09-23T12:47:32.136+0000] {processor.py:914} INFO - Processing file /opt/airflow/dags/dss150p_pipeline.py for tasks to queue
[2026-09-23T12:47:32.138+0000] {logging_mixin.py:190} INFO - [2026-09-23T12:47:32.137+0000] {dagbag.py:588} INFO - Filling up the DagBag from /opt/airflow/dags/dss150p_pipeline.py
[2026-09-23T12:47:32.153+0000] {processor.py:925} INFO - DAG(s) 'dss150p_sales_pipeline' retrieved from /opt/airflow/dags/dss150p_pipeline.py
[2026-09-23T12:47:32.185+0000] {logging_mixin.py:190} INFO - [2026-09-23T12:47:32.185+0000] {dag.py:3239} INFO - Sync 1 DAGs
[2026-09-23T12:47:32.200+0000] {logging_mixin.py:190} INFO - [2026-09-23T12:47:32.200+0000] {dag.py:4180} INFO - Setting next_dagrun for dss150p_sales_pipeline to 2026-09-22 02:00:00+00:00, run_after=2026-09-23 02:00:00+00:00
[2026-09-23T12:47:32.220+0000] {processor.py:208} INFO - Processing /opt/airflow/dags/dss150p_pipeline.py took 0.089 seconds
[2026-09-23T12:48:02.323+0000] {processor.py:186} INFO - Started process (PID=200) to work on /opt/airflow/dags/dss150p_pipeline.py
[2026-09-23T12:48:02.323+0000] {processor.py:914} INFO - Processing file /opt/airflow/dags/dss150p_pipeline.py for tasks to queue
[2026-09-23T12:48:02.325+0000] {logging_mixin.py:190} INFO - [2026-09-23T12:48:02.325+0000] {dagbag.py:588} INFO - Filling up the DagBag from /opt/airflow/dags/dss150p_pipeline.py
[2026-09-23T12:48:02.340+0000] {processor.py:925} INFO - DAG(s) 'dss150p_sales_pipeline' retrieved from /opt/airflow/dags/dss150p_pipeline.py
[2026-09-23T12:48:02.368+0000] {logging_mixin.py:190} INFO - [2026-09-23T12:48:02.368+0000] {dag.py:3239} INFO - Sync 1 DAGs
[2026-09-23T12:48:02.382+0000] {logging_mixin.py:190} INFO - [2026-09-23T12:48:02.382+0000] {dag.py:4180} INFO - Setting next_dagrun for dss150p_sales_pipeline to 2026-09-22 02:00:00+00:00, run_after=2026-09-23 02:00:00+00:00
[2026-09-23T12:48:02.392+0000] {processor.py:208} INFO - Processing /opt/airflow/dags/dss150p_pipeline.py took 0.073 seconds
[2026-09-23T12:48:32.473+0000] {processor.py:186} INFO - Started process (PID=205) to work on /opt/airflow/dags/dss150p_pipeline.py
[2026-09-23T12:48:32.474+0000] {processor.py:914} INFO - Processing file /opt/airflow/dags/dss150p_pipeline.py for tasks to queue
[2026-09-23T12:48:32.476+0000] {logging_mixin.py:190} INFO - [2026-09-23T12:48:32.475+0000] {dagbag.py:588} INFO - Filling up the DagBag from /opt/airflow/dags/dss150p_pipeline.py
[2026-09-23T12:48:32.491+0000] {processor.py:925} INFO - DAG(s) 'dss150p_sales_pipeline' retrieved from /opt/airflow/dags/dss150p_pipeline.py
[2026-09-23T12:48:32.519+0000] {logging_mixin.py:190} INFO - [2026-09-23T12:48:32.519+0000] {dag.py:3239} INFO - Sync 1 DAGs
[2026-09-23T12:48:32.531+0000] {logging_mixin.py:190} INFO - [2026-09-23T12:48:32.530+0000] {dag.py:4180} INFO - Setting next_dagrun for dss150p_sales_pipeline to 2026-09-22 02:00:00+00:00, run_after=2026-09-23 02:00:00+00:00
[2026-09-23T12:48:32.550+0000] {processor.py:208} INFO - Processing /opt/airflow/dags/dss150p_pipeline.py took 0.081 seconds
[2026-09-23T12:49:02.656+0000] {processor.py:186} INFO - Started process (PID=210) to work on /opt/airflow/dags/dss150p_pipeline.py
[2026-09-23T12:49:02.656+0000] {processor.py:914} INFO - Processing file /opt/airflow/dags/dss150p_pipeline.py for tasks to queue
[2026-09-23T12:49:02.658+0000] {logging_mixin.py:190} INFO - [2026-09-23T12:49:02.658+0000] {dagbag.py:588} INFO - Filling up the DagBag from /opt/airflow/dags/dss150p_pipeline.py
[2026-09-23T12:49:02.674+0000] {processor.py:925} INFO - DAG(s) 'dss150p_sales_pipeline' retrieved from /opt/airflow/dags/dss150p_pipeline.py
[2026-09-23T12:49:02.703+0000] {logging_mixin.py:190} INFO - [2026-09-23T12:49:02.703+0000] {dag.py:3239} INFO - Sync 1 DAGs
[2026-09-23T12:49:02.718+0000] {logging_mixin.py:190} INFO - [2026-09-23T12:49:02.717+0000] {dag.py:4180} INFO - Setting next_dagrun for dss150p_sales_pipeline to 2026-09-22 02:00:00+00:00, run_after=2026-09-23 02:00:00+00:00
[2026-09-23T12:49:02.739+0000] {processor.py:208} INFO - Processing /opt/airflow/dags/dss150p_pipeline.py took 0.087 seconds
[2026-09-23T12:49:32.808+0000] {processor.py:186} INFO - Started process (PID=215) to work on /opt/airflow/dags/dss150p_pipeline.py
[2026-09-23T12:49:32.809+0000] {processor.py:914} INFO - Processing file /opt/airflow/dags/dss150p_pipeline.py for tasks to queue
[2026-09-23T12:49:32.810+0000] {logging_mixin.py:190} INFO - [2026-09-23T12:49:32.810+0000] {dagbag.py:588} INFO - Filling up the DagBag from /opt/airflow/dags/dss150p_pipeline.py
[2026-09-23T12:49:32.825+0000] {processor.py:925} INFO - DAG(s) 'dss150p_sales_pipeline' retrieved from /opt/airflow/dags/dss150p_pipeline.py
[2026-09-23T12:49:32.853+0000] {logging_mixin.py:190} INFO - [2026-09-23T12:49:32.853+0000] {dag.py:3239} INFO - Sync 1 DAGs
[2026-09-23T12:49:32.865+0000] {logging_mixin.py:190} INFO - [2026-09-23T12:49:32.865+0000] {dag.py:4180} INFO - Setting next_dagrun for dss150p_sales_pipeline to 2026-09-22 02:00:00+00:00, run_after=2026-09-23 02:00:00+00:00
[2026-09-23T12:49:32.875+0000] {processor.py:208} INFO - Processing /opt/airflow/dags/dss150p_pipeline.py took 0.071 seconds
[2026-09-23T12:50:02.996+0000] {processor.py:186} INFO - Started process (PID=220) to work on /opt/airflow/dags/dss150p_pipeline.py
[2026-09-23T12:50:02.997+0000] {processor.py:914} INFO - Processing file /opt/airflow/dags/dss150p_pipeline.py for tasks to queue
[2026-09-23T12:50:02.999+0000] {logging_mixin.py:190} INFO - [2026-09-23T12:50:02.998+0000] {dagbag.py:588} INFO - Filling up the DagBag from /opt/airflow/dags/dss150p_pipeline.py
[2026-09-23T12:50:03.015+0000] {processor.py:925} INFO - DAG(s) 'dss150p_sales_pipeline' retrieved from /opt/airflow/dags/dss150p_pipeline.py
[2026-09-23T12:50:03.043+0000] {logging_mixin.py:190} INFO - [2026-09-23T12:50:03.043+0000] {dag.py:3239} INFO - Sync 1 DAGs
[2026-09-23T12:50:03.055+0000] {logging_mixin.py:190} INFO - [2026-09-23T12:50:03.055+0000] {dag.py:4180} INFO - Setting next_dagrun for dss150p_sales_pipeline to 2026-09-22 02:00:00+00:00, run_after=2026-09-23 02:00:00+00:00
[2026-09-23T12:50:03.065+0000] {processor.py:208} INFO - Processing /opt/airflow/dags/dss150p_pipeline.py took 0.073 seconds
[2026-09-23T12:50:33.167+0000] {processor.py:186} INFO - Started process (PID=225) to work on /opt/airflow/dags/dss150p_pipeline.py
[2026-09-23T12:50:33.167+0000] {processor.py:914} INFO - Processing file /opt/airflow/dags/dss150p_pipeline.py for tasks to queue
[2026-09-23T12:50:33.169+0000] {logging_mixin.py:190} INFO - [2026-09-23T12:50:33.169+0000] {dagbag.py:588} INFO - Filling up the DagBag from /opt/airflow/dags/dss150p_pipeline.py
[2026-09-23T12:50:33.185+0000] {processor.py:925} INFO - DAG(s) 'dss150p_sales_pipeline' retrieved from /opt/airflow/dags/dss150p_pipeline.py
[2026-09-23T12:50:33.212+0000] {logging_mixin.py:190} INFO - [2026-09-23T12:50:33.212+0000] {dag.py:3239} INFO - Sync 1 DAGs
[2026-09-23T12:50:33.224+0000] {logging_mixin.py:190} INFO - [2026-09-23T12:50:33.224+0000] {dag.py:4180} INFO - Setting next_dagrun for dss150p_sales_pipeline to 2026-09-22 02:00:00+00:00, run_after=2026-09-23 02:00:00+00:00
[2026-09-23T12:50:33.233+0000] {processor.py:208} INFO - Processing /opt/airflow/dags/dss150p_pipeline.py took 0.070 seconds
[2026-09-23T12:51:03.316+0000] {processor.py:186} INFO - Started process (PID=230) to work on /opt/airflow/dags/dss150p_pipeline.py
[2026-09-23T12:51:03.317+0000] {processor.py:914} INFO - Processing file /opt/airflow/dags/dss150p_pipeline.py for tasks to queue
[2026-09-23T12:51:03.319+0000] {logging_mixin.py:190} INFO - [2026-09-23T12:51:03.318+0000] {dagbag.py:588} INFO - Filling up the DagBag from /opt/airflow/dags/dss150p_pipeline.py
[2026-09-23T12:51:03.334+0000] {processor.py:925} INFO - DAG(s) 'dss150p_sales_pipeline' retrieved from /opt/airflow/dags/dss150p_pipeline.py
[2026-09-23T12:51:03.361+0000] {logging_mixin.py:190} INFO - [2026-09-23T12:51:03.361+0000] {dag.py:3239} INFO - Sync 1 DAGs
[2026-09-23T12:51:03.373+0000] {logging_mixin.py:190} INFO - [2026-09-23T12:51:03.373+0000] {dag.py:4180} INFO - Setting next_dagrun for dss150p_sales_pipeline to 2026-09-22 02:00:00+00:00, run_after=2026-09-23 02:00:00+00:00
[2026-09-23T12:51:03.383+0000] {processor.py:208} INFO - Processing /opt/airflow/dags/dss150p_pipeline.py took 0.071 seconds
[2026-09-23T12:51:33.492+0000] {processor.py:186} INFO - Started process (PID=235) to work on /opt/airflow/dags/dss150p_pipeline.py
[2026-09-23T12:51:33.492+0000] {processor.py:914} INFO - Processing file /opt/airflow/dags/dss150p_pipeline.py for tasks to queue
[2026-09-23T12:51:33.494+0000] {logging_mixin.py:190} INFO - [2026-09-23T12:51:33.494+0000] {dagbag.py:588} INFO - Filling up the DagBag from /opt/airflow/dags/dss150p_pipeline.py
[2026-09-23T12:51:33.509+0000] {processor.py:925} INFO - DAG(s) 'dss150p_sales_pipeline' retrieved from /opt/airflow/dags/dss150p_pipeline.py
[2026-09-23T12:51:33.537+0000] {logging_mixin.py:190} INFO - [2026-09-23T12:51:33.537+0000] {dag.py:3239} INFO - Sync 1 DAGs
[2026-09-23T12:51:33.550+0000] {logging_mixin.py:190} INFO - [2026-09-23T12:51:33.550+0000] {dag.py:4180} INFO - Setting next_dagrun for dss150p_sales_pipeline to 2026-09-22 02:00:00+00:00, run_after=2026-09-23 02:00:00+00:00
[2026-09-23T12:51:33.568+0000] {processor.py:208} INFO - Processing /opt/airflow/dags/dss150p_pipeline.py took 0.080 seconds
[2026-09-23T12:52:03.660+0000] {processor.py:186} INFO - Started process (PID=240) to work on /opt/airflow/dags/dss150p_pipeline.py
[2026-09-23T12:52:03.660+0000] {processor.py:914} INFO - Processing file /opt/airflow/dags/dss150p_pipeline.py for tasks to queue
[2026-09-23T12:52:03.662+0000] {logging_mixin.py:190} INFO - [2026-09-23T12:52:03.662+0000] {dagbag.py:588} INFO - Filling up the DagBag from /opt/airflow/dags/dss150p_pipeline.py
[2026-09-23T12:52:03.677+0000] {processor.py:925} INFO - DAG(s) 'dss150p_sales_pipeline' retrieved from /opt/airflow/dags/dss150p_pipeline.py
[2026-09-23T12:52:03.707+0000] {logging_mixin.py:190} INFO - [2026-09-23T12:52:03.707+0000] {dag.py:3239} INFO - Sync 1 DAGs
[2026-09-23T12:52:03.722+0000] {logging_mixin.py:190} INFO - [2026-09-23T12:52:03.722+0000] {dag.py:4180} INFO - Setting next_dagrun for dss150p_sales_pipeline to 2026-09-22 02:00:00+00:00, run_after=2026-09-23 02:00:00+00:00
[2026-09-23T12:52:03.742+0000] {processor.py:208} INFO - Processing /opt/airflow/dags/dss150p_pipeline.py took 0.087 seconds
[2026-09-23T12:52:33.838+0000] {processor.py:186} INFO - Started process (PID=245) to work on /opt/airflow/dags/dss150p_pipeline.py
[2026-09-23T12:52:33.839+0000] {processor.py:914} INFO - Processing file /opt/airflow/dags/dss150p_pipeline.py for tasks to queue
[2026-09-23T12:52:33.841+0000] {logging_mixin.py:190} INFO - [2026-09-23T12:52:33.841+0000] {dagbag.py:588} INFO - Filling up the DagBag from /opt/airflow/dags/dss150p_pipeline.py
[2026-09-23T12:52:33.858+0000] {processor.py:925} INFO - DAG(s) 'dss150p_sales_pipeline' retrieved from /opt/airflow/dags/dss150p_pipeline.py
[2026-09-23T12:52:33.887+0000] {logging_mixin.py:190} INFO - [2026-09-23T12:52:33.887+0000] {dag.py:3239} INFO - Sync 1 DAGs
[2026-09-23T12:52:33.901+0000] {logging_mixin.py:190} INFO - [2026-09-23T12:52:33.901+0000] {dag.py:4180} INFO - Setting next_dagrun for dss150p_sales_pipeline to 2026-09-22 02:00:00+00:00, run_after=2026-09-23 02:00:00+00:00
[2026-09-23T12:52:33.916+0000] {processor.py:208} INFO - Processing /opt/airflow/dags/dss150p_pipeline.py took 0.082 seconds
[2026-09-23T12:53:04.001+0000] {processor.py:186} INFO - Started process (PID=250) to work on /opt/airflow/dags/dss150p_pipeline.py
[2026-09-23T12:53:04.002+0000] {processor.py:914} INFO - Processing file /opt/airflow/dags/dss150p_pipeline.py for tasks to queue
[2026-09-23T12:53:04.004+0000] {logging_mixin.py:190} INFO - [2026-09-23T12:53:04.003+0000] {dagbag.py:588} INFO - Filling up the DagBag from /opt/airflow/dags/dss150p_pipeline.py
[2026-09-23T12:53:04.019+0000] {processor.py:925} INFO - DAG(s) 'dss150p_sales_pipeline' retrieved from /opt/airflow/dags/dss150p_pipeline.py
[2026-09-23T12:53:04.047+0000] {logging_mixin.py:190} INFO - [2026-09-23T12:53:04.047+0000] {dag.py:3239} INFO - Sync 1 DAGs
[2026-09-23T12:53:04.059+0000] {logging_mixin.py:190} INFO - [2026-09-23T12:53:04.059+0000] {dag.py:4180} INFO - Setting next_dagrun for dss150p_sales_pipeline to 2026-09-22 02:00:00+00:00, run_after=2026-09-23 02:00:00+00:00
[2026-09-23T12:53:04.068+0000] {processor.py:208} INFO - Processing /opt/airflow/dags/dss150p_pipeline.py took 0.071 seconds
[2026-09-23T12:53:34.171+0000] {processor.py:186} INFO - Started process (PID=255) to work on /opt/airflow/dags/dss150p_pipeline.py
[2026-09-23T12:53:34.171+0000] {processor.py:914} INFO - Processing file /opt/airflow/dags/dss150p_pipeline.py for tasks to queue
[2026-09-23T12:53:34.173+0000] {logging_mixin.py:190} INFO - [2026-09-23T12:53:34.173+0000] {dagbag.py:588} INFO - Filling up the DagBag from /opt/airflow/dags/dss150p_pipeline.py
[2026-09-23T12:53:34.189+0000] {processor.py:925} INFO - DAG(s) 'dss150p_sales_pipeline' retrieved from /opt/airflow/dags/dss150p_pipeline.py
[2026-09-23T12:53:34.219+0000] {logging_mixin.py:190} INFO - [2026-09-23T12:53:34.219+0000] {dag.py:3239} INFO - Sync 1 DAGs
[2026-09-23T12:53:34.232+0000] {logging_mixin.py:190} INFO - [2026-09-23T12:53:34.232+0000] {dag.py:4180} INFO - Setting next_dagrun for dss150p_sales_pipeline to 2026-09-22 02:00:00+00:00, run_after=2026-09-23 02:00:00+00:00
[2026-09-23T12:53:34.243+0000] {processor.py:208} INFO - Processing /opt/airflow/dags/dss150p_pipeline.py took 0.077 seconds
[2026-09-23T12:54:04.325+0000] {processor.py:186} INFO - Started process (PID=260) to work on /opt/airflow/dags/dss150p_pipeline.py
[2026-09-23T12:54:04.326+0000] {processor.py:914} INFO - Processing file /opt/airflow/dags/dss150p_pipeline.py for tasks to queue
[2026-09-23T12:54:04.328+0000] {logging_mixin.py:190} INFO - [2026-09-23T12:54:04.328+0000] {dagbag.py:588} INFO - Filling up the DagBag from /opt/airflow/dags/dss150p_pipeline.py
[2026-09-23T12:54:04.345+0000] {processor.py:925} INFO - DAG(s) 'dss150p_sales_pipeline' retrieved from /opt/airflow/dags/dss150p_pipeline.py
[2026-09-23T12:54:04.375+0000] {logging_mixin.py:190} INFO - [2026-09-23T12:54:04.375+0000] {dag.py:3239} INFO - Sync 1 DAGs
[2026-09-23T12:54:04.389+0000] {logging_mixin.py:190} INFO - [2026-09-23T12:54:04.389+0000] {dag.py:4180} INFO - Setting next_dagrun for dss150p_sales_pipeline to 2026-09-22 02:00:00+00:00, run_after=2026-09-23 02:00:00+00:00
[2026-09-23T12:54:04.400+0000] {processor.py:208} INFO - Processing /opt/airflow/dags/dss150p_pipeline.py took 0.079 seconds
[2026-09-23T12:54:34.501+0000] {processor.py:186} INFO - Started process (PID=265) to work on /opt/airflow/dags/dss150p_pipeline.py
[2026-09-23T12:54:34.501+0000] {processor.py:914} INFO - Processing file /opt/airflow/dags/dss150p_pipeline.py for tasks to queue
[2026-09-23T12:54:34.503+0000] {logging_mixin.py:190} INFO - [2026-09-23T12:54:34.503+0000] {dagbag.py:588} INFO - Filling up the DagBag from /opt/airflow/dags/dss150p_pipeline.py
[2026-09-23T12:54:34.520+0000] {processor.py:925} INFO - DAG(s) 'dss150p_sales_pipeline' retrieved from /opt/airflow/dags/dss150p_pipeline.py
[2026-09-23T12:54:34.549+0000] {logging_mixin.py:190} INFO - [2026-09-23T12:54:34.549+0000] {dag.py:3239} INFO - Sync 1 DAGs
[2026-09-23T12:54:34.562+0000] {logging_mixin.py:190} INFO - [2026-09-23T12:54:34.562+0000] {dag.py:4180} INFO - Setting next_dagrun for dss150p_sales_pipeline to 2026-09-22 02:00:00+00:00, run_after=2026-09-23 02:00:00+00:00
[2026-09-23T12:54:34.582+0000] {processor.py:208} INFO - Processing /opt/airflow/dags/dss150p_pipeline.py took 0.085 seconds
[2026-09-23T12:55:04.652+0000] {processor.py:186} INFO - Started process (PID=270) to work on /opt/airflow/dags/dss150p_pipeline.py
[2026-09-23T12:55:04.653+0000] {processor.py:914} INFO - Processing file /opt/airflow/dags/dss150p_pipeline.py for tasks to queue
[2026-09-23T12:55:04.655+0000] {logging_mixin.py:190} INFO - [2026-09-23T12:55:04.654+0000] {dagbag.py:588} INFO - Filling up the DagBag from /opt/airflow/dags/dss150p_pipeline.py
[2026-09-23T12:55:04.671+0000] {processor.py:925} INFO - DAG(s) 'dss150p_sales_pipeline' retrieved from /opt/airflow/dags/dss150p_pipeline.py
[2026-09-23T12:55:04.699+0000] {logging_mixin.py:190} INFO - [2026-09-23T12:55:04.699+0000] {dag.py:3239} INFO - Sync 1 DAGs
[2026-09-23T12:55:04.711+0000] {logging_mixin.py:190} INFO - [2026-09-23T12:55:04.711+0000] {dag.py:4180} INFO - Setting next_dagrun for dss150p_sales_pipeline to 2026-09-22 02:00:00+00:00, run_after=2026-09-23 02:00:00+00:00
[2026-09-23T12:55:04.720+0000] {processor.py:208} INFO - Processing /opt/airflow/dags/dss150p_pipeline.py took 0.072 seconds
[2026-09-23T12:55:34.862+0000] {processor.py:186} INFO - Started process (PID=275) to work on /opt/airflow/dags/dss150p_pipeline.py
[2026-09-23T12:55:34.863+0000] {processor.py:914} INFO - Processing file /opt/airflow/dags/dss150p_pipeline.py for tasks to queue
[2026-09-23T12:55:34.865+0000] {logging_mixin.py:190} INFO - [2026-09-23T12:55:34.864+0000] {dagbag.py:588} INFO - Filling up the DagBag from /opt/airflow/dags/dss150p_pipeline.py
[2026-09-23T12:55:34.880+0000] {processor.py:925} INFO - DAG(s) 'dss150p_sales_pipeline' retrieved from /opt/airflow/dags/dss150p_pipeline.py
[2026-09-23T12:55:34.908+0000] {logging_mixin.py:190} INFO - [2026-09-23T12:55:34.908+0000] {dag.py:3239} INFO - Sync 1 DAGs
[2026-09-23T12:55:34.921+0000] {logging_mixin.py:190} INFO - [2026-09-23T12:55:34.921+0000] {dag.py:4180} INFO - Setting next_dagrun for dss150p_sales_pipeline to 2026-09-22 02:00:00+00:00, run_after=2026-09-23 02:00:00+00:00
[2026-09-23T12:55:34.932+0000] {processor.py:208} INFO - Processing /opt/airflow/dags/dss150p_pipeline.py took 0.073 seconds
[2026-09-23T12:56:05.024+0000] {processor.py:186} INFO - Started process (PID=280) to work on /opt/airflow/dags/dss150p_pipeline.py
[2026-09-23T12:56:05.025+0000] {processor.py:914} INFO - Processing file /opt/airflow/dags/dss150p_pipeline.py for tasks to queue
[2026-09-23T12:56:05.027+0000] {logging_mixin.py:190} INFO - [2026-09-23T12:56:05.027+0000] {dagbag.py:588} INFO - Filling up the DagBag from /opt/airflow/dags/dss150p_pipeline.py
[2026-09-23T12:56:05.044+0000] {processor.py:925} INFO - DAG(s) 'dss150p_sales_pipeline' retrieved from /opt/airflow/dags/dss150p_pipeline.py
[2026-09-23T12:56:05.073+0000] {logging_mixin.py:190} INFO - [2026-09-23T12:56:05.073+0000] {dag.py:3239} INFO - Sync 1 DAGs
[2026-09-23T12:56:05.087+0000] {logging_mixin.py:190} INFO - [2026-09-23T12:56:05.087+0000] {dag.py:4180} INFO - Setting next_dagrun for dss150p_sales_pipeline to 2026-09-22 02:00:00+00:00, run_after=2026-09-23 02:00:00+00:00
[2026-09-23T12:56:05.098+0000] {processor.py:208} INFO - Processing /opt/airflow/dags/dss150p_pipeline.py took 0.078 seconds
[2026-09-23T12:56:35.205+0000] {processor.py:186} INFO - Started process (PID=285) to work on /opt/airflow/dags/dss150p_pipeline.py
[2026-09-23T12:56:35.206+0000] {processor.py:914} INFO - Processing file /opt/airflow/dags/dss150p_pipeline.py for tasks to queue
[2026-09-23T12:56:35.208+0000] {logging_mixin.py:190} INFO - [2026-09-23T12:56:35.207+0000] {dagbag.py:588} INFO - Filling up the DagBag from /opt/airflow/dags/dss150p_pipeline.py
[2026-09-23T12:56:35.223+0000] {processor.py:925} INFO - DAG(s) 'dss150p_sales_pipeline' retrieved from /opt/airflow/dags/dss150p_pipeline.py
[2026-09-23T12:56:35.252+0000] {logging_mixin.py:190} INFO - [2026-09-23T12:56:35.252+0000] {dag.py:3239} INFO - Sync 1 DAGs
[2026-09-23T12:56:35.264+0000] {logging_mixin.py:190} INFO - [2026-09-23T12:56:35.264+0000] {dag.py:4180} INFO - Setting next_dagrun for dss150p_sales_pipeline to 2026-09-22 02:00:00+00:00, run_after=2026-09-23 02:00:00+00:00
[2026-09-23T12:56:35.275+0000] {processor.py:208} INFO - Processing /opt/airflow/dags/dss150p_pipeline.py took 0.074 seconds
[2026-09-23T12:57:05.353+0000] {processor.py:186} INFO - Started process (PID=290) to work on /opt/airflow/dags/dss150p_pipeline.py
[2026-09-23T12:57:05.354+0000] {processor.py:914} INFO - Processing file /opt/airflow/dags/dss150p_pipeline.py for tasks to queue
[2026-09-23T12:57:05.356+0000] {logging_mixin.py:190} INFO - [2026-09-23T12:57:05.355+0000] {dagbag.py:588} INFO - Filling up the DagBag from /opt/airflow/dags/dss150p_pipeline.py
[2026-09-23T12:57:05.372+0000] {processor.py:925} INFO - DAG(s) 'dss150p_sales_pipeline' retrieved from /opt/airflow/dags/dss150p_pipeline.py
[2026-09-23T12:57:05.402+0000] {logging_mixin.py:190} INFO - [2026-09-23T12:57:05.402+0000] {dag.py:3239} INFO - Sync 1 DAGs
[2026-09-23T12:57:05.415+0000] {logging_mixin.py:190} INFO - [2026-09-23T12:57:05.415+0000] {dag.py:4180} INFO - Setting next_dagrun for dss150p_sales_pipeline to 2026-09-22 02:00:00+00:00, run_after=2026-09-23 02:00:00+00:00
[2026-09-23T12:57:05.426+0000] {processor.py:208} INFO - Processing /opt/airflow/dags/dss150p_pipeline.py took 0.077 seconds
[2026-09-23T12:57:35.533+0000] {processor.py:186} INFO - Started process (PID=295) to work on /opt/airflow/dags/dss150p_pipeline.py
[2026-09-23T12:57:35.534+0000] {processor.py:914} INFO - Processing file /opt/airflow/dags/dss150p_pipeline.py for tasks to queue
[2026-09-23T12:57:35.536+0000] {logging_mixin.py:190} INFO - [2026-09-23T12:57:35.535+0000] {dagbag.py:588} INFO - Filling up the DagBag from /opt/airflow/dags/dss150p_pipeline.py
[2026-09-23T12:57:35.551+0000] {processor.py:925} INFO - DAG(s) 'dss150p_sales_pipeline' retrieved from /opt/airflow/dags/dss150p_pipeline.py
[2026-09-23T12:57:35.580+0000] {logging_mixin.py:190} INFO - [2026-09-23T12:57:35.580+0000] {dag.py:3239} INFO - Sync 1 DAGs
[2026-09-23T12:57:35.592+0000] {logging_mixin.py:190} INFO - [2026-09-23T12:57:35.592+0000] {dag.py:4180} INFO - Setting next_dagrun for dss150p_sales_pipeline to 2026-09-22 02:00:00+00:00, run_after=2026-09-23 02:00:00+00:00
[2026-09-23T12:57:35.602+0000] {processor.py:208} INFO - Processing /opt/airflow/dags/dss150p_pipeline.py took 0.072 seconds
[2026-09-23T12:58:05.685+0000] {processor.py:186} INFO - Started process (PID=300) to work on /opt/airflow/dags/dss150p_pipeline.py
[2026-09-23T12:58:05.686+0000] {processor.py:914} INFO - Processing file /opt/airflow/dags/dss150p_pipeline.py for tasks to queue
[2026-09-23T12:58:05.688+0000] {logging_mixin.py:190} INFO - [2026-09-23T12:58:05.687+0000] {dagbag.py:588} INFO - Filling up the DagBag from /opt/airflow/dags/dss150p_pipeline.py
[2026-09-23T12:58:05.704+0000] {processor.py:925} INFO - DAG(s) 'dss150p_sales_pipeline' retrieved from /opt/airflow/dags/dss150p_pipeline.py
[2026-09-23T12:58:05.734+0000] {logging_mixin.py:190} INFO - [2026-09-23T12:58:05.734+0000] {dag.py:3239} INFO - Sync 1 DAGs
[2026-09-23T12:58:05.747+0000] {logging_mixin.py:190} INFO - [2026-09-23T12:58:05.747+0000] {dag.py:4180} INFO - Setting next_dagrun for dss150p_sales_pipeline to 2026-09-22 02:00:00+00:00, run_after=2026-09-23 02:00:00+00:00
[2026-09-23T12:58:05.757+0000] {processor.py:208} INFO - Processing /opt/airflow/dags/dss150p_pipeline.py took 0.077 seconds
[2026-09-23T12:58:35.860+0000] {processor.py:186} INFO - Started process (PID=305) to work on /opt/airflow/dags/dss150p_pipeline.py
[2026-09-23T12:58:35.860+0000] {processor.py:914} INFO - Processing file /opt/airflow/dags/dss150p_pipeline.py for tasks to queue
[2026-09-23T12:58:35.862+0000] {logging_mixin.py:190} INFO - [2026-09-23T12:58:35.862+0000] {dagbag.py:588} INFO - Filling up the DagBag from /opt/airflow/dags/dss150p_pipeline.py
[2026-09-23T12:58:35.878+0000] {processor.py:925} INFO - DAG(s) 'dss150p_sales_pipeline' retrieved from /opt/airflow/dags/dss150p_pipeline.py
[2026-09-23T12:58:35.908+0000] {logging_mixin.py:190} INFO - [2026-09-23T12:58:35.908+0000] {dag.py:3239} INFO - Sync 1 DAGs
[2026-09-23T12:58:35.921+0000] {logging_mixin.py:190} INFO - [2026-09-23T12:58:35.921+0000] {dag.py:4180} INFO - Setting next_dagrun for dss150p_sales_pipeline to 2026-09-22 02:00:00+00:00, run_after=2026-09-23 02:00:00+00:00
[2026-09-23T12:58:35.931+0000] {processor.py:208} INFO - Processing /opt/airflow/dags/dss150p_pipeline.py took 0.076 seconds
[2026-09-23T12:59:06.014+0000] {processor.py:186} INFO - Started process (PID=310) to work on /opt/airflow/dags/dss150p_pipeline.py
[2026-09-23T12:59:06.014+0000] {processor.py:914} INFO - Processing file /opt/airflow/dags/dss150p_pipeline.py for tasks to queue
[2026-09-23T12:59:06.016+0000] {logging_mixin.py:190} INFO - [2026-09-23T12:59:06.016+0000] {dagbag.py:588} INFO - Filling up the DagBag from /opt/airflow/dags/dss150p_pipeline.py
[2026-09-23T12:59:06.032+0000] {processor.py:925} INFO - DAG(s) 'dss150p_sales_pipeline' retrieved from /opt/airflow/dags/dss150p_pipeline.py
[2026-09-23T12:59:06.060+0000] {logging_mixin.py:190} INFO - [2026-09-23T12:59:06.060+0000] {dag.py:3239} INFO - Sync 1 DAGs
[2026-09-23T12:59:06.073+0000] {logging_mixin.py:190} INFO - [2026-09-23T12:59:06.073+0000] {dag.py:4180} INFO - Setting next_dagrun for dss150p_sales_pipeline to 2026-09-22 02:00:00+00:00, run_after=2026-09-23 02:00:00+00:00
[2026-09-23T12:59:06.084+0000] {processor.py:208} INFO - Processing /opt/airflow/dags/dss150p_pipeline.py took 0.074 seconds
[2026-09-23T12:59:36.204+0000] {processor.py:186} INFO - Started process (PID=315) to work on /opt/airflow/dags/dss150p_pipeline.py
[2026-09-23T12:59:36.205+0000] {processor.py:914} INFO - Processing file /opt/airflow/dags/dss150p_pipeline.py for tasks to queue
[2026-09-23T12:59:36.207+0000] {logging_mixin.py:190} INFO - [2026-09-23T12:59:36.207+0000] {dagbag.py:588} INFO - Filling up the DagBag from /opt/airflow/dags/dss150p_pipeline.py
[2026-09-23T12:59:36.226+0000] {processor.py:925} INFO - DAG(s) 'dss150p_sales_pipeline' retrieved from /opt/airflow/dags/dss150p_pipeline.py
[2026-09-23T12:59:36.257+0000] {logging_mixin.py:190} INFO - [2026-09-23T12:59:36.257+0000] {dag.py:3239} INFO - Sync 1 DAGs
[2026-09-23T12:59:36.271+0000] {logging_mixin.py:190} INFO - [2026-09-23T12:59:36.271+0000] {dag.py:4180} INFO - Setting next_dagrun for dss150p_sales_pipeline to 2026-09-22 02:00:00+00:00, run_after=2026-09-23 02:00:00+00:00
[2026-09-23T12:59:36.283+0000] {processor.py:208} INFO - Processing /opt/airflow/dags/dss150p_pipeline.py took 0.083 seconds
[2026-09-23T13:00:06.351+0000] {processor.py:186} INFO - Started process (PID=320) to work on /opt/airflow/dags/dss150p_pipeline.py
[2026-09-23T13:00:06.351+0000] {processor.py:914} INFO - Processing file /opt/airflow/dags/dss150p_pipeline.py for tasks to queue
[2026-09-23T13:00:06.353+0000] {logging_mixin.py:190} INFO - [2026-09-23T13:00:06.353+0000] {dagbag.py:588} INFO - Filling up the DagBag from /opt/airflow/dags/dss150p_pipeline.py
[2026-09-23T13:00:06.369+0000] {processor.py:925} INFO - DAG(s) 'dss150p_sales_pipeline' retrieved from /opt/airflow/dags/dss150p_pipeline.py
[2026-09-23T13:00:06.399+0000] {logging_mixin.py:190} INFO - [2026-09-23T13:00:06.399+0000] {dag.py:3239} INFO - Sync 1 DAGs
[2026-09-23T13:00:06.412+0000] {logging_mixin.py:190} INFO - [2026-09-23T13:00:06.412+0000] {dag.py:4180} INFO - Setting next_dagrun for dss150p_sales_pipeline to 2026-09-22 02:00:00+00:00, run_after=2026-09-23 02:00:00+00:00
[2026-09-23T13:00:06.423+0000] {processor.py:208} INFO - Processing /opt/airflow/dags/dss150p_pipeline.py took 0.077 seconds
[2026-09-23T13:00:36.562+0000] {processor.py:186} INFO - Started process (PID=325) to work on /opt/airflow/dags/dss150p_pipeline.py
[2026-09-23T13:00:36.563+0000] {processor.py:914} INFO - Processing file /opt/airflow/dags/dss150p_pipeline.py for tasks to queue
[2026-09-23T13:00:36.564+0000] {logging_mixin.py:190} INFO - [2026-09-23T13:00:36.564+0000] {dagbag.py:588} INFO - Filling up the DagBag from /opt/airflow/dags/dss150p_pipeline.py
[2026-09-23T13:00:36.580+0000] {processor.py:925} INFO - DAG(s) 'dss150p_sales_pipeline' retrieved from /opt/airflow/dags/dss150p_pipeline.py
[2026-09-23T13:00:36.607+0000] {logging_mixin.py:190} INFO - [2026-09-23T13:00:36.606+0000] {dag.py:3239} INFO - Sync 1 DAGs
[2026-09-23T13:00:36.619+0000] {logging_mixin.py:190} INFO - [2026-09-23T13:00:36.618+0000] {dag.py:4180} INFO - Setting next_dagrun for dss150p_sales_pipeline to 2026-09-22 02:00:00+00:00, run_after=2026-09-23 02:00:00+00:00
[2026-09-23T13:00:36.637+0000] {processor.py:208} INFO - Processing /opt/airflow/dags/dss150p_pipeline.py took 0.078 seconds
[2026-09-23T13:01:06.711+0000] {processor.py:186} INFO - Started process (PID=330) to work on /opt/airflow/dags/dss150p_pipeline.py
[2026-09-23T13:01:06.712+0000] {processor.py:914} INFO - Processing file /opt/airflow/dags/dss150p_pipeline.py for tasks to queue
[2026-09-23T13:01:06.713+0000] {logging_mixin.py:190} INFO - [2026-09-23T13:01:06.713+0000] {dagbag.py:588} INFO - Filling up the DagBag from /opt/airflow/dags/dss150p_pipeline.py
[2026-09-23T13:01:06.729+0000] {processor.py:925} INFO - DAG(s) 'dss150p_sales_pipeline' retrieved from /opt/airflow/dags/dss150p_pipeline.py
[2026-09-23T13:01:06.757+0000] {logging_mixin.py:190} INFO - [2026-09-23T13:01:06.757+0000] {dag.py:3239} INFO - Sync 1 DAGs
[2026-09-23T13:01:06.770+0000] {logging_mixin.py:190} INFO - [2026-09-23T13:01:06.769+0000] {dag.py:4180} INFO - Setting next_dagrun for dss150p_sales_pipeline to 2026-09-22 02:00:00+00:00, run_after=2026-09-23 02:00:00+00:00
[2026-09-23T13:01:06.788+0000] {processor.py:208} INFO - Processing /opt/airflow/dags/dss150p_pipeline.py took 0.081 seconds
[2026-09-23T13:01:36.896+0000] {processor.py:186} INFO - Started process (PID=335) to work on /opt/airflow/dags/dss150p_pipeline.py
[2026-09-23T13:01:36.897+0000] {processor.py:914} INFO - Processing file /opt/airflow/dags/dss150p_pipeline.py for tasks to queue
[2026-09-23T13:01:36.898+0000] {logging_mixin.py:190} INFO - [2026-09-23T13:01:36.898+0000] {dagbag.py:588} INFO - Filling up the DagBag from /opt/airflow/dags/dss150p_pipeline.py
[2026-09-23T13:01:36.915+0000] {processor.py:925} INFO - DAG(s) 'dss150p_sales_pipeline' retrieved from /opt/airflow/dags/dss150p_pipeline.py
[2026-09-23T13:01:36.942+0000] {logging_mixin.py:190} INFO - [2026-09-23T13:01:36.942+0000] {dag.py:3239} INFO - Sync 1 DAGs
[2026-09-23T13:01:36.954+0000] {logging_mixin.py:190} INFO - [2026-09-23T13:01:36.954+0000] {dag.py:4180} INFO - Setting next_dagrun for dss150p_sales_pipeline to 2026-09-22 02:00:00+00:00, run_after=2026-09-23 02:00:00+00:00
[2026-09-23T13:01:36.964+0000] {processor.py:208} INFO - Processing /opt/airflow/dags/dss150p_pipeline.py took 0.072 seconds
[2026-09-23T13:02:07.049+0000] {processor.py:186} INFO - Started process (PID=340) to work on /opt/airflow/dags/dss150p_pipeline.py
[2026-09-23T13:02:07.050+0000] {processor.py:914} INFO - Processing file /opt/airflow/dags/dss150p_pipeline.py for tasks to queue
[2026-09-23T13:02:07.051+0000] {logging_mixin.py:190} INFO - [2026-09-23T13:02:07.051+0000] {dagbag.py:588} INFO - Filling up the DagBag from /opt/airflow/dags/dss150p_pipeline.py
[2026-09-23T13:02:07.067+0000] {processor.py:925} INFO - DAG(s) 'dss150p_sales_pipeline' retrieved from /opt/airflow/dags/dss150p_pipeline.py
[2026-09-23T13:02:07.094+0000] {logging_mixin.py:190} INFO - [2026-09-23T13:02:07.094+0000] {dag.py:3239} INFO - Sync 1 DAGs
[2026-09-23T13:02:07.105+0000] {logging_mixin.py:190} INFO - [2026-09-23T13:02:07.105+0000] {dag.py:4180} INFO - Setting next_dagrun for dss150p_sales_pipeline to 2026-09-22 02:00:00+00:00, run_after=2026-09-23 02:00:00+00:00
[2026-09-23T13:02:07.122+0000] {processor.py:208} INFO - Processing /opt/airflow/dags/dss150p_pipeline.py took 0.077 seconds
[2026-09-23T13:02:37.230+0000] {processor.py:186} INFO - Started process (PID=345) to work on /opt/airflow/dags/dss150p_pipeline.py
[2026-09-23T13:02:37.231+0000] {processor.py:914} INFO - Processing file /opt/airflow/dags/dss150p_pipeline.py for tasks to queue
[2026-09-23T13:02:37.233+0000] {logging_mixin.py:190} INFO - [2026-09-23T13:02:37.233+0000] {dagbag.py:588} INFO - Filling up the DagBag from /opt/airflow/dags/dss150p_pipeline.py
[2026-09-23T13:02:37.250+0000] {processor.py:925} INFO - DAG(s) 'dss150p_sales_pipeline' retrieved from /opt/airflow/dags/dss150p_pipeline.py
[2026-09-23T13:02:37.280+0000] {logging_mixin.py:190} INFO - [2026-09-23T13:02:37.280+0000] {dag.py:3239} INFO - Sync 1 DAGs
[2026-09-23T13:02:37.293+0000] {logging_mixin.py:190} INFO - [2026-09-23T13:02:37.293+0000] {dag.py:4180} INFO - Setting next_dagrun for dss150p_sales_pipeline to 2026-09-22 02:00:00+00:00, run_after=2026-09-23 02:00:00+00:00
[2026-09-23T13:02:37.304+0000] {processor.py:208} INFO - Processing /opt/airflow/dags/dss150p_pipeline.py took 0.079 seconds
[2026-09-23T13:03:07.383+0000] {processor.py:186} INFO - Started process (PID=350) to work on /opt/airflow/dags/dss150p_pipeline.py
[2026-09-23T13:03:07.384+0000] {processor.py:914} INFO - Processing file /opt/airflow/dags/dss150p_pipeline.py for tasks to queue
[2026-09-23T13:03:07.386+0000] {logging_mixin.py:190} INFO - [2026-09-23T13:03:07.386+0000] {dagbag.py:588} INFO - Filling up the DagBag from /opt/airflow/dags/dss150p_pipeline.py
[2026-09-23T13:03:07.405+0000] {processor.py:925} INFO - DAG(s) 'dss150p_sales_pipeline' retrieved from /opt/airflow/dags/dss150p_pipeline.py
[2026-09-23T13:03:07.437+0000] {logging_mixin.py:190} INFO - [2026-09-23T13:03:07.437+0000] {dag.py:3239} INFO - Sync 1 DAGs
[2026-09-23T13:03:07.450+0000] {logging_mixin.py:190} INFO - [2026-09-23T13:03:07.450+0000] {dag.py:4180} INFO - Setting next_dagrun for dss150p_sales_pipeline to 2026-09-22 02:00:00+00:00, run_after=2026-09-23 02:00:00+00:00
[2026-09-23T13:03:07.470+0000] {processor.py:208} INFO - Processing /opt/airflow/dags/dss150p_pipeline.py took 0.091 seconds
[2026-09-23T13:03:37.571+0000] {processor.py:186} INFO - Started process (PID=355) to work on /opt/airflow/dags/dss150p_pipeline.py
[2026-09-23T13:03:37.571+0000] {processor.py:914} INFO - Processing file /opt/airflow/dags/dss150p_pipeline.py for tasks to queue
[2026-09-23T13:03:37.574+0000] {logging_mixin.py:190} INFO - [2026-09-23T13:03:37.573+0000] {dagbag.py:588} INFO - Filling up the DagBag from /opt/airflow/dags/dss150p_pipeline.py
[2026-09-23T13:03:37.591+0000] {processor.py:925} INFO - DAG(s) 'dss150p_sales_pipeline' retrieved from /opt/airflow/dags/dss150p_pipeline.py
[2026-09-23T13:03:37.622+0000] {logging_mixin.py:190} INFO - [2026-09-23T13:03:37.622+0000] {dag.py:3239} INFO - Sync 1 DAGs
[2026-09-23T13:03:37.636+0000] {logging_mixin.py:190} INFO - [2026-09-23T13:03:37.636+0000] {dag.py:4180} INFO - Setting next_dagrun for dss150p_sales_pipeline to 2026-09-22 02:00:00+00:00, run_after=2026-09-23 02:00:00+00:00
[2026-09-23T13:03:37.654+0000] {processor.py:208} INFO - Processing /opt/airflow/dags/dss150p_pipeline.py took 0.089 seconds
[2026-09-23T13:04:07.731+0000] {processor.py:186} INFO - Started process (PID=360) to work on /opt/airflow/dags/dss150p_pipeline.py
[2026-09-23T13:04:07.732+0000] {processor.py:914} INFO - Processing file /opt/airflow/dags/dss150p_pipeline.py for tasks to queue
[2026-09-23T13:04:07.734+0000] {logging_mixin.py:190} INFO - [2026-09-23T13:04:07.734+0000] {dagbag.py:588} INFO - Filling up the DagBag from /opt/airflow/dags/dss150p_pipeline.py
[2026-09-23T13:04:07.750+0000] {processor.py:925} INFO - DAG(s) 'dss150p_sales_pipeline' retrieved from /opt/airflow/dags/dss150p_pipeline.py
[2026-09-23T13:04:07.780+0000] {logging_mixin.py:190} INFO - [2026-09-23T13:04:07.780+0000] {dag.py:3239} INFO - Sync 1 DAGs
[2026-09-23T13:04:07.793+0000] {logging_mixin.py:190} INFO - [2026-09-23T13:04:07.793+0000] {dag.py:4180} INFO - Setting next_dagrun for dss150p_sales_pipeline to 2026-09-22 02:00:00+00:00, run_after=2026-09-23 02:00:00+00:00
[2026-09-23T13:04:07.813+0000] {processor.py:208} INFO - Processing /opt/airflow/dags/dss150p_pipeline.py took 0.087 seconds
[2026-09-23T13:04:37.917+0000] {processor.py:186} INFO - Started process (PID=365) to work on /opt/airflow/dags/dss150p_pipeline.py
[2026-09-23T13:04:37.918+0000] {processor.py:914} INFO - Processing file /opt/airflow/dags/dss150p_pipeline.py for tasks to queue
[2026-09-23T13:04:37.920+0000] {logging_mixin.py:190} INFO - [2026-09-23T13:04:37.920+0000] {dagbag.py:588} INFO - Filling up the DagBag from /opt/airflow/dags/dss150p_pipeline.py
[2026-09-23T13:04:37.937+0000] {processor.py:925} INFO - DAG(s) 'dss150p_sales_pipeline' retrieved from /opt/airflow/dags/dss150p_pipeline.py
[2026-09-23T13:04:37.966+0000] {logging_mixin.py:190} INFO - [2026-09-23T13:04:37.966+0000] {dag.py:3239} INFO - Sync 1 DAGs
[2026-09-23T13:04:37.979+0000] {logging_mixin.py:190} INFO - [2026-09-23T13:04:37.979+0000] {dag.py:4180} INFO - Setting next_dagrun for dss150p_sales_pipeline to 2026-09-22 02:00:00+00:00, run_after=2026-09-23 02:00:00+00:00
[2026-09-23T13:04:37.998+0000] {processor.py:208} INFO - Processing /opt/airflow/dags/dss150p_pipeline.py took 0.085 seconds
[2026-09-23T13:05:08.083+0000] {processor.py:186} INFO - Started process (PID=370) to work on /opt/airflow/dags/dss150p_pipeline.py
[2026-09-23T13:05:08.084+0000] {processor.py:914} INFO - Processing file /opt/airflow/dags/dss150p_pipeline.py for tasks to queue
[2026-09-23T13:05:08.086+0000] {logging_mixin.py:190} INFO - [2026-09-23T13:05:08.086+0000] {dagbag.py:588} INFO - Filling up the DagBag from /opt/airflow/dags/dss150p_pipeline.py
[2026-09-23T13:05:08.106+0000] {processor.py:925} INFO - DAG(s) 'dss150p_sales_pipeline' retrieved from /opt/airflow/dags/dss150p_pipeline.py
[2026-09-23T13:05:08.147+0000] {logging_mixin.py:190} INFO - [2026-09-23T13:05:08.147+0000] {dag.py:3239} INFO - Sync 1 DAGs
[2026-09-23T13:05:08.167+0000] {logging_mixin.py:190} INFO - [2026-09-23T13:05:08.167+0000] {dag.py:4180} INFO - Setting next_dagrun for dss150p_sales_pipeline to 2026-09-22 02:00:00+00:00, run_after=2026-09-23 02:00:00+00:00
[2026-09-23T13:05:08.178+0000] {processor.py:208} INFO - Processing /opt/airflow/dags/dss150p_pipeline.py took 0.100 seconds
[2026-09-23T13:05:38.306+0000] {processor.py:186} INFO - Started process (PID=375) to work on /opt/airflow/dags/dss150p_pipeline.py
[2026-09-23T13:05:38.306+0000] {processor.py:914} INFO - Processing file /opt/airflow/dags/dss150p_pipeline.py for tasks to queue
[2026-09-23T13:05:38.308+0000] {logging_mixin.py:190} INFO - [2026-09-23T13:05:38.308+0000] {dagbag.py:588} INFO - Filling up the DagBag from /opt/airflow/dags/dss150p_pipeline.py
[2026-09-23T13:05:38.325+0000] {processor.py:925} INFO - DAG(s) 'dss150p_sales_pipeline' retrieved from /opt/airflow/dags/dss150p_pipeline.py
[2026-09-23T13:05:38.355+0000] {logging_mixin.py:190} INFO - [2026-09-23T13:05:38.355+0000] {dag.py:3239} INFO - Sync 1 DAGs
[2026-09-23T13:05:38.368+0000] {logging_mixin.py:190} INFO - [2026-09-23T13:05:38.368+0000] {dag.py:4180} INFO - Setting next_dagrun for dss150p_sales_pipeline to 2026-09-22 02:00:00+00:00, run_after=2026-09-23 02:00:00+00:00
[2026-09-23T13:05:38.379+0000] {processor.py:208} INFO - Processing /opt/airflow/dags/dss150p_pipeline.py took 0.078 seconds
[2026-09-23T13:06:08.462+0000] {processor.py:186} INFO - Started process (PID=380) to work on /opt/airflow/dags/dss150p_pipeline.py
[2026-09-23T13:06:08.463+0000] {processor.py:914} INFO - Processing file /opt/airflow/dags/dss150p_pipeline.py for tasks to queue
[2026-09-23T13:06:08.465+0000] {logging_mixin.py:190} INFO - [2026-09-23T13:06:08.465+0000] {dagbag.py:588} INFO - Filling up the DagBag from /opt/airflow/dags/dss150p_pipeline.py
[2026-09-23T13:06:08.481+0000] {processor.py:925} INFO - DAG(s) 'dss150p_sales_pipeline' retrieved from /opt/airflow/dags/dss150p_pipeline.py
[2026-09-23T13:06:08.510+0000] {logging_mixin.py:190} INFO - [2026-09-23T13:06:08.509+0000] {dag.py:3239} INFO - Sync 1 DAGs
[2026-09-23T13:06:08.524+0000] {logging_mixin.py:190} INFO - [2026-09-23T13:06:08.524+0000] {dag.py:4180} INFO - Setting next_dagrun for dss150p_sales_pipeline to 2026-09-22 02:00:00+00:00, run_after=2026-09-23 02:00:00+00:00
[2026-09-23T13:06:08.536+0000] {processor.py:208} INFO - Processing /opt/airflow/dags/dss150p_pipeline.py took 0.078 seconds
[2026-09-23T13:06:38.660+0000] {processor.py:186} INFO - Started process (PID=385) to work on /opt/airflow/dags/dss150p_pipeline.py
[2026-09-23T13:06:38.661+0000] {processor.py:914} INFO - Processing file /opt/airflow/dags/dss150p_pipeline.py for tasks to queue
[2026-09-23T13:06:38.663+0000] {logging_mixin.py:190} INFO - [2026-09-23T13:06:38.663+0000] {dagbag.py:588} INFO - Filling up the DagBag from /opt/airflow/dags/dss150p_pipeline.py
[2026-09-23T13:06:38.678+0000] {processor.py:925} INFO - DAG(s) 'dss150p_sales_pipeline' retrieved from /opt/airflow/dags/dss150p_pipeline.py
[2026-09-23T13:06:38.710+0000] {logging_mixin.py:190} INFO - [2026-09-23T13:06:38.710+0000] {dag.py:3239} INFO - Sync 1 DAGs
[2026-09-23T13:06:38.723+0000] {logging_mixin.py:190} INFO - [2026-09-23T13:06:38.723+0000] {dag.py:4180} INFO - Setting next_dagrun for dss150p_sales_pipeline to 2026-09-22 02:00:00+00:00, run_after=2026-09-23 02:00:00+00:00
[2026-09-23T13:06:38.733+0000] {processor.py:208} INFO - Processing /opt/airflow/dags/dss150p_pipeline.py took 0.077 seconds
[2026-09-23T13:07:08.818+0000] {processor.py:186} INFO - Started process (PID=390) to work on /opt/airflow/dags/dss150p_pipeline.py
[2026-09-23T13:07:08.818+0000] {processor.py:914} INFO - Processing file /opt/airflow/dags/dss150p_pipeline.py for tasks to queue
[2026-09-23T13:07:08.820+0000] {logging_mixin.py:190} INFO - [2026-09-23T13:07:08.820+0000] {dagbag.py:588} INFO - Filling up the DagBag from /opt/airflow/dags/dss150p_pipeline.py
[2026-09-23T13:07:08.836+0000] {processor.py:925} INFO - DAG(s) 'dss150p_sales_pipeline' retrieved from /opt/airflow/dags/dss150p_pipeline.py
[2026-09-23T13:07:08.863+0000] {logging_mixin.py:190} INFO - [2026-09-23T13:07:08.863+0000] {dag.py:3239} INFO - Sync 1 DAGs
[2026-09-23T13:07:08.875+0000] {logging_mixin.py:190} INFO - [2026-09-23T13:07:08.875+0000] {dag.py:4180} INFO - Setting next_dagrun for dss150p_sales_pipeline to 2026-09-22 02:00:00+00:00, run_after=2026-09-23 02:00:00+00:00
[2026-09-23T13:07:08.893+0000] {processor.py:208} INFO - Processing /opt/airflow/dags/dss150p_pipeline.py took 0.079 seconds
[2026-09-23T13:07:39.012+0000] {processor.py:186} INFO - Started process (PID=395) to work on /opt/airflow/dags/dss150p_pipeline.py
[2026-09-23T13:07:39.012+0000] {processor.py:914} INFO - Processing file /opt/airflow/dags/dss150p_pipeline.py for tasks to queue
[2026-09-23T13:07:39.014+0000] {logging_mixin.py:190} INFO - [2026-09-23T13:07:39.014+0000] {dagbag.py:588} INFO - Filling up the DagBag from /opt/airflow/dags/dss150p_pipeline.py
[2026-09-23T13:07:39.029+0000] {processor.py:925} INFO - DAG(s) 'dss150p_sales_pipeline' retrieved from /opt/airflow/dags/dss150p_pipeline.py
[2026-09-23T13:07:39.056+0000] {logging_mixin.py:190} INFO - [2026-09-23T13:07:39.056+0000] {dag.py:3239} INFO - Sync 1 DAGs
[2026-09-23T13:07:39.069+0000] {logging_mixin.py:190} INFO - [2026-09-23T13:07:39.069+0000] {dag.py:4180} INFO - Setting next_dagrun for dss150p_sales_pipeline to 2026-09-22 02:00:00+00:00, run_after=2026-09-23 02:00:00+00:00
[2026-09-23T13:07:39.089+0000] {processor.py:208} INFO - Processing /opt/airflow/dags/dss150p_pipeline.py took 0.082 seconds
[2026-09-23T13:08:09.163+0000] {processor.py:186} INFO - Started process (PID=400) to work on /opt/airflow/dags/dss150p_pipeline.py
[2026-09-23T13:08:09.163+0000] {processor.py:914} INFO - Processing file /opt/airflow/dags/dss150p_pipeline.py for tasks to queue
[2026-09-23T13:08:09.165+0000] {logging_mixin.py:190} INFO - [2026-09-23T13:08:09.164+0000] {dagbag.py:588} INFO - Filling up the DagBag from /opt/airflow/dags/dss150p_pipeline.py
[2026-09-23T13:08:09.180+0000] {processor.py:925} INFO - DAG(s) 'dss150p_sales_pipeline' retrieved from /opt/airflow/dags/dss150p_pipeline.py
[2026-09-23T13:08:09.209+0000] {logging_mixin.py:190} INFO - [2026-09-23T13:08:09.209+0000] {dag.py:3239} INFO - Sync 1 DAGs
[2026-09-23T13:08:09.220+0000] {logging_mixin.py:190} INFO - [2026-09-23T13:08:09.220+0000] {dag.py:4180} INFO - Setting next_dagrun for dss150p_sales_pipeline to 2026-09-22 02:00:00+00:00, run_after=2026-09-23 02:00:00+00:00
[2026-09-23T13:08:09.240+0000] {processor.py:208} INFO - Processing /opt/airflow/dags/dss150p_pipeline.py took 0.081 seconds
[2026-09-23T13:08:39.359+0000] {processor.py:186} INFO - Started process (PID=405) to work on /opt/airflow/dags/dss150p_pipeline.py
[2026-09-23T13:08:39.360+0000] {processor.py:914} INFO - Processing file /opt/airflow/dags/dss150p_pipeline.py for tasks to queue
[2026-09-23T13:08:39.362+0000] {logging_mixin.py:190} INFO - [2026-09-23T13:08:39.361+0000] {dagbag.py:588} INFO - Filling up the DagBag from /opt/airflow/dags/dss150p_pipeline.py
[2026-09-23T13:08:39.377+0000] {processor.py:925} INFO - DAG(s) 'dss150p_sales_pipeline' retrieved from /opt/airflow/dags/dss150p_pipeline.py
[2026-09-23T13:08:39.405+0000] {logging_mixin.py:190} INFO - [2026-09-23T13:08:39.405+0000] {dag.py:3239} INFO - Sync 1 DAGs
[2026-09-23T13:08:39.417+0000] {logging_mixin.py:190} INFO - [2026-09-23T13:08:39.417+0000] {dag.py:4180} INFO - Setting next_dagrun for dss150p_sales_pipeline to 2026-09-22 02:00:00+00:00, run_after=2026-09-23 02:00:00+00:00
[2026-09-23T13:08:39.427+0000] {processor.py:208} INFO - Processing /opt/airflow/dags/dss150p_pipeline.py took 0.071 seconds
[2026-09-23T13:09:09.509+0000] {processor.py:186} INFO - Started process (PID=410) to work on /opt/airflow/dags/dss150p_pipeline.py
[2026-09-23T13:09:09.510+0000] {processor.py:914} INFO - Processing file /opt/airflow/dags/dss150p_pipeline.py for tasks to queue
[2026-09-23T13:09:09.512+0000] {logging_mixin.py:190} INFO - [2026-09-23T13:09:09.512+0000] {dagbag.py:588} INFO - Filling up the DagBag from /opt/airflow/dags/dss150p_pipeline.py
[2026-09-23T13:09:09.528+0000] {processor.py:925} INFO - DAG(s) 'dss150p_sales_pipeline' retrieved from /opt/airflow/dags/dss150p_pipeline.py
[2026-09-23T13:09:09.557+0000] {logging_mixin.py:190} INFO - [2026-09-23T13:09:09.557+0000] {dag.py:3239} INFO - Sync 1 DAGs
[2026-09-23T13:09:09.570+0000] {logging_mixin.py:190} INFO - [2026-09-23T13:09:09.570+0000] {dag.py:4180} INFO - Setting next_dagrun for dss150p_sales_pipeline to 2026-09-22 02:00:00+00:00, run_after=2026-09-23 02:00:00+00:00
[2026-09-23T13:09:09.581+0000] {processor.py:208} INFO - Processing /opt/airflow/dags/dss150p_pipeline.py took 0.075 seconds
[2026-09-23T13:09:39.706+0000] {processor.py:186} INFO - Started process (PID=415) to work on /opt/airflow/dags/dss150p_pipeline.py
[2026-09-23T13:09:39.706+0000] {processor.py:914} INFO - Processing file /opt/airflow/dags/dss150p_pipeline.py for tasks to queue
[2026-09-23T13:09:39.708+0000] {logging_mixin.py:190} INFO - [2026-09-23T13:09:39.708+0000] {dagbag.py:588} INFO - Filling up the DagBag from /opt/airflow/dags/dss150p_pipeline.py
[2026-09-23T13:09:39.724+0000] {processor.py:925} INFO - DAG(s) 'dss150p_sales_pipeline' retrieved from /opt/airflow/dags/dss150p_pipeline.py
[2026-09-23T13:09:39.756+0000] {logging_mixin.py:190} INFO - [2026-09-23T13:09:39.756+0000] {dag.py:3239} INFO - Sync 1 DAGs
[2026-09-23T13:09:39.769+0000] {logging_mixin.py:190} INFO - [2026-09-23T13:09:39.769+0000] {dag.py:4180} INFO - Setting next_dagrun for dss150p_sales_pipeline to 2026-09-22 02:00:00+00:00, run_after=2026-09-23 02:00:00+00:00
[2026-09-23T13:09:39.780+0000] {processor.py:208} INFO - Processing /opt/airflow/dags/dss150p_pipeline.py took 0.078 seconds
[2026-09-23T13:10:09.850+0000] {processor.py:186} INFO - Started process (PID=420) to work on /opt/airflow/dags/dss150p_pipeline.py
[2026-09-23T13:10:09.851+0000] {processor.py:914} INFO - Processing file /opt/airflow/dags/dss150p_pipeline.py for tasks to queue
[2026-09-23T13:10:09.853+0000] {logging_mixin.py:190} INFO - [2026-09-23T13:10:09.852+0000] {dagbag.py:588} INFO - Filling up the DagBag from /opt/airflow/dags/dss150p_pipeline.py
[2026-09-23T13:10:09.868+0000] {processor.py:925} INFO - DAG(s) 'dss150p_sales_pipeline' retrieved from /opt/airflow/dags/dss150p_pipeline.py
[2026-09-23T13:10:09.896+0000] {logging_mixin.py:190} INFO - [2026-09-23T13:10:09.896+0000] {dag.py:3239} INFO - Sync 1 DAGs
[2026-09-23T13:10:09.908+0000] {logging_mixin.py:190} INFO - [2026-09-23T13:10:09.908+0000] {dag.py:4180} INFO - Setting next_dagrun for dss150p_sales_pipeline to 2026-09-22 02:00:00+00:00, run_after=2026-09-23 02:00:00+00:00
[2026-09-23T13:10:09.918+0000] {processor.py:208} INFO - Processing /opt/airflow/dags/dss150p_pipeline.py took 0.071 seconds
[2026-09-23T13:10:40.069+0000] {processor.py:186} INFO - Started process (PID=425) to work on /opt/airflow/dags/dss150p_pipeline.py
[2026-09-23T13:10:40.070+0000] {processor.py:914} INFO - Processing file /opt/airflow/dags/dss150p_pipeline.py for tasks to queue
[2026-09-23T13:10:40.072+0000] {logging_mixin.py:190} INFO - [2026-09-23T13:10:40.072+0000] {dagbag.py:588} INFO - Filling up the DagBag from /opt/airflow/dags/dss150p_pipeline.py
[2026-09-23T13:10:40.089+0000] {processor.py:925} INFO - DAG(s) 'dss150p_sales_pipeline' retrieved from /opt/airflow/dags/dss150p_pipeline.py
[2026-09-23T13:10:40.119+0000] {logging_mixin.py:190} INFO - [2026-09-23T13:10:40.119+0000] {dag.py:3239} INFO - Sync 1 DAGs
[2026-09-23T13:10:40.132+0000] {logging_mixin.py:190} INFO - [2026-09-23T13:10:40.132+0000] {dag.py:4180} INFO - Setting next_dagrun for dss150p_sales_pipeline to 2026-09-22 02:00:00+00:00, run_after=2026-09-23 02:00:00+00:00
[2026-09-23T13:10:40.142+0000] {processor.py:208} INFO - Processing /opt/airflow/dags/dss150p_pipeline.py took 0.078 seconds
[2026-09-23T13:11:10.214+0000] {processor.py:186} INFO - Started process (PID=430) to work on /opt/airflow/dags/dss150p_pipeline.py
[2026-09-23T13:11:10.215+0000] {processor.py:914} INFO - Processing file /opt/airflow/dags/dss150p_pipeline.py for tasks to queue
[2026-09-23T13:11:10.217+0000] {logging_mixin.py:190} INFO - [2026-09-23T13:11:10.216+0000] {dagbag.py:588} INFO - Filling up the DagBag from /opt/airflow/dags/dss150p_pipeline.py
[2026-09-23T13:11:10.232+0000] {processor.py:925} INFO - DAG(s) 'dss150p_sales_pipeline' retrieved from /opt/airflow/dags/dss150p_pipeline.py
[2026-09-23T13:11:10.262+0000] {logging_mixin.py:190} INFO - [2026-09-23T13:11:10.262+0000] {dag.py:3239} INFO - Sync 1 DAGs
[2026-09-23T13:11:10.275+0000] {logging_mixin.py:190} INFO - [2026-09-23T13:11:10.275+0000] {dag.py:4180} INFO - Setting next_dagrun for dss150p_sales_pipeline to 2026-09-22 02:00:00+00:00, run_after=2026-09-23 02:00:00+00:00
[2026-09-23T13:11:10.285+0000] {processor.py:208} INFO - Processing /opt/airflow/dags/dss150p_pipeline.py took 0.075 seconds
[2026-09-23T13:11:40.406+0000] {processor.py:186} INFO - Started process (PID=435) to work on /opt/airflow/dags/dss150p_pipeline.py
[2026-09-23T13:11:40.407+0000] {processor.py:914} INFO - Processing file /opt/airflow/dags/dss150p_pipeline.py for tasks to queue
[2026-09-23T13:11:40.408+0000] {logging_mixin.py:190} INFO - [2026-09-23T13:11:40.408+0000] {dagbag.py:588} INFO - Filling up the DagBag from /opt/airflow/dags/dss150p_pipeline.py
[2026-09-23T13:11:40.426+0000] {processor.py:925} INFO - DAG(s) 'dss150p_sales_pipeline' retrieved from /opt/airflow/dags/dss150p_pipeline.py
[2026-09-23T13:11:40.457+0000] {logging_mixin.py:190} INFO - [2026-09-23T13:11:40.457+0000] {dag.py:3239} INFO - Sync 1 DAGs
[2026-09-23T13:11:40.470+0000] {logging_mixin.py:190} INFO - [2026-09-23T13:11:40.470+0000] {dag.py:4180} INFO - Setting next_dagrun for dss150p_sales_pipeline to 2026-09-22 02:00:00+00:00, run_after=2026-09-23 02:00:00+00:00
[2026-09-23T13:11:40.480+0000] {processor.py:208} INFO - Processing /opt/airflow/dags/dss150p_pipeline.py took 0.079 seconds
[2026-09-23T13:12:10.550+0000] {processor.py:186} INFO - Started process (PID=440) to work on /opt/airflow/dags/dss150p_pipeline.py
[2026-09-23T13:12:10.550+0000] {processor.py:914} INFO - Processing file /opt/airflow/dags/dss150p_pipeline.py for tasks to queue
[2026-09-23T13:12:10.552+0000] {logging_mixin.py:190} INFO - [2026-09-23T13:12:10.552+0000] {dagbag.py:588} INFO - Filling up the DagBag from /opt/airflow/dags/dss150p_pipeline.py
[2026-09-23T13:12:10.568+0000] {processor.py:925} INFO - DAG(s) 'dss150p_sales_pipeline' retrieved from /opt/airflow/dags/dss150p_pipeline.py
[2026-09-23T13:12:10.596+0000] {logging_mixin.py:190} INFO - [2026-09-23T13:12:10.596+0000] {dag.py:3239} INFO - Sync 1 DAGs
[2026-09-23T13:12:10.609+0000] {logging_mixin.py:190} INFO - [2026-09-23T13:12:10.609+0000] {dag.py:4180} INFO - Setting next_dagrun for dss150p_sales_pipeline to 2026-09-22 02:00:00+00:00, run_after=2026-09-23 02:00:00+00:00
[2026-09-23T13:12:10.618+0000] {processor.py:208} INFO - Processing /opt/airflow/dags/dss150p_pipeline.py took 0.073 seconds
[2026-09-23T13:12:40.744+0000] {processor.py:186} INFO - Started process (PID=445) to work on /opt/airflow/dags/dss150p_pipeline.py
[2026-09-23T13:12:40.745+0000] {processor.py:914} INFO - Processing file /opt/airflow/dags/dss150p_pipeline.py for tasks to queue
[2026-09-23T13:12:40.746+0000] {logging_mixin.py:190} INFO - [2026-09-23T13:12:40.746+0000] {dagbag.py:588} INFO - Filling up the DagBag from /opt/airflow/dags/dss150p_pipeline.py
[2026-09-23T13:12:40.762+0000] {processor.py:925} INFO - DAG(s) 'dss150p_sales_pipeline' retrieved from /opt/airflow/dags/dss150p_pipeline.py
[2026-09-23T13:12:40.791+0000] {logging_mixin.py:190} INFO - [2026-09-23T13:12:40.791+0000] {dag.py:3239} INFO - Sync 1 DAGs
[2026-09-23T13:12:40.806+0000] {logging_mixin.py:190} INFO - [2026-09-23T13:12:40.806+0000] {dag.py:4180} INFO - Setting next_dagrun for dss150p_sales_pipeline to 2026-09-22 02:00:00+00:00, run_after=2026-09-23 02:00:00+00:00
[2026-09-23T13:12:40.816+0000] {processor.py:208} INFO - Processing /opt/airflow/dags/dss150p_pipeline.py took 0.076 seconds
[2026-09-23T13:13:10.887+0000] {processor.py:186} INFO - Started process (PID=450) to work on /opt/airflow/dags/dss150p_pipeline.py
[2026-09-23T13:13:10.888+0000] {processor.py:914} INFO - Processing file /opt/airflow/dags/dss150p_pipeline.py for tasks to queue
[2026-09-23T13:13:10.890+0000] {logging_mixin.py:190} INFO - [2026-09-23T13:13:10.889+0000] {dagbag.py:588} INFO - Filling up the DagBag from /opt/airflow/dags/dss150p_pipeline.py
[2026-09-23T13:13:10.905+0000] {processor.py:925} INFO - DAG(s) 'dss150p_sales_pipeline' retrieved from /opt/airflow/dags/dss150p_pipeline.py
[2026-09-23T13:13:10.935+0000] {logging_mixin.py:190} INFO - [2026-09-23T13:13:10.935+0000] {dag.py:3239} INFO - Sync 1 DAGs
[2026-09-23T13:13:10.948+0000] {logging_mixin.py:190} INFO - [2026-09-23T13:13:10.948+0000] {dag.py:4180} INFO - Setting next_dagrun for dss150p_sales_pipeline to 2026-09-22 02:00:00+00:00, run_after=2026-09-23 02:00:00+00:00
[2026-09-23T13:13:10.958+0000] {processor.py:208} INFO - Processing /opt/airflow/dags/dss150p_pipeline.py took 0.075 seconds
[2026-09-23T13:13:41.077+0000] {processor.py:186} INFO - Started process (PID=455) to work on /opt/airflow/dags/dss150p_pipeline.py
[2026-09-23T13:13:41.077+0000] {processor.py:914} INFO - Processing file /opt/airflow/dags/dss150p_pipeline.py for tasks to queue
[2026-09-23T13:13:41.079+0000] {logging_mixin.py:190} INFO - [2026-09-23T13:13:41.079+0000] {dagbag.py:588} INFO - Filling up the DagBag from /opt/airflow/dags/dss150p_pipeline.py
[2026-09-23T13:13:41.094+0000] {processor.py:925} INFO - DAG(s) 'dss150p_sales_pipeline' retrieved from /opt/airflow/dags/dss150p_pipeline.py
[2026-09-23T13:13:41.122+0000] {logging_mixin.py:190} INFO - [2026-09-23T13:13:41.121+0000] {dag.py:3239} INFO - Sync 1 DAGs
[2026-09-23T13:13:41.133+0000] {logging_mixin.py:190} INFO - [2026-09-23T13:13:41.133+0000] {dag.py:4180} INFO - Setting next_dagrun for dss150p_sales_pipeline to 2026-09-22 02:00:00+00:00, run_after=2026-09-23 02:00:00+00:00
[2026-09-23T13:13:41.143+0000] {processor.py:208} INFO - Processing /opt/airflow/dags/dss150p_pipeline.py took 0.070 seconds
[2026-09-23T13:14:11.231+0000] {processor.py:186} INFO - Started process (PID=460) to work on /opt/airflow/dags/dss150p_pipeline.py
[2026-09-23T13:14:11.232+0000] {processor.py:914} INFO - Processing file /opt/airflow/dags/dss150p_pipeline.py for tasks to queue
[2026-09-23T13:14:11.234+0000] {logging_mixin.py:190} INFO - [2026-09-23T13:14:11.234+0000] {dagbag.py:588} INFO - Filling up the DagBag from /opt/airflow/dags/dss150p_pipeline.py
[2026-09-23T13:14:11.250+0000] {processor.py:925} INFO - DAG(s) 'dss150p_sales_pipeline' retrieved from /opt/airflow/dags/dss150p_pipeline.py
[2026-09-23T13:14:11.279+0000] {logging_mixin.py:190} INFO - [2026-09-23T13:14:11.278+0000] {dag.py:3239} INFO - Sync 1 DAGs
[2026-09-23T13:14:11.291+0000] {logging_mixin.py:190} INFO - [2026-09-23T13:14:11.291+0000] {dag.py:4180} INFO - Setting next_dagrun for dss150p_sales_pipeline to 2026-09-22 02:00:00+00:00, run_after=2026-09-23 02:00:00+00:00
[2026-09-23T13:14:11.301+0000] {processor.py:208} INFO - Processing /opt/airflow/dags/dss150p_pipeline.py took 0.075 seconds
[2026-09-23T13:14:41.404+0000] {processor.py:186} INFO - Started process (PID=465) to work on /opt/airflow/dags/dss150p_pipeline.py
[2026-09-23T13:14:41.405+0000] {processor.py:914} INFO - Processing file /opt/airflow/dags/dss150p_pipeline.py for tasks to queue
[2026-09-23T13:14:41.407+0000] {logging_mixin.py:190} INFO - [2026-09-23T13:14:41.406+0000] {dagbag.py:588} INFO - Filling up the DagBag from /opt/airflow/dags/dss150p_pipeline.py
[2026-09-23T13:14:41.423+0000] {processor.py:925} INFO - DAG(s) 'dss150p_sales_pipeline' retrieved from /opt/airflow/dags/dss150p_pipeline.py
[2026-09-23T13:14:41.453+0000] {logging_mixin.py:190} INFO - [2026-09-23T13:14:41.453+0000] {dag.py:3239} INFO - Sync 1 DAGs
[2026-09-23T13:14:41.465+0000] {logging_mixin.py:190} INFO - [2026-09-23T13:14:41.465+0000] {dag.py:4180} INFO - Setting next_dagrun for dss150p_sales_pipeline to 2026-09-22 02:00:00+00:00, run_after=2026-09-23 02:00:00+00:00
[2026-09-23T13:14:41.475+0000] {processor.py:208} INFO - Processing /opt/airflow/dags/dss150p_pipeline.py took 0.076 seconds
[2026-09-23T13:15:11.562+0000] {processor.py:186} INFO - Started process (PID=470) to work on /opt/airflow/dags/dss150p_pipeline.py
[2026-09-23T13:15:11.563+0000] {processor.py:914} INFO - Processing file /opt/airflow/dags/dss150p_pipeline.py for tasks to queue
[2026-09-23T13:15:11.565+0000] {logging_mixin.py:190} INFO - [2026-09-23T13:15:11.564+0000] {dagbag.py:588} INFO - Filling up the DagBag from /opt/airflow/dags/dss150p_pipeline.py
[2026-09-23T13:15:11.581+0000] {processor.py:925} INFO - DAG(s) 'dss150p_sales_pipeline' retrieved from /opt/airflow/dags/dss150p_pipeline.py
[2026-09-23T13:15:11.610+0000] {logging_mixin.py:190} INFO - [2026-09-23T13:15:11.610+0000] {dag.py:3239} INFO - Sync 1 DAGs
[2026-09-23T13:15:11.622+0000] {logging_mixin.py:190} INFO - [2026-09-23T13:15:11.622+0000] {dag.py:4180} INFO - Setting next_dagrun for dss150p_sales_pipeline to 2026-09-22 02:00:00+00:00, run_after=2026-09-23 02:00:00+00:00
[2026-09-23T13:15:11.632+0000] {processor.py:208} INFO - Processing /opt/airflow/dags/dss150p_pipeline.py took 0.074 seconds
[2026-09-23T13:15:41.762+0000] {processor.py:186} INFO - Started process (PID=475) to work on /opt/airflow/dags/dss150p_pipeline.py
[2026-09-23T13:15:41.763+0000] {processor.py:914} INFO - Processing file /opt/airflow/dags/dss150p_pipeline.py for tasks to queue
[2026-09-23T13:15:41.764+0000] {logging_mixin.py:190} INFO - [2026-09-23T13:15:41.764+0000] {dagbag.py:588} INFO - Filling up the DagBag from /opt/airflow/dags/dss150p_pipeline.py
[2026-09-23T13:15:41.781+0000] {processor.py:925} INFO - DAG(s) 'dss150p_sales_pipeline' retrieved from /opt/airflow/dags/dss150p_pipeline.py
[2026-09-23T13:15:41.811+0000] {logging_mixin.py:190} INFO - [2026-09-23T13:15:41.811+0000] {dag.py:3239} INFO - Sync 1 DAGs
[2026-09-23T13:15:41.824+0000] {logging_mixin.py:190} INFO - [2026-09-23T13:15:41.824+0000] {dag.py:4180} INFO - Setting next_dagrun for dss150p_sales_pipeline to 2026-09-22 02:00:00+00:00, run_after=2026-09-23 02:00:00+00:00
[2026-09-23T13:15:41.835+0000] {processor.py:208} INFO - Processing /opt/airflow/dags/dss150p_pipeline.py took 0.078 seconds
[2026-09-23T13:16:11.907+0000] {processor.py:186} INFO - Started process (PID=480) to work on /opt/airflow/dags/dss150p_pipeline.py
[2026-09-23T13:16:11.907+0000] {processor.py:914} INFO - Processing file /opt/airflow/dags/dss150p_pipeline.py for tasks to queue
[2026-09-23T13:16:11.909+0000] {logging_mixin.py:190} INFO - [2026-09-23T13:16:11.909+0000] {dagbag.py:588} INFO - Filling up the DagBag from /opt/airflow/dags/dss150p_pipeline.py
[2026-09-23T13:16:11.925+0000] {processor.py:925} INFO - DAG(s) 'dss150p_sales_pipeline' retrieved from /opt/airflow/dags/dss150p_pipeline.py
[2026-09-23T13:16:11.953+0000] {logging_mixin.py:190} INFO - [2026-09-23T13:16:11.953+0000] {dag.py:3239} INFO - Sync 1 DAGs
[2026-09-23T13:16:11.966+0000] {logging_mixin.py:190} INFO - [2026-09-23T13:16:11.966+0000] {dag.py:4180} INFO - Setting next_dagrun for dss150p_sales_pipeline to 2026-09-22 02:00:00+00:00, run_after=2026-09-23 02:00:00+00:00
[2026-09-23T13:16:11.976+0000] {processor.py:208} INFO - Processing /opt/airflow/dags/dss150p_pipeline.py took 0.073 seconds
[2026-09-23T13:16:42.105+0000] {processor.py:186} INFO - Started process (PID=485) to work on /opt/airflow/dags/dss150p_pipeline.py
[2026-09-23T13:16:42.106+0000] {processor.py:914} INFO - Processing file /opt/airflow/dags/dss150p_pipeline.py for tasks to queue
[2026-09-23T13:16:42.108+0000] {logging_mixin.py:190} INFO - [2026-09-23T13:16:42.108+0000] {dagbag.py:588} INFO - Filling up the DagBag from /opt/airflow/dags/dss150p_pipeline.py
[2026-09-23T13:16:42.124+0000] {processor.py:925} INFO - DAG(s) 'dss150p_sales_pipeline' retrieved from /opt/airflow/dags/dss150p_pipeline.py
[2026-09-23T13:16:42.154+0000] {logging_mixin.py:190} INFO - [2026-09-23T13:16:42.154+0000] {dag.py:3239} INFO - Sync 1 DAGs
[2026-09-23T13:16:42.167+0000] {logging_mixin.py:190} INFO - [2026-09-23T13:16:42.167+0000] {dag.py:4180} INFO - Setting next_dagrun for dss150p_sales_pipeline to 2026-09-22 02:00:00+00:00, run_after=2026-09-23 02:00:00+00:00
[2026-09-23T13:16:42.178+0000] {processor.py:208} INFO - Processing /opt/airflow/dags/dss150p_pipeline.py took 0.076 seconds
[2026-09-23T13:17:12.253+0000] {processor.py:186} INFO - Started process (PID=490) to work on /opt/airflow/dags/dss150p_pipeline.py
[2026-09-23T13:17:12.254+0000] {processor.py:914} INFO - Processing file /opt/airflow/dags/dss150p_pipeline.py for tasks to queue
[2026-09-23T13:17:12.255+0000] {logging_mixin.py:190} INFO - [2026-09-23T13:17:12.255+0000] {dagbag.py:588} INFO - Filling up the DagBag from /opt/airflow/dags/dss150p_pipeline.py
[2026-09-23T13:17:12.272+0000] {processor.py:925} INFO - DAG(s) 'dss150p_sales_pipeline' retrieved from /opt/airflow/dags/dss150p_pipeline.py
[2026-09-23T13:17:12.301+0000] {logging_mixin.py:190} INFO - [2026-09-23T13:17:12.301+0000] {dag.py:3239} INFO - Sync 1 DAGs
[2026-09-23T13:17:12.314+0000] {logging_mixin.py:190} INFO - [2026-09-23T13:17:12.314+0000] {dag.py:4180} INFO - Setting next_dagrun for dss150p_sales_pipeline to 2026-09-22 02:00:00+00:00, run_after=2026-09-23 02:00:00+00:00
[2026-09-23T13:17:12.324+0000] {processor.py:208} INFO - Processing /opt/airflow/dags/dss150p_pipeline.py took 0.075 seconds
[2026-09-23T13:17:42.443+0000] {processor.py:186} INFO - Started process (PID=495) to work on /opt/airflow/dags/dss150p_pipeline.py
[2026-09-23T13:17:42.444+0000] {processor.py:914} INFO - Processing file /opt/airflow/dags/dss150p_pipeline.py for tasks to queue
[2026-09-23T13:17:42.446+0000] {logging_mixin.py:190} INFO - [2026-09-23T13:17:42.446+0000] {dagbag.py:588} INFO - Filling up the DagBag from /opt/airflow/dags/dss150p_pipeline.py
[2026-09-23T13:17:42.461+0000] {processor.py:925} INFO - DAG(s) 'dss150p_sales_pipeline' retrieved from /opt/airflow/dags/dss150p_pipeline.py
[2026-09-23T13:17:42.489+0000] {logging_mixin.py:190} INFO - [2026-09-23T13:17:42.489+0000] {dag.py:3239} INFO - Sync 1 DAGs
[2026-09-23T13:17:42.500+0000] {logging_mixin.py:190} INFO - [2026-09-23T13:17:42.500+0000] {dag.py:4180} INFO - Setting next_dagrun for dss150p_sales_pipeline to 2026-09-22 02:00:00+00:00, run_after=2026-09-23 02:00:00+00:00
[2026-09-23T13:17:42.510+0000] {processor.py:208} INFO - Processing /opt/airflow/dags/dss150p_pipeline.py took 0.070 seconds
[2026-09-23T13:18:12.594+0000] {processor.py:186} INFO - Started process (PID=500) to work on /opt/airflow/dags/dss150p_pipeline.py
[2026-09-23T13:18:12.595+0000] {processor.py:914} INFO - Processing file /opt/airflow/dags/dss150p_pipeline.py for tasks to queue
[2026-09-23T13:18:12.597+0000] {logging_mixin.py:190} INFO - [2026-09-23T13:18:12.597+0000] {dagbag.py:588} INFO - Filling up the DagBag from /opt/airflow/dags/dss150p_pipeline.py
[2026-09-23T13:18:12.613+0000] {processor.py:925} INFO - DAG(s) 'dss150p_sales_pipeline' retrieved from /opt/airflow/dags/dss150p_pipeline.py
[2026-09-23T13:18:12.643+0000] {logging_mixin.py:190} INFO - [2026-09-23T13:18:12.643+0000] {dag.py:3239} INFO - Sync 1 DAGs
[2026-09-23T13:18:12.654+0000] {logging_mixin.py:190} INFO - [2026-09-23T13:18:12.654+0000] {dag.py:4180} INFO - Setting next_dagrun for dss150p_sales_pipeline to 2026-09-22 02:00:00+00:00, run_after=2026-09-23 02:00:00+00:00
[2026-09-23T13:18:12.664+0000] {processor.py:208} INFO - Processing /opt/airflow/dags/dss150p_pipeline.py took 0.076 seconds
[2026-09-23T13:18:42.775+0000] {processor.py:186} INFO - Started process (PID=505) to work on /opt/airflow/dags/dss150p_pipeline.py
[2026-09-23T13:18:42.775+0000] {processor.py:914} INFO - Processing file /opt/airflow/dags/dss150p_pipeline.py for tasks to queue
[2026-09-23T13:18:42.778+0000] {logging_mixin.py:190} INFO - [2026-09-23T13:18:42.778+0000] {dagbag.py:588} INFO - Filling up the DagBag from /opt/airflow/dags/dss150p_pipeline.py
[2026-09-23T13:18:42.794+0000] {processor.py:925} INFO - DAG(s) 'dss150p_sales_pipeline' retrieved from /opt/airflow/dags/dss150p_pipeline.py
[2026-09-23T13:18:42.825+0000] {logging_mixin.py:190} INFO - [2026-09-23T13:18:42.825+0000] {dag.py:3239} INFO - Sync 1 DAGs
[2026-09-23T13:18:42.838+0000] {logging_mixin.py:190} INFO - [2026-09-23T13:18:42.837+0000] {dag.py:4180} INFO - Setting next_dagrun for dss150p_sales_pipeline to 2026-09-22 02:00:00+00:00, run_after=2026-09-23 02:00:00+00:00
[2026-09-23T13:18:42.849+0000] {processor.py:208} INFO - Processing /opt/airflow/dags/dss150p_pipeline.py took 0.078 seconds
[2026-09-23T13:19:12.920+0000] {processor.py:186} INFO - Started process (PID=510) to work on /opt/airflow/dags/dss150p_pipeline.py
[2026-09-23T13:19:12.921+0000] {processor.py:914} INFO - Processing file /opt/airflow/dags/dss150p_pipeline.py for tasks to queue
[2026-09-23T13:19:12.923+0000] {logging_mixin.py:190} INFO - [2026-09-23T13:19:12.923+0000] {dagbag.py:588} INFO - Filling up the DagBag from /opt/airflow/dags/dss150p_pipeline.py
[2026-09-23T13:19:12.941+0000] {processor.py:925} INFO - DAG(s) 'dss150p_sales_pipeline' retrieved from /opt/airflow/dags/dss150p_pipeline.py
[2026-09-23T13:19:12.971+0000] {logging_mixin.py:190} INFO - [2026-09-23T13:19:12.971+0000] {dag.py:3239} INFO - Sync 1 DAGs
[2026-09-23T13:19:12.984+0000] {logging_mixin.py:190} INFO - [2026-09-23T13:19:12.984+0000] {dag.py:4180} INFO - Setting next_dagrun for dss150p_sales_pipeline to 2026-09-22 02:00:00+00:00, run_after=2026-09-23 02:00:00+00:00
[2026-09-23T13:19:12.994+0000] {processor.py:208} INFO - Processing /opt/airflow/dags/dss150p_pipeline.py took 0.078 seconds
[2026-09-23T13:19:43.099+0000] {processor.py:186} INFO - Started process (PID=515) to work on /opt/airflow/dags/dss150p_pipeline.py
[2026-09-23T13:19:43.099+0000] {processor.py:914} INFO - Processing file /opt/airflow/dags/dss150p_pipeline.py for tasks to queue
[2026-09-23T13:19:43.101+0000] {logging_mixin.py:190} INFO - [2026-09-23T13:19:43.101+0000] {dagbag.py:588} INFO - Filling up the DagBag from /opt/airflow/dags/dss150p_pipeline.py
[2026-09-23T13:19:43.116+0000] {processor.py:925} INFO - DAG(s) 'dss150p_sales_pipeline' retrieved from /opt/airflow/dags/dss150p_pipeline.py
[2026-09-23T13:19:43.146+0000] {logging_mixin.py:190} INFO - [2026-09-23T13:19:43.146+0000] {dag.py:3239} INFO - Sync 1 DAGs
[2026-09-23T13:19:43.160+0000] {logging_mixin.py:190} INFO - [2026-09-23T13:19:43.160+0000] {dag.py:4180} INFO - Setting next_dagrun for dss150p_sales_pipeline to 2026-09-22 02:00:00+00:00, run_after=2026-09-23 02:00:00+00:00
[2026-09-23T13:19:43.171+0000] {processor.py:208} INFO - Processing /opt/airflow/dags/dss150p_pipeline.py took 0.076 seconds
[2026-09-23T13:20:13.243+0000] {processor.py:186} INFO - Started process (PID=520) to work on /opt/airflow/dags/dss150p_pipeline.py
[2026-09-23T13:20:13.243+0000] {processor.py:914} INFO - Processing file /opt/airflow/dags/dss150p_pipeline.py for tasks to queue
[2026-09-23T13:20:13.245+0000] {logging_mixin.py:190} INFO - [2026-09-23T13:20:13.245+0000] {dagbag.py:588} INFO - Filling up the DagBag from /opt/airflow/dags/dss150p_pipeline.py
[2026-09-23T13:20:13.261+0000] {processor.py:925} INFO - DAG(s) 'dss150p_sales_pipeline' retrieved from /opt/airflow/dags/dss150p_pipeline.py
[2026-09-23T13:20:13.291+0000] {logging_mixin.py:190} INFO - [2026-09-23T13:20:13.291+0000] {dag.py:3239} INFO - Sync 1 DAGs
[2026-09-23T13:20:13.304+0000] {logging_mixin.py:190} INFO - [2026-09-23T13:20:13.304+0000] {dag.py:4180} INFO - Setting next_dagrun for dss150p_sales_pipeline to 2026-09-22 02:00:00+00:00, run_after=2026-09-23 02:00:00+00:00
[2026-09-23T13:20:13.315+0000] {processor.py:208} INFO - Processing /opt/airflow/dags/dss150p_pipeline.py took 0.076 seconds
[2026-09-23T13:20:43.443+0000] {processor.py:186} INFO - Started process (PID=525) to work on /opt/airflow/dags/dss150p_pipeline.py
[2026-09-23T13:20:43.443+0000] {processor.py:914} INFO - Processing file /opt/airflow/dags/dss150p_pipeline.py for tasks to queue
[2026-09-23T13:20:43.445+0000] {logging_mixin.py:190} INFO - [2026-09-23T13:20:43.445+0000] {dagbag.py:588} INFO - Filling up the DagBag from /opt/airflow/dags/dss150p_pipeline.py
[2026-09-23T13:20:43.461+0000] {processor.py:925} INFO - DAG(s) 'dss150p_sales_pipeline' retrieved from /opt/airflow/dags/dss150p_pipeline.py
[2026-09-23T13:20:43.489+0000] {logging_mixin.py:190} INFO - [2026-09-23T13:20:43.489+0000] {dag.py:3239} INFO - Sync 1 DAGs
[2026-09-23T13:20:43.502+0000] {logging_mixin.py:190} INFO - [2026-09-23T13:20:43.502+0000] {dag.py:4180} INFO - Setting next_dagrun for dss150p_sales_pipeline to 2026-09-22 02:00:00+00:00, run_after=2026-09-23 02:00:00+00:00
[2026-09-23T13:20:43.512+0000] {processor.py:208} INFO - Processing /opt/airflow/dags/dss150p_pipeline.py took 0.073 seconds
[2026-09-23T13:21:13.583+0000] {processor.py:186} INFO - Started process (PID=530) to work on /opt/airflow/dags/dss150p_pipeline.py
[2026-09-23T13:21:13.584+0000] {processor.py:914} INFO - Processing file /opt/airflow/dags/dss150p_pipeline.py for tasks to queue
[2026-09-23T13:21:13.586+0000] {logging_mixin.py:190} INFO - [2026-09-23T13:21:13.585+0000] {dagbag.py:588} INFO - Filling up the DagBag from /opt/airflow/dags/dss150p_pipeline.py
[2026-09-23T13:21:13.601+0000] {processor.py:925} INFO - DAG(s) 'dss150p_sales_pipeline' retrieved from /opt/airflow/dags/dss150p_pipeline.py
[2026-09-23T13:21:13.630+0000] {logging_mixin.py:190} INFO - [2026-09-23T13:21:13.630+0000] {dag.py:3239} INFO - Sync 1 DAGs
[2026-09-23T13:21:13.642+0000] {logging_mixin.py:190} INFO - [2026-09-23T13:21:13.642+0000] {dag.py:4180} INFO - Setting next_dagrun for dss150p_sales_pipeline to 2026-09-22 02:00:00+00:00, run_after=2026-09-23 02:00:00+00:00
[2026-09-23T13:21:13.653+0000] {processor.py:208} INFO - Processing /opt/airflow/dags/dss150p_pipeline.py took 0.074 seconds
[2026-09-23T13:21:43.765+0000] {processor.py:186} INFO - Started process (PID=535) to work on /opt/airflow/dags/dss150p_pipeline.py
[2026-09-23T13:21:43.766+0000] {processor.py:914} INFO - Processing file /opt/airflow/dags/dss150p_pipeline.py for tasks to queue
[2026-09-23T13:21:43.768+0000] {logging_mixin.py:190} INFO - [2026-09-23T13:21:43.768+0000] {dagbag.py:588} INFO - Filling up the DagBag from /opt/airflow/dags/dss150p_pipeline.py
[2026-09-23T13:21:43.783+0000] {processor.py:925} INFO - DAG(s) 'dss150p_sales_pipeline' retrieved from /opt/airflow/dags/dss150p_pipeline.py
[2026-09-23T13:21:43.811+0000] {logging_mixin.py:190} INFO - [2026-09-23T13:21:43.811+0000] {dag.py:3239} INFO - Sync 1 DAGs
[2026-09-23T13:21:43.823+0000] {logging_mixin.py:190} INFO - [2026-09-23T13:21:43.823+0000] {dag.py:4180} INFO - Setting next_dagrun for dss150p_sales_pipeline to 2026-09-22 02:00:00+00:00, run_after=2026-09-23 02:00:00+00:00
[2026-09-23T13:21:43.832+0000] {processor.py:208} INFO - Processing /opt/airflow/dags/dss150p_pipeline.py took 0.070 seconds
[2026-09-23T13:22:13.902+0000] {processor.py:186} INFO - Started process (PID=540) to work on /opt/airflow/dags/dss150p_pipeline.py
[2026-09-23T13:22:13.903+0000] {processor.py:914} INFO - Processing file /opt/airflow/dags/dss150p_pipeline.py for tasks to queue
[2026-09-23T13:22:13.905+0000] {logging_mixin.py:190} INFO - [2026-09-23T13:22:13.904+0000] {dagbag.py:588} INFO - Filling up the DagBag from /opt/airflow/dags/dss150p_pipeline.py
[2026-09-23T13:22:13.920+0000] {processor.py:925} INFO - DAG(s) 'dss150p_sales_pipeline' retrieved from /opt/airflow/dags/dss150p_pipeline.py
[2026-09-23T13:22:13.948+0000] {logging_mixin.py:190} INFO - [2026-09-23T13:22:13.948+0000] {dag.py:3239} INFO - Sync 1 DAGs
[2026-09-23T13:22:13.960+0000] {logging_mixin.py:190} INFO - [2026-09-23T13:22:13.960+0000] {dag.py:4180} INFO - Setting next_dagrun for dss150p_sales_pipeline to 2026-09-22 02:00:00+00:00, run_after=2026-09-23 02:00:00+00:00
[2026-09-23T13:22:13.970+0000] {processor.py:208} INFO - Processing /opt/airflow/dags/dss150p_pipeline.py took 0.072 seconds
[2026-09-23T13:22:44.084+0000] {processor.py:186} INFO - Started process (PID=545) to work on /opt/airflow/dags/dss150p_pipeline.py
[2026-09-23T13:22:44.085+0000] {processor.py:914} INFO - Processing file /opt/airflow/dags/dss150p_pipeline.py for tasks to queue
[2026-09-23T13:22:44.086+0000] {logging_mixin.py:190} INFO - [2026-09-23T13:22:44.086+0000] {dagbag.py:588} INFO - Filling up the DagBag from /opt/airflow/dags/dss150p_pipeline.py
[2026-09-23T13:22:44.102+0000] {processor.py:925} INFO - DAG(s) 'dss150p_sales_pipeline' retrieved from /opt/airflow/dags/dss150p_pipeline.py
[2026-09-23T13:22:44.130+0000] {logging_mixin.py:190} INFO - [2026-09-23T13:22:44.130+0000] {dag.py:3239} INFO - Sync 1 DAGs
[2026-09-23T13:22:44.143+0000] {logging_mixin.py:190} INFO - [2026-09-23T13:22:44.143+0000] {dag.py:4180} INFO - Setting next_dagrun for dss150p_sales_pipeline to 2026-09-22 02:00:00+00:00, run_after=2026-09-23 02:00:00+00:00
[2026-09-23T13:22:44.153+0000] {processor.py:208} INFO - Processing /opt/airflow/dags/dss150p_pipeline.py took 0.072 seconds
[2026-09-23T13:23:14.226+0000] {processor.py:186} INFO - Started process (PID=550) to work on /opt/airflow/dags/dss150p_pipeline.py
[2026-09-23T13:23:14.226+0000] {processor.py:914} INFO - Processing file /opt/airflow/dags/dss150p_pipeline.py for tasks to queue
[2026-09-23T13:23:14.228+0000] {logging_mixin.py:190} INFO - [2026-09-23T13:23:14.228+0000] {dagbag.py:588} INFO - Filling up the DagBag from /opt/airflow/dags/dss150p_pipeline.py
[2026-09-23T13:23:14.244+0000] {processor.py:925} INFO - DAG(s) 'dss150p_sales_pipeline' retrieved from /opt/airflow/dags/dss150p_pipeline.py
[2026-09-23T13:23:14.272+0000] {logging_mixin.py:190} INFO - [2026-09-23T13:23:14.272+0000] {dag.py:3239} INFO - Sync 1 DAGs
[2026-09-23T13:23:14.284+0000] {logging_mixin.py:190} INFO - [2026-09-23T13:23:14.284+0000] {dag.py:4180} INFO - Setting next_dagrun for dss150p_sales_pipeline to 2026-09-22 02:00:00+00:00, run_after=2026-09-23 02:00:00+00:00
[2026-09-23T13:23:14.302+0000] {processor.py:208} INFO - Processing /opt/airflow/dags/dss150p_pipeline.py took 0.080 seconds
[2026-09-23T13:23:44.401+0000] {processor.py:186} INFO - Started process (PID=555) to work on /opt/airflow/dags/dss150p_pipeline.py
[2026-09-23T13:23:44.402+0000] {processor.py:914} INFO - Processing file /opt/airflow/dags/dss150p_pipeline.py for tasks to queue
[2026-09-23T13:23:44.403+0000] {logging_mixin.py:190} INFO - [2026-09-23T13:23:44.403+0000] {dagbag.py:588} INFO - Filling up the DagBag from /opt/airflow/dags/dss150p_pipeline.py
[2026-09-23T13:23:44.419+0000] {processor.py:925} INFO - DAG(s) 'dss150p_sales_pipeline' retrieved from /opt/airflow/dags/dss150p_pipeline.py
[2026-09-23T13:23:44.446+0000] {logging_mixin.py:190} INFO - [2026-09-23T13:23:44.446+0000] {dag.py:3239} INFO - Sync 1 DAGs
[2026-09-23T13:23:44.458+0000] {logging_mixin.py:190} INFO - [2026-09-23T13:23:44.458+0000] {dag.py:4180} INFO - Setting next_dagrun for dss150p_sales_pipeline to 2026-09-22 02:00:00+00:00, run_after=2026-09-23 02:00:00+00:00
[2026-09-23T13:23:44.476+0000] {processor.py:208} INFO - Processing /opt/airflow/dags/dss150p_pipeline.py took 0.079 seconds
[2026-09-23T13:24:14.545+0000] {processor.py:186} INFO - Started process (PID=560) to work on /opt/airflow/dags/dss150p_pipeline.py
[2026-09-23T13:24:14.546+0000] {processor.py:914} INFO - Processing file /opt/airflow/dags/dss150p_pipeline.py for tasks to queue
[2026-09-23T13:24:14.547+0000] {logging_mixin.py:190} INFO - [2026-09-23T13:24:14.547+0000] {dagbag.py:588} INFO - Filling up the DagBag from /opt/airflow/dags/dss150p_pipeline.py
[2026-09-23T13:24:14.564+0000] {processor.py:925} INFO - DAG(s) 'dss150p_sales_pipeline' retrieved from /opt/airflow/dags/dss150p_pipeline.py
[2026-09-23T13:24:14.591+0000] {logging_mixin.py:190} INFO - [2026-09-23T13:24:14.591+0000] {dag.py:3239} INFO - Sync 1 DAGs
[2026-09-23T13:24:14.603+0000] {logging_mixin.py:190} INFO - [2026-09-23T13:24:14.603+0000] {dag.py:4180} INFO - Setting next_dagrun for dss150p_sales_pipeline to 2026-09-22 02:00:00+00:00, run_after=2026-09-23 02:00:00+00:00
[2026-09-23T13:24:14.613+0000] {processor.py:208} INFO - Processing /opt/airflow/dags/dss150p_pipeline.py took 0.072 seconds
[2026-09-23T13:24:44.718+0000] {processor.py:186} INFO - Started process (PID=565) to work on /opt/airflow/dags/dss150p_pipeline.py
[2026-09-23T13:24:44.718+0000] {processor.py:914} INFO - Processing file /opt/airflow/dags/dss150p_pipeline.py for tasks to queue
[2026-09-23T13:24:44.720+0000] {logging_mixin.py:190} INFO - [2026-09-23T13:24:44.719+0000] {dagbag.py:588} INFO - Filling up the DagBag from /opt/airflow/dags/dss150p_pipeline.py
[2026-09-23T13:24:44.735+0000] {processor.py:925} INFO - DAG(s) 'dss150p_sales_pipeline' retrieved from /opt/airflow/dags/dss150p_pipeline.py
[2026-09-23T13:24:44.763+0000] {logging_mixin.py:190} INFO - [2026-09-23T13:24:44.763+0000] {dag.py:3239} INFO - Sync 1 DAGs
[2026-09-23T13:24:44.774+0000] {logging_mixin.py:190} INFO - [2026-09-23T13:24:44.774+0000] {dag.py:4180} INFO - Setting next_dagrun for dss150p_sales_pipeline to 2026-09-22 02:00:00+00:00, run_after=2026-09-23 02:00:00+00:00
[2026-09-23T13:24:44.793+0000] {processor.py:208} INFO - Processing /opt/airflow/dags/dss150p_pipeline.py took 0.079 seconds
[2026-09-23T13:25:14.861+0000] {processor.py:186} INFO - Started process (PID=570) to work on /opt/airflow/dags/dss150p_pipeline.py
[2026-09-23T13:25:14.862+0000] {processor.py:914} INFO - Processing file /opt/airflow/dags/dss150p_pipeline.py for tasks to queue
[2026-09-23T13:25:14.864+0000] {logging_mixin.py:190} INFO - [2026-09-23T13:25:14.864+0000] {dagbag.py:588} INFO - Filling up the DagBag from /opt/airflow/dags/dss150p_pipeline.py
[2026-09-23T13:25:14.879+0000] {processor.py:925} INFO - DAG(s) 'dss150p_sales_pipeline' retrieved from /opt/airflow/dags/dss150p_pipeline.py
[2026-09-23T13:25:14.908+0000] {logging_mixin.py:190} INFO - [2026-09-23T13:25:14.908+0000] {dag.py:3239} INFO - Sync 1 DAGs
[2026-09-23T13:25:14.919+0000] {logging_mixin.py:190} INFO - [2026-09-23T13:25:14.919+0000] {dag.py:4180} INFO - Setting next_dagrun for dss150p_sales_pipeline to 2026-09-22 02:00:00+00:00, run_after=2026-09-23 02:00:00+00:00
[2026-09-23T13:25:14.929+0000] {processor.py:208} INFO - Processing /opt/airflow/dags/dss150p_pipeline.py took 0.072 seconds
[2026-09-23T13:25:45.065+0000] {processor.py:186} INFO - Started process (PID=575) to work on /opt/airflow/dags/dss150p_pipeline.py
[2026-09-23T13:25:45.065+0000] {processor.py:914} INFO - Processing file /opt/airflow/dags/dss150p_pipeline.py for tasks to queue
[2026-09-23T13:25:45.067+0000] {logging_mixin.py:190} INFO - [2026-09-23T13:25:45.067+0000] {dagbag.py:588} INFO - Filling up the DagBag from /opt/airflow/dags/dss150p_pipeline.py
[2026-09-23T13:25:45.083+0000] {processor.py:925} INFO - DAG(s) 'dss150p_sales_pipeline' retrieved from /opt/airflow/dags/dss150p_pipeline.py
[2026-09-23T13:25:45.111+0000] {logging_mixin.py:190} INFO - [2026-09-23T13:25:45.111+0000] {dag.py:3239} INFO - Sync 1 DAGs
[2026-09-23T13:25:45.123+0000] {logging_mixin.py:190} INFO - [2026-09-23T13:25:45.123+0000] {dag.py:4180} INFO - Setting next_dagrun for dss150p_sales_pipeline to 2026-09-22 02:00:00+00:00, run_after=2026-09-23 02:00:00+00:00
[2026-09-23T13:25:45.133+0000] {processor.py:208} INFO - Processing /opt/airflow/dags/dss150p_pipeline.py took 0.073 seconds
[2026-09-23T13:26:15.206+0000] {processor.py:186} INFO - Started process (PID=580) to work on /opt/airflow/dags/dss150p_pipeline.py
[2026-09-23T13:26:15.206+0000] {processor.py:914} INFO - Processing file /opt/airflow/dags/dss150p_pipeline.py for tasks to queue
[2026-09-23T13:26:15.208+0000] {logging_mixin.py:190} INFO - [2026-09-23T13:26:15.208+0000] {dagbag.py:588} INFO - Filling up the DagBag from /opt/airflow/dags/dss150p_pipeline.py
[2026-09-23T13:26:15.224+0000] {processor.py:925} INFO - DAG(s) 'dss150p_sales_pipeline' retrieved from /opt/airflow/dags/dss150p_pipeline.py
[2026-09-23T13:26:15.253+0000] {logging_mixin.py:190} INFO - [2026-09-23T13:26:15.253+0000] {dag.py:3239} INFO - Sync 1 DAGs
[2026-09-23T13:26:15.265+0000] {logging_mixin.py:190} INFO - [2026-09-23T13:26:15.265+0000] {dag.py:4180} INFO - Setting next_dagrun for dss150p_sales_pipeline to 2026-09-22 02:00:00+00:00, run_after=2026-09-23 02:00:00+00:00
[2026-09-23T13:26:15.285+0000] {processor.py:208} INFO - Processing /opt/airflow/dags/dss150p_pipeline.py took 0.083 seconds
[2026-09-23T13:26:45.386+0000] {processor.py:186} INFO - Started process (PID=585) to work on /opt/airflow/dags/dss150p_pipeline.py
[2026-09-23T13:26:45.386+0000] {processor.py:914} INFO - Processing file /opt/airflow/dags/dss150p_pipeline.py for tasks to queue
[2026-09-23T13:26:45.388+0000] {logging_mixin.py:190} INFO - [2026-09-23T13:26:45.388+0000] {dagbag.py:588} INFO - Filling up the DagBag from /opt/airflow/dags/dss150p_pipeline.py
[2026-09-23T13:26:45.404+0000] {processor.py:925} INFO - DAG(s) 'dss150p_sales_pipeline' retrieved from /opt/airflow/dags/dss150p_pipeline.py
[2026-09-23T13:26:45.433+0000] {logging_mixin.py:190} INFO - [2026-09-23T13:26:45.433+0000] {dag.py:3239} INFO - Sync 1 DAGs
[2026-09-23T13:26:45.445+0000] {logging_mixin.py:190} INFO - [2026-09-23T13:26:45.445+0000] {dag.py:4180} INFO - Setting next_dagrun for dss150p_sales_pipeline to 2026-09-22 02:00:00+00:00, run_after=2026-09-23 02:00:00+00:00
[2026-09-23T13:26:45.456+0000] {processor.py:208} INFO - Processing /opt/airflow/dags/dss150p_pipeline.py took 0.074 seconds
[2026-09-23T13:27:15.530+0000] {processor.py:186} INFO - Started process (PID=590) to work on /opt/airflow/dags/dss150p_pipeline.py
[2026-09-23T13:27:15.531+0000] {processor.py:914} INFO - Processing file /opt/airflow/dags/dss150p_pipeline.py for tasks to queue
[2026-09-23T13:27:15.532+0000] {logging_mixin.py:190} INFO - [2026-09-23T13:27:15.532+0000] {dagbag.py:588} INFO - Filling up the DagBag from /opt/airflow/dags/dss150p_pipeline.py
[2026-09-23T13:27:15.548+0000] {processor.py:925} INFO - DAG(s) 'dss150p_sales_pipeline' retrieved from /opt/airflow/dags/dss150p_pipeline.py
[2026-09-23T13:27:15.575+0000] {logging_mixin.py:190} INFO - [2026-09-23T13:27:15.575+0000] {dag.py:3239} INFO - Sync 1 DAGs
[2026-09-23T13:27:15.587+0000] {logging_mixin.py:190} INFO - [2026-09-23T13:27:15.587+0000] {dag.py:4180} INFO - Setting next_dagrun for dss150p_sales_pipeline to 2026-09-22 02:00:00+00:00, run_after=2026-09-23 02:00:00+00:00
[2026-09-23T13:27:15.605+0000] {processor.py:208} INFO - Processing /opt/airflow/dags/dss150p_pipeline.py took 0.079 seconds
[2026-09-23T13:27:45.705+0000] {processor.py:186} INFO - Started process (PID=595) to work on /opt/airflow/dags/dss150p_pipeline.py
[2026-09-23T13:27:45.706+0000] {processor.py:914} INFO - Processing file /opt/airflow/dags/dss150p_pipeline.py for tasks to queue
[2026-09-23T13:27:45.709+0000] {logging_mixin.py:190} INFO - [2026-09-23T13:27:45.708+0000] {dagbag.py:588} INFO - Filling up the DagBag from /opt/airflow/dags/dss150p_pipeline.py
[2026-09-23T13:27:45.728+0000] {processor.py:925} INFO - DAG(s) 'dss150p_sales_pipeline' retrieved from /opt/airflow/dags/dss150p_pipeline.py
[2026-09-23T13:27:45.758+0000] {logging_mixin.py:190} INFO - [2026-09-23T13:27:45.758+0000] {dag.py:3239} INFO - Sync 1 DAGs
[2026-09-23T13:27:45.771+0000] {logging_mixin.py:190} INFO - [2026-09-23T13:27:45.771+0000] {dag.py:4180} INFO - Setting next_dagrun for dss150p_sales_pipeline to 2026-09-22 02:00:00+00:00, run_after=2026-09-23 02:00:00+00:00
[2026-09-23T13:27:45.782+0000] {processor.py:208} INFO - Processing /opt/airflow/dags/dss150p_pipeline.py took 0.083 seconds
[2026-09-23T13:28:15.858+0000] {processor.py:186} INFO - Started process (PID=600) to work on /opt/airflow/dags/dss150p_pipeline.py
[2026-09-23T13:28:15.859+0000] {processor.py:914} INFO - Processing file /opt/airflow/dags/dss150p_pipeline.py for tasks to queue
[2026-09-23T13:28:15.861+0000] {logging_mixin.py:190} INFO - [2026-09-23T13:28:15.861+0000] {dagbag.py:588} INFO - Filling up the DagBag from /opt/airflow/dags/dss150p_pipeline.py
[2026-09-23T13:28:15.877+0000] {processor.py:925} INFO - DAG(s) 'dss150p_sales_pipeline' retrieved from /opt/airflow/dags/dss150p_pipeline.py
[2026-09-23T13:28:15.908+0000] {logging_mixin.py:190} INFO - [2026-09-23T13:28:15.907+0000] {dag.py:3239} INFO - Sync 1 DAGs
[2026-09-23T13:28:15.921+0000] {logging_mixin.py:190} INFO - [2026-09-23T13:28:15.921+0000] {dag.py:4180} INFO - Setting next_dagrun for dss150p_sales_pipeline to 2026-09-22 02:00:00+00:00, run_after=2026-09-23 02:00:00+00:00
[2026-09-23T13:28:15.931+0000] {processor.py:208} INFO - Processing /opt/airflow/dags/dss150p_pipeline.py took 0.077 seconds
[2026-09-23T13:28:46.037+0000] {processor.py:186} INFO - Started process (PID=605) to work on /opt/airflow/dags/dss150p_pipeline.py
[2026-09-23T13:28:46.037+0000] {processor.py:914} INFO - Processing file /opt/airflow/dags/dss150p_pipeline.py for tasks to queue
[2026-09-23T13:28:46.039+0000] {logging_mixin.py:190} INFO - [2026-09-23T13:28:46.039+0000] {dagbag.py:588} INFO - Filling up the DagBag from /opt/airflow/dags/dss150p_pipeline.py
[2026-09-23T13:28:46.054+0000] {processor.py:925} INFO - DAG(s) 'dss150p_sales_pipeline' retrieved from /opt/airflow/dags/dss150p_pipeline.py
[2026-09-23T13:28:46.082+0000] {logging_mixin.py:190} INFO - [2026-09-23T13:28:46.082+0000] {dag.py:3239} INFO - Sync 1 DAGs
[2026-09-23T13:28:46.094+0000] {logging_mixin.py:190} INFO - [2026-09-23T13:28:46.094+0000] {dag.py:4180} INFO - Setting next_dagrun for dss150p_sales_pipeline to 2026-09-22 02:00:00+00:00, run_after=2026-09-23 02:00:00+00:00
[2026-09-23T13:28:46.103+0000] {processor.py:208} INFO - Processing /opt/airflow/dags/dss150p_pipeline.py took 0.071 seconds
[2026-09-23T13:29:16.183+0000] {processor.py:186} INFO - Started process (PID=610) to work on /opt/airflow/dags/dss150p_pipeline.py
[2026-09-23T13:29:16.184+0000] {processor.py:914} INFO - Processing file /opt/airflow/dags/dss150p_pipeline.py for tasks to queue
[2026-09-23T13:29:16.186+0000] {logging_mixin.py:190} INFO - [2026-09-23T13:29:16.185+0000] {dagbag.py:588} INFO - Filling up the DagBag from /opt/airflow/dags/dss150p_pipeline.py
[2026-09-23T13:29:16.201+0000] {processor.py:925} INFO - DAG(s) 'dss150p_sales_pipeline' retrieved from /opt/airflow/dags/dss150p_pipeline.py
[2026-09-23T13:29:16.232+0000] {logging_mixin.py:190} INFO - [2026-09-23T13:29:16.232+0000] {dag.py:3239} INFO - Sync 1 DAGs
[2026-09-23T13:29:16.245+0000] {logging_mixin.py:190} INFO - [2026-09-23T13:29:16.245+0000] {dag.py:4180} INFO - Setting next_dagrun for dss150p_sales_pipeline to 2026-09-22 02:00:00+00:00, run_after=2026-09-23 02:00:00+00:00
[2026-09-23T13:29:16.256+0000] {processor.py:208} INFO - Processing /opt/airflow/dags/dss150p_pipeline.py took 0.078 seconds
[2026-09-23T13:29:46.359+0000] {processor.py:186} INFO - Started process (PID=615) to work on /opt/airflow/dags/dss150p_pipeline.py
[2026-09-23T13:29:46.359+0000] {processor.py:914} INFO - Processing file /opt/airflow/dags/dss150p_pipeline.py for tasks to queue
[2026-09-23T13:29:46.361+0000] {logging_mixin.py:190} INFO - [2026-09-23T13:29:46.361+0000] {dagbag.py:588} INFO - Filling up the DagBag from /opt/airflow/dags/dss150p_pipeline.py
[2026-09-23T13:29:46.377+0000] {processor.py:925} INFO - DAG(s) 'dss150p_sales_pipeline' retrieved from /opt/airflow/dags/dss150p_pipeline.py
[2026-09-23T13:29:46.406+0000] {logging_mixin.py:190} INFO - [2026-09-23T13:29:46.406+0000] {dag.py:3239} INFO - Sync 1 DAGs
[2026-09-23T13:29:46.419+0000] {logging_mixin.py:190} INFO - [2026-09-23T13:29:46.418+0000] {dag.py:4180} INFO - Setting next_dagrun for dss150p_sales_pipeline to 2026-09-22 02:00:00+00:00, run_after=2026-09-23 02:00:00+00:00
[2026-09-23T13:29:46.429+0000] {processor.py:208} INFO - Processing /opt/airflow/dags/dss150p_pipeline.py took 0.075 seconds
[2026-09-23T13:30:16.510+0000] {processor.py:186} INFO - Started process (PID=620) to work on /opt/airflow/dags/dss150p_pipeline.py
[2026-09-23T13:30:16.511+0000] {processor.py:914} INFO - Processing file /opt/airflow/dags/dss150p_pipeline.py for tasks to queue
[2026-09-23T13:30:16.512+0000] {logging_mixin.py:190} INFO - [2026-09-23T13:30:16.512+0000] {dagbag.py:588} INFO - Filling up the DagBag from /opt/airflow/dags/dss150p_pipeline.py
[2026-09-23T13:30:16.528+0000] {processor.py:925} INFO - DAG(s) 'dss150p_sales_pipeline' retrieved from /opt/airflow/dags/dss150p_pipeline.py
[2026-09-23T13:30:16.557+0000] {logging_mixin.py:190} INFO - [2026-09-23T13:30:16.557+0000] {dag.py:3239} INFO - Sync 1 DAGs
[2026-09-23T13:30:16.568+0000] {logging_mixin.py:190} INFO - [2026-09-23T13:30:16.568+0000] {dag.py:4180} INFO - Setting next_dagrun for dss150p_sales_pipeline to 2026-09-22 02:00:00+00:00, run_after=2026-09-23 02:00:00+00:00
[2026-09-23T13:30:16.587+0000] {processor.py:208} INFO - Processing /opt/airflow/dags/dss150p_pipeline.py took 0.081 seconds
[2026-09-23T13:30:46.698+0000] {processor.py:186} INFO - Started process (PID=625) to work on /opt/airflow/dags/dss150p_pipeline.py
[2026-09-23T13:30:46.699+0000] {processor.py:914} INFO - Processing file /opt/airflow/dags/dss150p_pipeline.py for tasks to queue
[2026-09-23T13:30:46.701+0000] {logging_mixin.py:190} INFO - [2026-09-23T13:30:46.700+0000] {dagbag.py:588} INFO - Filling up the DagBag from /opt/airflow/dags/dss150p_pipeline.py
[2026-09-23T13:30:46.717+0000] {processor.py:925} INFO - DAG(s) 'dss150p_sales_pipeline' retrieved from /opt/airflow/dags/dss150p_pipeline.py
[2026-09-23T13:30:46.744+0000] {logging_mixin.py:190} INFO - [2026-09-23T13:30:46.744+0000] {dag.py:3239} INFO - Sync 1 DAGs
[2026-09-23T13:30:46.756+0000] {logging_mixin.py:190} INFO - [2026-09-23T13:30:46.756+0000] {dag.py:4180} INFO - Setting next_dagrun for dss150p_sales_pipeline to 2026-09-22 02:00:00+00:00, run_after=2026-09-23 02:00:00+00:00
[2026-09-23T13:30:46.766+0000] {processor.py:208} INFO - Processing /opt/airflow/dags/dss150p_pipeline.py took 0.071 seconds
[2026-09-23T13:31:16.856+0000] {processor.py:186} INFO - Started process (PID=630) to work on /opt/airflow/dags/dss150p_pipeline.py
[2026-09-23T13:31:16.856+0000] {processor.py:914} INFO - Processing file /opt/airflow/dags/dss150p_pipeline.py for tasks to queue
[2026-09-23T13:31:16.858+0000] {logging_mixin.py:190} INFO - [2026-09-23T13:31:16.858+0000] {dagbag.py:588} INFO - Filling up the DagBag from /opt/airflow/dags/dss150p_pipeline.py
[2026-09-23T13:31:16.876+0000] {processor.py:925} INFO - DAG(s) 'dss150p_sales_pipeline' retrieved from /opt/airflow/dags/dss150p_pipeline.py
[2026-09-23T13:31:16.906+0000] {logging_mixin.py:190} INFO - [2026-09-23T13:31:16.906+0000] {dag.py:3239} INFO - Sync 1 DAGs
[2026-09-23T13:31:16.919+0000] {logging_mixin.py:190} INFO - [2026-09-23T13:31:16.919+0000] {dag.py:4180} INFO - Setting next_dagrun for dss150p_sales_pipeline to 2026-09-22 02:00:00+00:00, run_after=2026-09-23 02:00:00+00:00
[2026-09-23T13:31:16.929+0000] {processor.py:208} INFO - Processing /opt/airflow/dags/dss150p_pipeline.py took 0.078 seconds
[2026-09-23T13:31:47.028+0000] {processor.py:186} INFO - Started process (PID=635) to work on /opt/airflow/dags/dss150p_pipeline.py
[2026-09-23T13:31:47.028+0000] {processor.py:914} INFO - Processing file /opt/airflow/dags/dss150p_pipeline.py for tasks to queue
[2026-09-23T13:31:47.030+0000] {logging_mixin.py:190} INFO - [2026-09-23T13:31:47.030+0000] {dagbag.py:588} INFO - Filling up the DagBag from /opt/airflow/dags/dss150p_pipeline.py
[2026-09-23T13:31:47.046+0000] {processor.py:925} INFO - DAG(s) 'dss150p_sales_pipeline' retrieved from /opt/airflow/dags/dss150p_pipeline.py
[2026-09-23T13:31:47.074+0000] {logging_mixin.py:190} INFO - [2026-09-23T13:31:47.074+0000] {dag.py:3239} INFO - Sync 1 DAGs
[2026-09-23T13:31:47.086+0000] {logging_mixin.py:190} INFO - [2026-09-23T13:31:47.086+0000] {dag.py:4180} INFO - Setting next_dagrun for dss150p_sales_pipeline to 2026-09-22 02:00:00+00:00, run_after=2026-09-23 02:00:00+00:00
[2026-09-23T13:31:47.097+0000] {processor.py:208} INFO - Processing /opt/airflow/dags/dss150p_pipeline.py took 0.074 seconds
[2026-09-23T13:32:17.179+0000] {processor.py:186} INFO - Started process (PID=640) to work on /opt/airflow/dags/dss150p_pipeline.py
[2026-09-23T13:32:17.180+0000] {processor.py:914} INFO - Processing file /opt/airflow/dags/dss150p_pipeline.py for tasks to queue
[2026-09-23T13:32:17.182+0000] {logging_mixin.py:190} INFO - [2026-09-23T13:32:17.181+0000] {dagbag.py:588} INFO - Filling up the DagBag from /opt/airflow/dags/dss150p_pipeline.py
[2026-09-23T13:32:17.215+0000] {processor.py:925} INFO - DAG(s) 'dss150p_sales_pipeline' retrieved from /opt/airflow/dags/dss150p_pipeline.py
[2026-09-23T13:32:17.249+0000] {logging_mixin.py:190} INFO - [2026-09-23T13:32:17.249+0000] {dag.py:3239} INFO - Sync 1 DAGs
[2026-09-23T13:32:17.263+0000] {logging_mixin.py:190} INFO - [2026-09-23T13:32:17.263+0000] {dag.py:4180} INFO - Setting next_dagrun for dss150p_sales_pipeline to 2026-09-22 02:00:00+00:00, run_after=2026-09-23 02:00:00+00:00
[2026-09-23T13:32:17.272+0000] {processor.py:208} INFO - Processing /opt/airflow/dags/dss150p_pipeline.py took 0.097 seconds
[2026-09-23T13:32:47.372+0000] {processor.py:186} INFO - Started process (PID=645) to work on /opt/airflow/dags/dss150p_pipeline.py
[2026-09-23T13:32:47.373+0000] {processor.py:914} INFO - Processing file /opt/airflow/dags/dss150p_pipeline.py for tasks to queue
[2026-09-23T13:32:47.376+0000] {logging_mixin.py:190} INFO - [2026-09-23T13:32:47.375+0000] {dagbag.py:588} INFO - Filling up the DagBag from /opt/airflow/dags/dss150p_pipeline.py
[2026-09-23T13:32:47.394+0000] {processor.py:925} INFO - DAG(s) 'dss150p_sales_pipeline' retrieved from /opt/airflow/dags/dss150p_pipeline.py
[2026-09-23T13:32:47.427+0000] {logging_mixin.py:190} INFO - [2026-09-23T13:32:47.427+0000] {dag.py:3239} INFO - Sync 1 DAGs
[2026-09-23T13:32:47.442+0000] {logging_mixin.py:190} INFO - [2026-09-23T13:32:47.442+0000] {dag.py:4180} INFO - Setting next_dagrun for dss150p_sales_pipeline to 2026-09-22 02:00:00+00:00, run_after=2026-09-23 02:00:00+00:00
[2026-09-23T13:32:47.453+0000] {processor.py:208} INFO - Processing /opt/airflow/dags/dss150p_pipeline.py took 0.087 seconds
[2026-09-23T13:33:17.537+0000] {processor.py:186} INFO - Started process (PID=650) to work on /opt/airflow/dags/dss150p_pipeline.py
[2026-09-23T13:33:17.537+0000] {processor.py:914} INFO - Processing file /opt/airflow/dags/dss150p_pipeline.py for tasks to queue
[2026-09-23T13:33:17.539+0000] {logging_mixin.py:190} INFO - [2026-09-23T13:33:17.539+0000] {dagbag.py:588} INFO - Filling up the DagBag from /opt/airflow/dags/dss150p_pipeline.py
[2026-09-23T13:33:17.560+0000] {processor.py:925} INFO - DAG(s) 'dss150p_sales_pipeline' retrieved from /opt/airflow/dags/dss150p_pipeline.py
[2026-09-23T13:33:17.595+0000] {logging_mixin.py:190} INFO - [2026-09-23T13:33:17.594+0000] {dag.py:3239} INFO - Sync 1 DAGs
[2026-09-23T13:33:17.610+0000] {logging_mixin.py:190} INFO - [2026-09-23T13:33:17.610+0000] {dag.py:4180} INFO - Setting next_dagrun for dss150p_sales_pipeline to 2026-09-22 02:00:00+00:00, run_after=2026-09-23 02:00:00+00:00
[2026-09-23T13:33:17.631+0000] {processor.py:208} INFO - Processing /opt/airflow/dags/dss150p_pipeline.py took 0.099 seconds
[2026-09-23T13:48:51.248+0000] {processor.py:186} INFO - Started process (PID=175) to work on /opt/airflow/dags/dss150p_pipeline.py
[2026-09-23T13:48:51.249+0000] {processor.py:914} INFO - Processing file /opt/airflow/dags/dss150p_pipeline.py for tasks to queue
[2026-09-23T13:48:51.251+0000] {logging_mixin.py:190} INFO - [2026-09-23T13:48:51.251+0000] {dagbag.py:588} INFO - Filling up the DagBag from /opt/airflow/dags/dss150p_pipeline.py
[2026-09-23T13:48:51.283+0000] {processor.py:925} INFO - DAG(s) 'dss150p_sales_pipeline' retrieved from /opt/airflow/dags/dss150p_pipeline.py
[2026-09-23T13:48:51.437+0000] {logging_mixin.py:190} INFO - [2026-09-23T13:48:51.436+0000] {override.py:1912} INFO - Created Permission View: can read on DAG:dss150p_sales_pipeline
[2026-09-23T13:48:51.442+0000] {logging_mixin.py:190} INFO - [2026-09-23T13:48:51.442+0000] {override.py:1912} INFO - Created Permission View: can delete on DAG:dss150p_sales_pipeline
[2026-09-23T13:48:51.446+0000] {logging_mixin.py:190} INFO - [2026-09-23T13:48:51.446+0000] {override.py:1912} INFO - Created Permission View: can edit on DAG:dss150p_sales_pipeline
[2026-09-23T13:48:51.451+0000] {logging_mixin.py:190} INFO - [2026-09-23T13:48:51.450+0000] {override.py:1912} INFO - Created Permission View: can read on DAG Run:dss150p_sales_pipeline
[2026-09-23T13:48:51.454+0000] {logging_mixin.py:190} INFO - [2026-09-23T13:48:51.454+0000] {override.py:1912} INFO - Created Permission View: can delete on DAG Run:dss150p_sales_pipeline
[2026-09-23T13:48:51.458+0000] {logging_mixin.py:190} INFO - [2026-09-23T13:48:51.458+0000] {override.py:1912} INFO - Created Permission View: menu access on DAG Run:dss150p_sales_pipeline
[2026-09-23T13:48:51.462+0000] {logging_mixin.py:190} INFO - [2026-09-23T13:48:51.462+0000] {override.py:1912} INFO - Created Permission View: can create on DAG Run:dss150p_sales_pipeline
[2026-09-23T13:48:51.462+0000] {logging_mixin.py:190} INFO - [2026-09-23T13:48:51.462+0000] {dag.py:3239} INFO - Sync 1 DAGs
[2026-09-23T13:48:51.469+0000] {logging_mixin.py:190} INFO - [2026-09-23T13:48:51.469+0000] {dag.py:3262} INFO - Creating ORM DAG for dss150p_sales_pipeline
[2026-09-23T13:48:51.475+0000] {logging_mixin.py:190} INFO - [2026-09-23T13:48:51.475+0000] {dag.py:4180} INFO - Setting next_dagrun for dss150p_sales_pipeline to 2026-09-22 02:00:00+00:00, run_after=2026-09-23 02:00:00+00:00
[2026-09-23T13:48:51.485+0000] {processor.py:208} INFO - Processing /opt/airflow/dags/dss150p_pipeline.py took 0.242 seconds
[2026-09-23T13:49:21.624+0000] {processor.py:186} INFO - Started process (PID=180) to work on /opt/airflow/dags/dss150p_pipeline.py
[2026-09-23T13:49:21.625+0000] {processor.py:914} INFO - Processing file /opt/airflow/dags/dss150p_pipeline.py for tasks to queue
[2026-09-23T13:49:21.627+0000] {logging_mixin.py:190} INFO - [2026-09-23T13:49:21.627+0000] {dagbag.py:588} INFO - Filling up the DagBag from /opt/airflow/dags/dss150p_pipeline.py
[2026-09-23T13:49:21.645+0000] {processor.py:925} INFO - DAG(s) 'dss150p_sales_pipeline' retrieved from /opt/airflow/dags/dss150p_pipeline.py
[2026-09-23T13:49:21.679+0000] {logging_mixin.py:190} INFO - [2026-09-23T13:49:21.679+0000] {dag.py:3239} INFO - Sync 1 DAGs
[2026-09-23T13:49:21.694+0000] {logging_mixin.py:190} INFO - [2026-09-23T13:49:21.694+0000] {dag.py:4180} INFO - Setting next_dagrun for dss150p_sales_pipeline to 2026-09-22 02:00:00+00:00, run_after=2026-09-23 02:00:00+00:00
[2026-09-23T13:49:21.714+0000] {processor.py:208} INFO - Processing /opt/airflow/dags/dss150p_pipeline.py took 0.094 seconds
[2026-09-23T13:49:51.760+0000] {processor.py:186} INFO - Started process (PID=343) to work on /opt/airflow/dags/dss150p_pipeline.py
[2026-09-23T13:49:51.761+0000] {processor.py:914} INFO - Processing file /opt/airflow/dags/dss150p_pipeline.py for tasks to queue
[2026-09-23T13:49:51.763+0000] {logging_mixin.py:190} INFO - [2026-09-23T13:49:51.762+0000] {dagbag.py:588} INFO - Filling up the DagBag from /opt/airflow/dags/dss150p_pipeline.py
[2026-09-23T13:49:51.779+0000] {processor.py:925} INFO - DAG(s) 'dss150p_sales_pipeline' retrieved from /opt/airflow/dags/dss150p_pipeline.py
[2026-09-23T13:49:51.810+0000] {logging_mixin.py:190} INFO - [2026-09-23T13:49:51.810+0000] {dag.py:3239} INFO - Sync 1 DAGs
[2026-09-23T13:49:51.823+0000] {logging_mixin.py:190} INFO - [2026-09-23T13:49:51.823+0000] {dag.py:4180} INFO - Setting next_dagrun for dss150p_sales_pipeline to 2026-09-23 02:00:00+00:00, run_after=2026-09-24 02:00:00+00:00
[2026-09-23T13:49:51.833+0000] {processor.py:208} INFO - Processing /opt/airflow/dags/dss150p_pipeline.py took 0.077 seconds
[2026-09-23T13:50:21.975+0000] {processor.py:186} INFO - Started process (PID=465) to work on /opt/airflow/dags/dss150p_pipeline.py
[2026-09-23T13:50:21.976+0000] {processor.py:914} INFO - Processing file /opt/airflow/dags/dss150p_pipeline.py for tasks to queue
[2026-09-23T13:50:21.978+0000] {logging_mixin.py:190} INFO - [2026-09-23T13:50:21.978+0000] {dagbag.py:588} INFO - Filling up the DagBag from /opt/airflow/dags/dss150p_pipeline.py
[2026-09-23T13:50:21.998+0000] {processor.py:925} INFO - DAG(s) 'dss150p_sales_pipeline' retrieved from /opt/airflow/dags/dss150p_pipeline.py
[2026-09-23T13:50:22.031+0000] {logging_mixin.py:190} INFO - [2026-09-23T13:50:22.031+0000] {dag.py:3239} INFO - Sync 1 DAGs
[2026-09-23T13:50:22.046+0000] {logging_mixin.py:190} INFO - [2026-09-23T13:50:22.046+0000] {dag.py:4180} INFO - Setting next_dagrun for dss150p_sales_pipeline to 2026-09-23 02:00:00+00:00, run_after=2026-09-24 02:00:00+00:00
[2026-09-23T13:50:22.057+0000] {processor.py:208} INFO - Processing /opt/airflow/dags/dss150p_pipeline.py took 0.087 seconds
[2026-09-23T13:50:52.121+0000] {processor.py:186} INFO - Started process (PID=517) to work on /opt/airflow/dags/dss150p_pipeline.py
[2026-09-23T13:50:52.122+0000] {processor.py:914} INFO - Processing file /opt/airflow/dags/dss150p_pipeline.py for tasks to queue
[2026-09-23T13:50:52.124+0000] {logging_mixin.py:190} INFO - [2026-09-23T13:50:52.124+0000] {dagbag.py:588} INFO - Filling up the DagBag from /opt/airflow/dags/dss150p_pipeline.py
[2026-09-23T13:50:52.140+0000] {processor.py:925} INFO - DAG(s) 'dss150p_sales_pipeline' retrieved from /opt/airflow/dags/dss150p_pipeline.py
[2026-09-23T13:50:52.170+0000] {logging_mixin.py:190} INFO - [2026-09-23T13:50:52.170+0000] {dag.py:3239} INFO - Sync 1 DAGs
[2026-09-23T13:50:52.182+0000] {logging_mixin.py:190} INFO - [2026-09-23T13:50:52.182+0000] {dag.py:4180} INFO - Setting next_dagrun for dss150p_sales_pipeline to 2026-09-23 02:00:00+00:00, run_after=2026-09-24 02:00:00+00:00
[2026-09-23T13:50:52.193+0000] {processor.py:208} INFO - Processing /opt/airflow/dags/dss150p_pipeline.py took 0.076 seconds
[2026-09-23T13:51:22.314+0000] {processor.py:186} INFO - Started process (PID=522) to work on /opt/airflow/dags/dss150p_pipeline.py
[2026-09-23T13:51:22.315+0000] {processor.py:914} INFO - Processing file /opt/airflow/dags/dss150p_pipeline.py for tasks to queue
[2026-09-23T13:51:22.316+0000] {logging_mixin.py:190} INFO - [2026-09-23T13:51:22.316+0000] {dagbag.py:588} INFO - Filling up the DagBag from /opt/airflow/dags/dss150p_pipeline.py
[2026-09-23T13:51:22.332+0000] {processor.py:925} INFO - DAG(s) 'dss150p_sales_pipeline' retrieved from /opt/airflow/dags/dss150p_pipeline.py
[2026-09-23T13:51:22.360+0000] {logging_mixin.py:190} INFO - [2026-09-23T13:51:22.360+0000] {dag.py:3239} INFO - Sync 1 DAGs
[2026-09-23T13:51:22.373+0000] {logging_mixin.py:190} INFO - [2026-09-23T13:51:22.373+0000] {dag.py:4180} INFO - Setting next_dagrun for dss150p_sales_pipeline to 2026-09-23 02:00:00+00:00, run_after=2026-09-24 02:00:00+00:00
[2026-09-23T13:51:22.391+0000] {processor.py:208} INFO - Processing /opt/airflow/dags/dss150p_pipeline.py took 0.082 seconds
[2026-09-23T13:51:52.459+0000] {processor.py:186} INFO - Started process (PID=527) to work on /opt/airflow/dags/dss150p_pipeline.py
[2026-09-23T13:51:52.460+0000] {processor.py:914} INFO - Processing file /opt/airflow/dags/dss150p_pipeline.py for tasks to queue
[2026-09-23T13:51:52.462+0000] {logging_mixin.py:190} INFO - [2026-09-23T13:51:52.461+0000] {dagbag.py:588} INFO - Filling up the DagBag from /opt/airflow/dags/dss150p_pipeline.py
[2026-09-23T13:51:52.477+0000] {processor.py:925} INFO - DAG(s) 'dss150p_sales_pipeline' retrieved from /opt/airflow/dags/dss150p_pipeline.py
[2026-09-23T13:51:52.507+0000] {logging_mixin.py:190} INFO - [2026-09-23T13:51:52.507+0000] {dag.py:3239} INFO - Sync 1 DAGs
[2026-09-23T13:51:52.520+0000] {logging_mixin.py:190} INFO - [2026-09-23T13:51:52.520+0000] {dag.py:4180} INFO - Setting next_dagrun for dss150p_sales_pipeline to 2026-09-23 02:00:00+00:00, run_after=2026-09-24 02:00:00+00:00
[2026-09-23T13:51:52.530+0000] {processor.py:208} INFO - Processing /opt/airflow/dags/dss150p_pipeline.py took 0.075 seconds
[2026-09-23T13:52:22.646+0000] {processor.py:186} INFO - Started process (PID=532) to work on /opt/airflow/dags/dss150p_pipeline.py
[2026-09-23T13:52:22.646+0000] {processor.py:914} INFO - Processing file /opt/airflow/dags/dss150p_pipeline.py for tasks to queue
[2026-09-23T13:52:22.648+0000] {logging_mixin.py:190} INFO - [2026-09-23T13:52:22.648+0000] {dagbag.py:588} INFO - Filling up the DagBag from /opt/airflow/dags/dss150p_pipeline.py
[2026-09-23T13:52:22.664+0000] {processor.py:925} INFO - DAG(s) 'dss150p_sales_pipeline' retrieved from /opt/airflow/dags/dss150p_pipeline.py
[2026-09-23T13:52:22.693+0000] {logging_mixin.py:190} INFO - [2026-09-23T13:52:22.693+0000] {dag.py:3239} INFO - Sync 1 DAGs
[2026-09-23T13:52:22.706+0000] {logging_mixin.py:190} INFO - [2026-09-23T13:52:22.706+0000] {dag.py:4180} INFO - Setting next_dagrun for dss150p_sales_pipeline to 2026-09-23 02:00:00+00:00, run_after=2026-09-24 02:00:00+00:00
[2026-09-23T13:52:22.717+0000] {processor.py:208} INFO - Processing /opt/airflow/dags/dss150p_pipeline.py took 0.075 seconds
[2026-09-23T13:52:52.788+0000] {processor.py:186} INFO - Started process (PID=537) to work on /opt/airflow/dags/dss150p_pipeline.py
[2026-09-23T13:52:52.789+0000] {processor.py:914} INFO - Processing file /opt/airflow/dags/dss150p_pipeline.py for tasks to queue
[2026-09-23T13:52:52.791+0000] {logging_mixin.py:190} INFO - [2026-09-23T13:52:52.791+0000] {dagbag.py:588} INFO - Filling up the DagBag from /opt/airflow/dags/dss150p_pipeline.py
[2026-09-23T13:52:52.807+0000] {processor.py:925} INFO - DAG(s) 'dss150p_sales_pipeline' retrieved from /opt/airflow/dags/dss150p_pipeline.py
[2026-09-23T13:52:52.835+0000] {logging_mixin.py:190} INFO - [2026-09-23T13:52:52.835+0000] {dag.py:3239} INFO - Sync 1 DAGs
[2026-09-23T13:52:52.848+0000] {logging_mixin.py:190} INFO - [2026-09-23T13:52:52.847+0000] {dag.py:4180} INFO - Setting next_dagrun for dss150p_sales_pipeline to 2026-09-23 02:00:00+00:00, run_after=2026-09-24 02:00:00+00:00
[2026-09-23T13:52:52.857+0000] {processor.py:208} INFO - Processing /opt/airflow/dags/dss150p_pipeline.py took 0.073 seconds
