[2026-09-21T12:31:57.415+0000] {processor.py:186} INFO - Started process (PID=175) to work on /opt/airflow/dags/dss150p_pipeline.py
[2026-09-21T12:31:57.416+0000] {processor.py:914} INFO - Processing file /opt/airflow/dags/dss150p_pipeline.py for tasks to queue
[2026-09-21T12:31:57.417+0000] {logging_mixin.py:190} INFO - [2026-09-21T12:31:57.417+0000] {dagbag.py:588} INFO - Filling up the DagBag from /opt/airflow/dags/dss150p_pipeline.py
[2026-09-21T12:31:57.456+0000] {processor.py:925} INFO - DAG(s) 'dss150p_sales_pipeline' retrieved from /opt/airflow/dags/dss150p_pipeline.py
[2026-09-21T12:31:57.670+0000] {logging_mixin.py:190} INFO - [2026-09-21T12:31:57.669+0000] {override.py:1912} INFO - Created Permission View: can read on DAG:dss150p_sales_pipeline
[2026-09-21T12:31:57.677+0000] {logging_mixin.py:190} INFO - [2026-09-21T12:31:57.677+0000] {override.py:1912} INFO - Created Permission View: can delete on DAG:dss150p_sales_pipeline
[2026-09-21T12:31:57.682+0000] {logging_mixin.py:190} INFO - [2026-09-21T12:31:57.682+0000] {override.py:1912} INFO - Created Permission View: can edit on DAG:dss150p_sales_pipeline
[2026-09-21T12:31:57.687+0000] {logging_mixin.py:190} INFO - [2026-09-21T12:31:57.687+0000] {override.py:1912} INFO - Created Permission View: can read on DAG Run:dss150p_sales_pipeline
[2026-09-21T12:31:57.692+0000] {logging_mixin.py:190} INFO - [2026-09-21T12:31:57.692+0000] {override.py:1912} INFO - Created Permission View: can delete on DAG Run:dss150p_sales_pipeline
[2026-09-21T12:31:57.697+0000] {logging_mixin.py:190} INFO - [2026-09-21T12:31:57.697+0000] {override.py:1912} INFO - Created Permission View: can create on DAG Run:dss150p_sales_pipeline
[2026-09-21T12:31:57.701+0000] {logging_mixin.py:190} INFO - [2026-09-21T12:31:57.701+0000] {override.py:1912} INFO - Created Permission View: menu access on DAG Run:dss150p_sales_pipeline
[2026-09-21T12:31:57.702+0000] {logging_mixin.py:190} INFO - [2026-09-21T12:31:57.702+0000] {dag.py:3239} INFO - Sync 1 DAGs
[2026-09-21T12:31:57.712+0000] {logging_mixin.py:190} INFO - [2026-09-21T12:31:57.712+0000] {dag.py:3262} INFO - Creating ORM DAG for dss150p_sales_pipeline
[2026-09-21T12:31:57.721+0000] {logging_mixin.py:190} INFO - [2026-09-21T12:31:57.721+0000] {dag.py:4180} INFO - Setting next_dagrun for dss150p_sales_pipeline to 2026-09-20 02:00:00+00:00, run_after=2026-09-21 02:00:00+00:00
[2026-09-21T12:31:57.735+0000] {processor.py:208} INFO - Processing /opt/airflow/dags/dss150p_pipeline.py took 0.326 seconds
[2026-09-21T12:32:27.902+0000] {processor.py:186} INFO - Started process (PID=180) to work on /opt/airflow/dags/dss150p_pipeline.py
[2026-09-21T12:32:27.903+0000] {processor.py:914} INFO - Processing file /opt/airflow/dags/dss150p_pipeline.py for tasks to queue
[2026-09-21T12:32:27.906+0000] {logging_mixin.py:190} INFO - [2026-09-21T12:32:27.906+0000] {dagbag.py:588} INFO - Filling up the DagBag from /opt/airflow/dags/dss150p_pipeline.py
[2026-09-21T12:32:27.926+0000] {processor.py:925} INFO - DAG(s) 'dss150p_sales_pipeline' retrieved from /opt/airflow/dags/dss150p_pipeline.py
[2026-09-21T12:32:27.961+0000] {logging_mixin.py:190} INFO - [2026-09-21T12:32:27.961+0000] {dag.py:3239} INFO - Sync 1 DAGs
[2026-09-21T12:32:27.978+0000] {logging_mixin.py:190} INFO - [2026-09-21T12:32:27.978+0000] {dag.py:4180} INFO - Setting next_dagrun for dss150p_sales_pipeline to 2026-09-20 02:00:00+00:00, run_after=2026-09-21 02:00:00+00:00
[2026-09-21T12:32:27.990+0000] {processor.py:208} INFO - Processing /opt/airflow/dags/dss150p_pipeline.py took 0.094 seconds
[2026-09-21T12:32:58.049+0000] {processor.py:186} INFO - Started process (PID=185) to work on /opt/airflow/dags/dss150p_pipeline.py
[2026-09-21T12:32:58.050+0000] {processor.py:914} INFO - Processing file /opt/airflow/dags/dss150p_pipeline.py for tasks to queue
[2026-09-21T12:32:58.052+0000] {logging_mixin.py:190} INFO - [2026-09-21T12:32:58.052+0000] {dagbag.py:588} INFO - Filling up the DagBag from /opt/airflow/dags/dss150p_pipeline.py
[2026-09-21T12:32:58.071+0000] {processor.py:925} INFO - DAG(s) 'dss150p_sales_pipeline' retrieved from /opt/airflow/dags/dss150p_pipeline.py
[2026-09-21T12:32:58.105+0000] {logging_mixin.py:190} INFO - [2026-09-21T12:32:58.105+0000] {dag.py:3239} INFO - Sync 1 DAGs
[2026-09-21T12:32:58.123+0000] {logging_mixin.py:190} INFO - [2026-09-21T12:32:58.123+0000] {dag.py:4180} INFO - Setting next_dagrun for dss150p_sales_pipeline to 2026-09-20 02:00:00+00:00, run_after=2026-09-21 02:00:00+00:00
[2026-09-21T12:32:58.136+0000] {processor.py:208} INFO - Processing /opt/airflow/dags/dss150p_pipeline.py took 0.091 seconds
[2026-09-21T12:33:28.251+0000] {processor.py:186} INFO - Started process (PID=190) to work on /opt/airflow/dags/dss150p_pipeline.py
[2026-09-21T12:33:28.252+0000] {processor.py:914} INFO - Processing file /opt/airflow/dags/dss150p_pipeline.py for tasks to queue
[2026-09-21T12:33:28.254+0000] {logging_mixin.py:190} INFO - [2026-09-21T12:33:28.254+0000] {dagbag.py:588} INFO - Filling up the DagBag from /opt/airflow/dags/dss150p_pipeline.py
[2026-09-21T12:33:28.272+0000] {processor.py:925} INFO - DAG(s) 'dss150p_sales_pipeline' retrieved from /opt/airflow/dags/dss150p_pipeline.py
[2026-09-21T12:33:28.306+0000] {logging_mixin.py:190} INFO - [2026-09-21T12:33:28.305+0000] {dag.py:3239} INFO - Sync 1 DAGs
[2026-09-21T12:33:28.320+0000] {logging_mixin.py:190} INFO - [2026-09-21T12:33:28.320+0000] {dag.py:4180} INFO - Setting next_dagrun for dss150p_sales_pipeline to 2026-09-20 02:00:00+00:00, run_after=2026-09-21 02:00:00+00:00
[2026-09-21T12:33:28.331+0000] {processor.py:208} INFO - Processing /opt/airflow/dags/dss150p_pipeline.py took 0.084 seconds
[2026-09-21T12:33:58.411+0000] {processor.py:186} INFO - Started process (PID=195) to work on /opt/airflow/dags/dss150p_pipeline.py
[2026-09-21T12:33:58.412+0000] {processor.py:914} INFO - Processing file /opt/airflow/dags/dss150p_pipeline.py for tasks to queue
[2026-09-21T12:33:58.414+0000] {logging_mixin.py:190} INFO - [2026-09-21T12:33:58.413+0000] {dagbag.py:588} INFO - Filling up the DagBag from /opt/airflow/dags/dss150p_pipeline.py
[2026-09-21T12:33:58.432+0000] {processor.py:925} INFO - DAG(s) 'dss150p_sales_pipeline' retrieved from /opt/airflow/dags/dss150p_pipeline.py
[2026-09-21T12:33:58.465+0000] {logging_mixin.py:190} INFO - [2026-09-21T12:33:58.465+0000] {dag.py:3239} INFO - Sync 1 DAGs
[2026-09-21T12:33:58.480+0000] {logging_mixin.py:190} INFO - [2026-09-21T12:33:58.480+0000] {dag.py:4180} INFO - Setting next_dagrun for dss150p_sales_pipeline to 2026-09-20 02:00:00+00:00, run_after=2026-09-21 02:00:00+00:00
[2026-09-21T12:33:58.501+0000] {processor.py:208} INFO - Processing /opt/airflow/dags/dss150p_pipeline.py took 0.094 seconds
[2026-09-21T12:34:28.606+0000] {processor.py:186} INFO - Started process (PID=200) to work on /opt/airflow/dags/dss150p_pipeline.py
[2026-09-21T12:34:28.607+0000] {processor.py:914} INFO - Processing file /opt/airflow/dags/dss150p_pipeline.py for tasks to queue
[2026-09-21T12:34:28.609+0000] {logging_mixin.py:190} INFO - [2026-09-21T12:34:28.609+0000] {dagbag.py:588} INFO - Filling up the DagBag from /opt/airflow/dags/dss150p_pipeline.py
[2026-09-21T12:34:28.625+0000] {processor.py:925} INFO - DAG(s) 'dss150p_sales_pipeline' retrieved from /opt/airflow/dags/dss150p_pipeline.py
[2026-09-21T12:34:28.652+0000] {logging_mixin.py:190} INFO - [2026-09-21T12:34:28.652+0000] {dag.py:3239} INFO - Sync 1 DAGs
[2026-09-21T12:34:28.664+0000] {logging_mixin.py:190} INFO - [2026-09-21T12:34:28.664+0000] {dag.py:4180} INFO - Setting next_dagrun for dss150p_sales_pipeline to 2026-09-20 02:00:00+00:00, run_after=2026-09-21 02:00:00+00:00
[2026-09-21T12:34:28.674+0000] {processor.py:208} INFO - Processing /opt/airflow/dags/dss150p_pipeline.py took 0.073 seconds
[2026-09-21T12:34:58.769+0000] {processor.py:186} INFO - Started process (PID=205) to work on /opt/airflow/dags/dss150p_pipeline.py
[2026-09-21T12:34:58.769+0000] {processor.py:914} INFO - Processing file /opt/airflow/dags/dss150p_pipeline.py for tasks to queue
[2026-09-21T12:34:58.771+0000] {logging_mixin.py:190} INFO - [2026-09-21T12:34:58.771+0000] {dagbag.py:588} INFO - Filling up the DagBag from /opt/airflow/dags/dss150p_pipeline.py
[2026-09-21T12:34:58.787+0000] {processor.py:925} INFO - DAG(s) 'dss150p_sales_pipeline' retrieved from /opt/airflow/dags/dss150p_pipeline.py
[2026-09-21T12:34:58.817+0000] {logging_mixin.py:190} INFO - [2026-09-21T12:34:58.817+0000] {dag.py:3239} INFO - Sync 1 DAGs
[2026-09-21T12:34:58.833+0000] {logging_mixin.py:190} INFO - [2026-09-21T12:34:58.833+0000] {dag.py:4180} INFO - Setting next_dagrun for dss150p_sales_pipeline to 2026-09-20 02:00:00+00:00, run_after=2026-09-21 02:00:00+00:00
[2026-09-21T12:34:58.845+0000] {processor.py:208} INFO - Processing /opt/airflow/dags/dss150p_pipeline.py took 0.081 seconds
[2026-09-21T12:35:28.937+0000] {processor.py:186} INFO - Started process (PID=210) to work on /opt/airflow/dags/dss150p_pipeline.py
[2026-09-21T12:35:28.938+0000] {processor.py:914} INFO - Processing file /opt/airflow/dags/dss150p_pipeline.py for tasks to queue
[2026-09-21T12:35:28.939+0000] {logging_mixin.py:190} INFO - [2026-09-21T12:35:28.939+0000] {dagbag.py:588} INFO - Filling up the DagBag from /opt/airflow/dags/dss150p_pipeline.py
[2026-09-21T12:35:28.955+0000] {processor.py:925} INFO - DAG(s) 'dss150p_sales_pipeline' retrieved from /opt/airflow/dags/dss150p_pipeline.py
[2026-09-21T12:35:28.984+0000] {logging_mixin.py:190} INFO - [2026-09-21T12:35:28.984+0000] {dag.py:3239} INFO - Sync 1 DAGs
[2026-09-21T12:35:28.998+0000] {logging_mixin.py:190} INFO - [2026-09-21T12:35:28.997+0000] {dag.py:4180} INFO - Setting next_dagrun for dss150p_sales_pipeline to 2026-09-20 02:00:00+00:00, run_after=2026-09-21 02:00:00+00:00
[2026-09-21T12:35:29.009+0000] {processor.py:208} INFO - Processing /opt/airflow/dags/dss150p_pipeline.py took 0.076 seconds
[2026-09-21T12:35:59.108+0000] {processor.py:186} INFO - Started process (PID=215) to work on /opt/airflow/dags/dss150p_pipeline.py
[2026-09-21T12:35:59.109+0000] {processor.py:914} INFO - Processing file /opt/airflow/dags/dss150p_pipeline.py for tasks to queue
[2026-09-21T12:35:59.111+0000] {logging_mixin.py:190} INFO - [2026-09-21T12:35:59.110+0000] {dagbag.py:588} INFO - Filling up the DagBag from /opt/airflow/dags/dss150p_pipeline.py
[2026-09-21T12:35:59.126+0000] {processor.py:925} INFO - DAG(s) 'dss150p_sales_pipeline' retrieved from /opt/airflow/dags/dss150p_pipeline.py
[2026-09-21T12:35:59.156+0000] {logging_mixin.py:190} INFO - [2026-09-21T12:35:59.156+0000] {dag.py:3239} INFO - Sync 1 DAGs
[2026-09-21T12:35:59.169+0000] {logging_mixin.py:190} INFO - [2026-09-21T12:35:59.169+0000] {dag.py:4180} INFO - Setting next_dagrun for dss150p_sales_pipeline to 2026-09-20 02:00:00+00:00, run_after=2026-09-21 02:00:00+00:00
[2026-09-21T12:35:59.180+0000] {processor.py:208} INFO - Processing /opt/airflow/dags/dss150p_pipeline.py took 0.076 seconds
[2026-09-21T12:36:29.265+0000] {processor.py:186} INFO - Started process (PID=220) to work on /opt/airflow/dags/dss150p_pipeline.py
[2026-09-21T12:36:29.266+0000] {processor.py:914} INFO - Processing file /opt/airflow/dags/dss150p_pipeline.py for tasks to queue
[2026-09-21T12:36:29.268+0000] {logging_mixin.py:190} INFO - [2026-09-21T12:36:29.268+0000] {dagbag.py:588} INFO - Filling up the DagBag from /opt/airflow/dags/dss150p_pipeline.py
[2026-09-21T12:36:29.284+0000] {processor.py:925} INFO - DAG(s) 'dss150p_sales_pipeline' retrieved from /opt/airflow/dags/dss150p_pipeline.py
[2026-09-21T12:36:29.312+0000] {logging_mixin.py:190} INFO - [2026-09-21T12:36:29.312+0000] {dag.py:3239} INFO - Sync 1 DAGs
[2026-09-21T12:36:29.327+0000] {logging_mixin.py:190} INFO - [2026-09-21T12:36:29.327+0000] {dag.py:4180} INFO - Setting next_dagrun for dss150p_sales_pipeline to 2026-09-20 02:00:00+00:00, run_after=2026-09-21 02:00:00+00:00
[2026-09-21T12:36:29.347+0000] {processor.py:208} INFO - Processing /opt/airflow/dags/dss150p_pipeline.py took 0.086 seconds
[2026-09-21T12:36:59.474+0000] {processor.py:186} INFO - Started process (PID=225) to work on /opt/airflow/dags/dss150p_pipeline.py
[2026-09-21T12:36:59.474+0000] {processor.py:914} INFO - Processing file /opt/airflow/dags/dss150p_pipeline.py for tasks to queue
[2026-09-21T12:36:59.476+0000] {logging_mixin.py:190} INFO - [2026-09-21T12:36:59.476+0000] {dagbag.py:588} INFO - Filling up the DagBag from /opt/airflow/dags/dss150p_pipeline.py
[2026-09-21T12:36:59.492+0000] {processor.py:925} INFO - DAG(s) 'dss150p_sales_pipeline' retrieved from /opt/airflow/dags/dss150p_pipeline.py
[2026-09-21T12:36:59.523+0000] {logging_mixin.py:190} INFO - [2026-09-21T12:36:59.523+0000] {dag.py:3239} INFO - Sync 1 DAGs
[2026-09-21T12:36:59.537+0000] {logging_mixin.py:190} INFO - [2026-09-21T12:36:59.537+0000] {dag.py:4180} INFO - Setting next_dagrun for dss150p_sales_pipeline to 2026-09-20 02:00:00+00:00, run_after=2026-09-21 02:00:00+00:00
[2026-09-21T12:36:59.548+0000] {processor.py:208} INFO - Processing /opt/airflow/dags/dss150p_pipeline.py took 0.079 seconds
[2026-09-21T12:37:29.630+0000] {processor.py:186} INFO - Started process (PID=230) to work on /opt/airflow/dags/dss150p_pipeline.py
[2026-09-21T12:37:29.631+0000] {processor.py:914} INFO - Processing file /opt/airflow/dags/dss150p_pipeline.py for tasks to queue
[2026-09-21T12:37:29.634+0000] {logging_mixin.py:190} INFO - [2026-09-21T12:37:29.633+0000] {dagbag.py:588} INFO - Filling up the DagBag from /opt/airflow/dags/dss150p_pipeline.py
[2026-09-21T12:37:29.652+0000] {processor.py:925} INFO - DAG(s) 'dss150p_sales_pipeline' retrieved from /opt/airflow/dags/dss150p_pipeline.py
[2026-09-21T12:37:29.685+0000] {logging_mixin.py:190} INFO - [2026-09-21T12:37:29.684+0000] {dag.py:3239} INFO - Sync 1 DAGs
[2026-09-21T12:37:29.700+0000] {logging_mixin.py:190} INFO - [2026-09-21T12:37:29.699+0000] {dag.py:4180} INFO - Setting next_dagrun for dss150p_sales_pipeline to 2026-09-20 02:00:00+00:00, run_after=2026-09-21 02:00:00+00:00
[2026-09-21T12:37:29.711+0000] {processor.py:208} INFO - Processing /opt/airflow/dags/dss150p_pipeline.py took 0.087 seconds
[2026-09-21T12:37:59.810+0000] {processor.py:186} INFO - Started process (PID=235) to work on /opt/airflow/dags/dss150p_pipeline.py
[2026-09-21T12:37:59.811+0000] {processor.py:914} INFO - Processing file /opt/airflow/dags/dss150p_pipeline.py for tasks to queue
[2026-09-21T12:37:59.813+0000] {logging_mixin.py:190} INFO - [2026-09-21T12:37:59.812+0000] {dagbag.py:588} INFO - Filling up the DagBag from /opt/airflow/dags/dss150p_pipeline.py
[2026-09-21T12:37:59.828+0000] {processor.py:925} INFO - DAG(s) 'dss150p_sales_pipeline' retrieved from /opt/airflow/dags/dss150p_pipeline.py
[2026-09-21T12:37:59.858+0000] {logging_mixin.py:190} INFO - [2026-09-21T12:37:59.858+0000] {dag.py:3239} INFO - Sync 1 DAGs
[2026-09-21T12:37:59.870+0000] {logging_mixin.py:190} INFO - [2026-09-21T12:37:59.870+0000] {dag.py:4180} INFO - Setting next_dagrun for dss150p_sales_pipeline to 2026-09-20 02:00:00+00:00, run_after=2026-09-21 02:00:00+00:00
[2026-09-21T12:37:59.887+0000] {processor.py:208} INFO - Processing /opt/airflow/dags/dss150p_pipeline.py took 0.082 seconds
[2026-09-21T12:38:29.971+0000] {processor.py:186} INFO - Started process (PID=240) to work on /opt/airflow/dags/dss150p_pipeline.py
[2026-09-21T12:38:29.972+0000] {processor.py:914} INFO - Processing file /opt/airflow/dags/dss150p_pipeline.py for tasks to queue
[2026-09-21T12:38:29.973+0000] {logging_mixin.py:190} INFO - [2026-09-21T12:38:29.973+0000] {dagbag.py:588} INFO - Filling up the DagBag from /opt/airflow/dags/dss150p_pipeline.py
[2026-09-21T12:38:29.989+0000] {processor.py:925} INFO - DAG(s) 'dss150p_sales_pipeline' retrieved from /opt/airflow/dags/dss150p_pipeline.py
[2026-09-21T12:38:30.018+0000] {logging_mixin.py:190} INFO - [2026-09-21T12:38:30.018+0000] {dag.py:3239} INFO - Sync 1 DAGs
[2026-09-21T12:38:30.033+0000] {logging_mixin.py:190} INFO - [2026-09-21T12:38:30.033+0000] {dag.py:4180} INFO - Setting next_dagrun for dss150p_sales_pipeline to 2026-09-20 02:00:00+00:00, run_after=2026-09-21 02:00:00+00:00
[2026-09-21T12:38:30.053+0000] {processor.py:208} INFO - Processing /opt/airflow/dags/dss150p_pipeline.py took 0.086 seconds
[2026-09-21T12:39:00.160+0000] {processor.py:186} INFO - Started process (PID=245) to work on /opt/airflow/dags/dss150p_pipeline.py
[2026-09-21T12:39:00.161+0000] {processor.py:914} INFO - Processing file /opt/airflow/dags/dss150p_pipeline.py for tasks to queue
[2026-09-21T12:39:00.163+0000] {logging_mixin.py:190} INFO - [2026-09-21T12:39:00.162+0000] {dagbag.py:588} INFO - Filling up the DagBag from /opt/airflow/dags/dss150p_pipeline.py
[2026-09-21T12:39:00.182+0000] {processor.py:925} INFO - DAG(s) 'dss150p_sales_pipeline' retrieved from /opt/airflow/dags/dss150p_pipeline.py
[2026-09-21T12:39:00.219+0000] {logging_mixin.py:190} INFO - [2026-09-21T12:39:00.219+0000] {dag.py:3239} INFO - Sync 1 DAGs
[2026-09-21T12:39:00.232+0000] {logging_mixin.py:190} INFO - [2026-09-21T12:39:00.232+0000] {dag.py:4180} INFO - Setting next_dagrun for dss150p_sales_pipeline to 2026-09-20 02:00:00+00:00, run_after=2026-09-21 02:00:00+00:00
[2026-09-21T12:39:00.242+0000] {processor.py:208} INFO - Processing /opt/airflow/dags/dss150p_pipeline.py took 0.094 seconds
[2026-09-21T12:39:30.322+0000] {processor.py:186} INFO - Started process (PID=367) to work on /opt/airflow/dags/dss150p_pipeline.py
[2026-09-21T12:39:30.322+0000] {processor.py:914} INFO - Processing file /opt/airflow/dags/dss150p_pipeline.py for tasks to queue
[2026-09-21T12:39:30.324+0000] {logging_mixin.py:190} INFO - [2026-09-21T12:39:30.324+0000] {dagbag.py:588} INFO - Filling up the DagBag from /opt/airflow/dags/dss150p_pipeline.py
[2026-09-21T12:39:30.341+0000] {processor.py:925} INFO - DAG(s) 'dss150p_sales_pipeline' retrieved from /opt/airflow/dags/dss150p_pipeline.py
[2026-09-21T12:39:30.373+0000] {logging_mixin.py:190} INFO - [2026-09-21T12:39:30.373+0000] {dag.py:3239} INFO - Sync 1 DAGs
[2026-09-21T12:39:30.389+0000] {logging_mixin.py:190} INFO - [2026-09-21T12:39:30.389+0000] {dag.py:4180} INFO - Setting next_dagrun for dss150p_sales_pipeline to 2026-09-21 02:00:00+00:00, run_after=2026-09-22 02:00:00+00:00
[2026-09-21T12:39:30.401+0000] {processor.py:208} INFO - Processing /opt/airflow/dags/dss150p_pipeline.py took 0.085 seconds
[2026-09-21T12:40:00.507+0000] {processor.py:186} INFO - Started process (PID=412) to work on /opt/airflow/dags/dss150p_pipeline.py
[2026-09-21T12:40:00.508+0000] {processor.py:914} INFO - Processing file /opt/airflow/dags/dss150p_pipeline.py for tasks to queue
[2026-09-21T12:40:00.510+0000] {logging_mixin.py:190} INFO - [2026-09-21T12:40:00.509+0000] {dagbag.py:588} INFO - Filling up the DagBag from /opt/airflow/dags/dss150p_pipeline.py
[2026-09-21T12:40:00.525+0000] {processor.py:925} INFO - DAG(s) 'dss150p_sales_pipeline' retrieved from /opt/airflow/dags/dss150p_pipeline.py
[2026-09-21T12:40:00.554+0000] {logging_mixin.py:190} INFO - [2026-09-21T12:40:00.553+0000] {dag.py:3239} INFO - Sync 1 DAGs
[2026-09-21T12:40:00.566+0000] {logging_mixin.py:190} INFO - [2026-09-21T12:40:00.566+0000] {dag.py:4180} INFO - Setting next_dagrun for dss150p_sales_pipeline to 2026-09-21 02:00:00+00:00, run_after=2026-09-22 02:00:00+00:00
[2026-09-21T12:40:00.577+0000] {processor.py:208} INFO - Processing /opt/airflow/dags/dss150p_pipeline.py took 0.074 seconds
[2026-09-21T12:40:30.668+0000] {processor.py:186} INFO - Started process (PID=417) to work on /opt/airflow/dags/dss150p_pipeline.py
[2026-09-21T12:40:30.668+0000] {processor.py:914} INFO - Processing file /opt/airflow/dags/dss150p_pipeline.py for tasks to queue
[2026-09-21T12:40:30.671+0000] {logging_mixin.py:190} INFO - [2026-09-21T12:40:30.670+0000] {dagbag.py:588} INFO - Filling up the DagBag from /opt/airflow/dags/dss150p_pipeline.py
[2026-09-21T12:40:30.687+0000] {processor.py:925} INFO - DAG(s) 'dss150p_sales_pipeline' retrieved from /opt/airflow/dags/dss150p_pipeline.py
[2026-09-21T12:40:30.718+0000] {logging_mixin.py:190} INFO - [2026-09-21T12:40:30.718+0000] {dag.py:3239} INFO - Sync 1 DAGs
[2026-09-21T12:40:30.731+0000] {logging_mixin.py:190} INFO - [2026-09-21T12:40:30.731+0000] {dag.py:4180} INFO - Setting next_dagrun for dss150p_sales_pipeline to 2026-09-21 02:00:00+00:00, run_after=2026-09-22 02:00:00+00:00
[2026-09-21T12:40:30.743+0000] {processor.py:208} INFO - Processing /opt/airflow/dags/dss150p_pipeline.py took 0.080 seconds
[2026-09-21T12:41:00.857+0000] {processor.py:186} INFO - Started process (PID=422) to work on /opt/airflow/dags/dss150p_pipeline.py
[2026-09-21T12:41:00.858+0000] {processor.py:914} INFO - Processing file /opt/airflow/dags/dss150p_pipeline.py for tasks to queue
[2026-09-21T12:41:00.860+0000] {logging_mixin.py:190} INFO - [2026-09-21T12:41:00.859+0000] {dagbag.py:588} INFO - Filling up the DagBag from /opt/airflow/dags/dss150p_pipeline.py
[2026-09-21T12:41:00.876+0000] {processor.py:925} INFO - DAG(s) 'dss150p_sales_pipeline' retrieved from /opt/airflow/dags/dss150p_pipeline.py
[2026-09-21T12:41:00.907+0000] {logging_mixin.py:190} INFO - [2026-09-21T12:41:00.907+0000] {dag.py:3239} INFO - Sync 1 DAGs
[2026-09-21T12:41:00.921+0000] {logging_mixin.py:190} INFO - [2026-09-21T12:41:00.921+0000] {dag.py:4180} INFO - Setting next_dagrun for dss150p_sales_pipeline to 2026-09-21 02:00:00+00:00, run_after=2026-09-22 02:00:00+00:00
[2026-09-21T12:41:00.932+0000] {processor.py:208} INFO - Processing /opt/airflow/dags/dss150p_pipeline.py took 0.078 seconds
[2026-09-21T12:41:31.017+0000] {processor.py:186} INFO - Started process (PID=427) to work on /opt/airflow/dags/dss150p_pipeline.py
[2026-09-21T12:41:31.018+0000] {processor.py:914} INFO - Processing file /opt/airflow/dags/dss150p_pipeline.py for tasks to queue
[2026-09-21T12:41:31.020+0000] {logging_mixin.py:190} INFO - [2026-09-21T12:41:31.020+0000] {dagbag.py:588} INFO - Filling up the DagBag from /opt/airflow/dags/dss150p_pipeline.py
[2026-09-21T12:41:31.035+0000] {processor.py:925} INFO - DAG(s) 'dss150p_sales_pipeline' retrieved from /opt/airflow/dags/dss150p_pipeline.py
[2026-09-21T12:41:31.066+0000] {logging_mixin.py:190} INFO - [2026-09-21T12:41:31.065+0000] {dag.py:3239} INFO - Sync 1 DAGs
[2026-09-21T12:41:31.080+0000] {logging_mixin.py:190} INFO - [2026-09-21T12:41:31.080+0000] {dag.py:4180} INFO - Setting next_dagrun for dss150p_sales_pipeline to 2026-09-21 02:00:00+00:00, run_after=2026-09-22 02:00:00+00:00
[2026-09-21T12:41:31.097+0000] {processor.py:208} INFO - Processing /opt/airflow/dags/dss150p_pipeline.py took 0.084 seconds
[2026-09-21T12:42:01.218+0000] {processor.py:186} INFO - Started process (PID=432) to work on /opt/airflow/dags/dss150p_pipeline.py
[2026-09-21T12:42:01.219+0000] {processor.py:914} INFO - Processing file /opt/airflow/dags/dss150p_pipeline.py for tasks to queue
[2026-09-21T12:42:01.221+0000] {logging_mixin.py:190} INFO - [2026-09-21T12:42:01.221+0000] {dagbag.py:588} INFO - Filling up the DagBag from /opt/airflow/dags/dss150p_pipeline.py
[2026-09-21T12:42:01.238+0000] {processor.py:925} INFO - DAG(s) 'dss150p_sales_pipeline' retrieved from /opt/airflow/dags/dss150p_pipeline.py
[2026-09-21T12:42:01.268+0000] {logging_mixin.py:190} INFO - [2026-09-21T12:42:01.267+0000] {dag.py:3239} INFO - Sync 1 DAGs
[2026-09-21T12:42:01.280+0000] {logging_mixin.py:190} INFO - [2026-09-21T12:42:01.280+0000] {dag.py:4180} INFO - Setting next_dagrun for dss150p_sales_pipeline to 2026-09-21 02:00:00+00:00, run_after=2026-09-22 02:00:00+00:00
[2026-09-21T12:42:01.291+0000] {processor.py:208} INFO - Processing /opt/airflow/dags/dss150p_pipeline.py took 0.076 seconds
[2026-09-21T12:42:31.373+0000] {processor.py:186} INFO - Started process (PID=437) to work on /opt/airflow/dags/dss150p_pipeline.py
[2026-09-21T12:42:31.374+0000] {processor.py:914} INFO - Processing file /opt/airflow/dags/dss150p_pipeline.py for tasks to queue
[2026-09-21T12:42:31.376+0000] {logging_mixin.py:190} INFO - [2026-09-21T12:42:31.376+0000] {dagbag.py:588} INFO - Filling up the DagBag from /opt/airflow/dags/dss150p_pipeline.py
[2026-09-21T12:42:31.394+0000] {processor.py:925} INFO - DAG(s) 'dss150p_sales_pipeline' retrieved from /opt/airflow/dags/dss150p_pipeline.py
[2026-09-21T12:42:31.428+0000] {logging_mixin.py:190} INFO - [2026-09-21T12:42:31.427+0000] {dag.py:3239} INFO - Sync 1 DAGs
[2026-09-21T12:42:31.439+0000] {logging_mixin.py:190} INFO - [2026-09-21T12:42:31.439+0000] {dag.py:4180} INFO - Setting next_dagrun for dss150p_sales_pipeline to 2026-09-21 02:00:00+00:00, run_after=2026-09-22 02:00:00+00:00
[2026-09-21T12:42:31.449+0000] {processor.py:208} INFO - Processing /opt/airflow/dags/dss150p_pipeline.py took 0.081 seconds
[2026-09-21T12:43:01.567+0000] {processor.py:186} INFO - Started process (PID=442) to work on /opt/airflow/dags/dss150p_pipeline.py
[2026-09-21T12:43:01.567+0000] {processor.py:914} INFO - Processing file /opt/airflow/dags/dss150p_pipeline.py for tasks to queue
[2026-09-21T12:43:01.569+0000] {logging_mixin.py:190} INFO - [2026-09-21T12:43:01.569+0000] {dagbag.py:588} INFO - Filling up the DagBag from /opt/airflow/dags/dss150p_pipeline.py
[2026-09-21T12:43:01.586+0000] {processor.py:925} INFO - DAG(s) 'dss150p_sales_pipeline' retrieved from /opt/airflow/dags/dss150p_pipeline.py
[2026-09-21T12:43:01.615+0000] {logging_mixin.py:190} INFO - [2026-09-21T12:43:01.615+0000] {dag.py:3239} INFO - Sync 1 DAGs
[2026-09-21T12:43:01.629+0000] {logging_mixin.py:190} INFO - [2026-09-21T12:43:01.629+0000] {dag.py:4180} INFO - Setting next_dagrun for dss150p_sales_pipeline to 2026-09-21 02:00:00+00:00, run_after=2026-09-22 02:00:00+00:00
[2026-09-21T12:43:01.639+0000] {processor.py:208} INFO - Processing /opt/airflow/dags/dss150p_pipeline.py took 0.076 seconds
[2026-09-21T12:43:31.719+0000] {processor.py:186} INFO - Started process (PID=447) to work on /opt/airflow/dags/dss150p_pipeline.py
[2026-09-21T12:43:31.720+0000] {processor.py:914} INFO - Processing file /opt/airflow/dags/dss150p_pipeline.py for tasks to queue
[2026-09-21T12:43:31.722+0000] {logging_mixin.py:190} INFO - [2026-09-21T12:43:31.721+0000] {dagbag.py:588} INFO - Filling up the DagBag from /opt/airflow/dags/dss150p_pipeline.py
[2026-09-21T12:43:31.737+0000] {processor.py:925} INFO - DAG(s) 'dss150p_sales_pipeline' retrieved from /opt/airflow/dags/dss150p_pipeline.py
[2026-09-21T12:43:31.767+0000] {logging_mixin.py:190} INFO - [2026-09-21T12:43:31.766+0000] {dag.py:3239} INFO - Sync 1 DAGs
[2026-09-21T12:43:31.779+0000] {logging_mixin.py:190} INFO - [2026-09-21T12:43:31.779+0000] {dag.py:4180} INFO - Setting next_dagrun for dss150p_sales_pipeline to 2026-09-21 02:00:00+00:00, run_after=2026-09-22 02:00:00+00:00
[2026-09-21T12:43:31.790+0000] {processor.py:208} INFO - Processing /opt/airflow/dags/dss150p_pipeline.py took 0.075 seconds
[2026-09-21T12:44:01.907+0000] {processor.py:186} INFO - Started process (PID=452) to work on /opt/airflow/dags/dss150p_pipeline.py
[2026-09-21T12:44:01.908+0000] {processor.py:914} INFO - Processing file /opt/airflow/dags/dss150p_pipeline.py for tasks to queue
[2026-09-21T12:44:01.910+0000] {logging_mixin.py:190} INFO - [2026-09-21T12:44:01.910+0000] {dagbag.py:588} INFO - Filling up the DagBag from /opt/airflow/dags/dss150p_pipeline.py
[2026-09-21T12:44:01.928+0000] {processor.py:925} INFO - DAG(s) 'dss150p_sales_pipeline' retrieved from /opt/airflow/dags/dss150p_pipeline.py
[2026-09-21T12:44:01.960+0000] {logging_mixin.py:190} INFO - [2026-09-21T12:44:01.959+0000] {dag.py:3239} INFO - Sync 1 DAGs
[2026-09-21T12:44:01.974+0000] {logging_mixin.py:190} INFO - [2026-09-21T12:44:01.974+0000] {dag.py:4180} INFO - Setting next_dagrun for dss150p_sales_pipeline to 2026-09-21 02:00:00+00:00, run_after=2026-09-22 02:00:00+00:00
[2026-09-21T12:44:01.985+0000] {processor.py:208} INFO - Processing /opt/airflow/dags/dss150p_pipeline.py took 0.083 seconds
[2026-09-21T12:44:32.054+0000] {processor.py:186} INFO - Started process (PID=457) to work on /opt/airflow/dags/dss150p_pipeline.py
[2026-09-21T12:44:32.055+0000] {processor.py:914} INFO - Processing file /opt/airflow/dags/dss150p_pipeline.py for tasks to queue
[2026-09-21T12:44:32.057+0000] {logging_mixin.py:190} INFO - [2026-09-21T12:44:32.056+0000] {dagbag.py:588} INFO - Filling up the DagBag from /opt/airflow/dags/dss150p_pipeline.py
[2026-09-21T12:44:32.072+0000] {processor.py:925} INFO - DAG(s) 'dss150p_sales_pipeline' retrieved from /opt/airflow/dags/dss150p_pipeline.py
[2026-09-21T12:44:32.100+0000] {logging_mixin.py:190} INFO - [2026-09-21T12:44:32.100+0000] {dag.py:3239} INFO - Sync 1 DAGs
[2026-09-21T12:44:32.113+0000] {logging_mixin.py:190} INFO - [2026-09-21T12:44:32.113+0000] {dag.py:4180} INFO - Setting next_dagrun for dss150p_sales_pipeline to 2026-09-21 02:00:00+00:00, run_after=2026-09-22 02:00:00+00:00
[2026-09-21T12:44:32.123+0000] {processor.py:208} INFO - Processing /opt/airflow/dags/dss150p_pipeline.py took 0.073 seconds
[2026-09-21T12:45:02.250+0000] {processor.py:186} INFO - Started process (PID=462) to work on /opt/airflow/dags/dss150p_pipeline.py
[2026-09-21T12:45:02.251+0000] {processor.py:914} INFO - Processing file /opt/airflow/dags/dss150p_pipeline.py for tasks to queue
[2026-09-21T12:45:02.254+0000] {logging_mixin.py:190} INFO - [2026-09-21T12:45:02.254+0000] {dagbag.py:588} INFO - Filling up the DagBag from /opt/airflow/dags/dss150p_pipeline.py
[2026-09-21T12:45:02.278+0000] {processor.py:925} INFO - DAG(s) 'dss150p_sales_pipeline' retrieved from /opt/airflow/dags/dss150p_pipeline.py
[2026-09-21T12:45:02.316+0000] {logging_mixin.py:190} INFO - [2026-09-21T12:45:02.316+0000] {dag.py:3239} INFO - Sync 1 DAGs
[2026-09-21T12:45:02.333+0000] {logging_mixin.py:190} INFO - [2026-09-21T12:45:02.333+0000] {dag.py:4180} INFO - Setting next_dagrun for dss150p_sales_pipeline to 2026-09-21 02:00:00+00:00, run_after=2026-09-22 02:00:00+00:00
[2026-09-21T12:45:02.345+0000] {processor.py:208} INFO - Processing /opt/airflow/dags/dss150p_pipeline.py took 0.102 seconds
[2026-09-21T12:45:32.393+0000] {processor.py:186} INFO - Started process (PID=467) to work on /opt/airflow/dags/dss150p_pipeline.py
[2026-09-21T12:45:32.394+0000] {processor.py:914} INFO - Processing file /opt/airflow/dags/dss150p_pipeline.py for tasks to queue
[2026-09-21T12:45:32.395+0000] {logging_mixin.py:190} INFO - [2026-09-21T12:45:32.395+0000] {dagbag.py:588} INFO - Filling up the DagBag from /opt/airflow/dags/dss150p_pipeline.py
[2026-09-21T12:45:32.413+0000] {processor.py:925} INFO - DAG(s) 'dss150p_sales_pipeline' retrieved from /opt/airflow/dags/dss150p_pipeline.py
[2026-09-21T12:45:32.445+0000] {logging_mixin.py:190} INFO - [2026-09-21T12:45:32.445+0000] {dag.py:3239} INFO - Sync 1 DAGs
[2026-09-21T12:45:32.460+0000] {logging_mixin.py:190} INFO - [2026-09-21T12:45:32.460+0000] {dag.py:4180} INFO - Setting next_dagrun for dss150p_sales_pipeline to 2026-09-21 02:00:00+00:00, run_after=2026-09-22 02:00:00+00:00
[2026-09-21T12:45:32.472+0000] {processor.py:208} INFO - Processing /opt/airflow/dags/dss150p_pipeline.py took 0.083 seconds
[2026-09-21T12:46:02.600+0000] {processor.py:186} INFO - Started process (PID=472) to work on /opt/airflow/dags/dss150p_pipeline.py
[2026-09-21T12:46:02.601+0000] {processor.py:914} INFO - Processing file /opt/airflow/dags/dss150p_pipeline.py for tasks to queue
[2026-09-21T12:46:02.603+0000] {logging_mixin.py:190} INFO - [2026-09-21T12:46:02.602+0000] {dagbag.py:588} INFO - Filling up the DagBag from /opt/airflow/dags/dss150p_pipeline.py
[2026-09-21T12:46:02.618+0000] {processor.py:925} INFO - DAG(s) 'dss150p_sales_pipeline' retrieved from /opt/airflow/dags/dss150p_pipeline.py
[2026-09-21T12:46:02.647+0000] {logging_mixin.py:190} INFO - [2026-09-21T12:46:02.646+0000] {dag.py:3239} INFO - Sync 1 DAGs
[2026-09-21T12:46:02.661+0000] {logging_mixin.py:190} INFO - [2026-09-21T12:46:02.661+0000] {dag.py:4180} INFO - Setting next_dagrun for dss150p_sales_pipeline to 2026-09-21 02:00:00+00:00, run_after=2026-09-22 02:00:00+00:00
[2026-09-21T12:46:02.672+0000] {processor.py:208} INFO - Processing /opt/airflow/dags/dss150p_pipeline.py took 0.075 seconds
[2026-09-21T12:46:32.747+0000] {processor.py:186} INFO - Started process (PID=477) to work on /opt/airflow/dags/dss150p_pipeline.py
[2026-09-21T12:46:32.748+0000] {processor.py:914} INFO - Processing file /opt/airflow/dags/dss150p_pipeline.py for tasks to queue
[2026-09-21T12:46:32.749+0000] {logging_mixin.py:190} INFO - [2026-09-21T12:46:32.749+0000] {dagbag.py:588} INFO - Filling up the DagBag from /opt/airflow/dags/dss150p_pipeline.py
[2026-09-21T12:46:32.766+0000] {processor.py:925} INFO - DAG(s) 'dss150p_sales_pipeline' retrieved from /opt/airflow/dags/dss150p_pipeline.py
[2026-09-21T12:46:32.796+0000] {logging_mixin.py:190} INFO - [2026-09-21T12:46:32.796+0000] {dag.py:3239} INFO - Sync 1 DAGs
[2026-09-21T12:46:32.810+0000] {logging_mixin.py:190} INFO - [2026-09-21T12:46:32.810+0000] {dag.py:4180} INFO - Setting next_dagrun for dss150p_sales_pipeline to 2026-09-21 02:00:00+00:00, run_after=2026-09-22 02:00:00+00:00
[2026-09-21T12:46:32.821+0000] {processor.py:208} INFO - Processing /opt/airflow/dags/dss150p_pipeline.py took 0.079 seconds
[2026-09-21T12:47:02.944+0000] {processor.py:186} INFO - Started process (PID=482) to work on /opt/airflow/dags/dss150p_pipeline.py
[2026-09-21T12:47:02.945+0000] {processor.py:914} INFO - Processing file /opt/airflow/dags/dss150p_pipeline.py for tasks to queue
[2026-09-21T12:47:02.947+0000] {logging_mixin.py:190} INFO - [2026-09-21T12:47:02.947+0000] {dagbag.py:588} INFO - Filling up the DagBag from /opt/airflow/dags/dss150p_pipeline.py
[2026-09-21T12:47:02.963+0000] {processor.py:925} INFO - DAG(s) 'dss150p_sales_pipeline' retrieved from /opt/airflow/dags/dss150p_pipeline.py
[2026-09-21T12:47:02.990+0000] {logging_mixin.py:190} INFO - [2026-09-21T12:47:02.990+0000] {dag.py:3239} INFO - Sync 1 DAGs
[2026-09-21T12:47:03.002+0000] {logging_mixin.py:190} INFO - [2026-09-21T12:47:03.002+0000] {dag.py:4180} INFO - Setting next_dagrun for dss150p_sales_pipeline to 2026-09-21 02:00:00+00:00, run_after=2026-09-22 02:00:00+00:00
[2026-09-21T12:47:03.012+0000] {processor.py:208} INFO - Processing /opt/airflow/dags/dss150p_pipeline.py took 0.071 seconds
[2026-09-21T12:47:33.089+0000] {processor.py:186} INFO - Started process (PID=487) to work on /opt/airflow/dags/dss150p_pipeline.py
[2026-09-21T12:47:33.089+0000] {processor.py:914} INFO - Processing file /opt/airflow/dags/dss150p_pipeline.py for tasks to queue
[2026-09-21T12:47:33.091+0000] {logging_mixin.py:190} INFO - [2026-09-21T12:47:33.091+0000] {dagbag.py:588} INFO - Filling up the DagBag from /opt/airflow/dags/dss150p_pipeline.py
[2026-09-21T12:47:33.107+0000] {processor.py:925} INFO - DAG(s) 'dss150p_sales_pipeline' retrieved from /opt/airflow/dags/dss150p_pipeline.py
[2026-09-21T12:47:33.135+0000] {logging_mixin.py:190} INFO - [2026-09-21T12:47:33.135+0000] {dag.py:3239} INFO - Sync 1 DAGs
[2026-09-21T12:47:33.149+0000] {logging_mixin.py:190} INFO - [2026-09-21T12:47:33.149+0000] {dag.py:4180} INFO - Setting next_dagrun for dss150p_sales_pipeline to 2026-09-21 02:00:00+00:00, run_after=2026-09-22 02:00:00+00:00
[2026-09-21T12:47:33.160+0000] {processor.py:208} INFO - Processing /opt/airflow/dags/dss150p_pipeline.py took 0.076 seconds
[2026-09-21T12:48:03.262+0000] {processor.py:186} INFO - Started process (PID=492) to work on /opt/airflow/dags/dss150p_pipeline.py
[2026-09-21T12:48:03.263+0000] {processor.py:914} INFO - Processing file /opt/airflow/dags/dss150p_pipeline.py for tasks to queue
[2026-09-21T12:48:03.264+0000] {logging_mixin.py:190} INFO - [2026-09-21T12:48:03.264+0000] {dagbag.py:588} INFO - Filling up the DagBag from /opt/airflow/dags/dss150p_pipeline.py
[2026-09-21T12:48:03.280+0000] {processor.py:925} INFO - DAG(s) 'dss150p_sales_pipeline' retrieved from /opt/airflow/dags/dss150p_pipeline.py
[2026-09-21T12:48:03.309+0000] {logging_mixin.py:190} INFO - [2026-09-21T12:48:03.309+0000] {dag.py:3239} INFO - Sync 1 DAGs
[2026-09-21T12:48:03.324+0000] {logging_mixin.py:190} INFO - [2026-09-21T12:48:03.324+0000] {dag.py:4180} INFO - Setting next_dagrun for dss150p_sales_pipeline to 2026-09-21 02:00:00+00:00, run_after=2026-09-22 02:00:00+00:00
[2026-09-21T12:48:03.344+0000] {processor.py:208} INFO - Processing /opt/airflow/dags/dss150p_pipeline.py took 0.086 seconds
[2026-09-21T12:48:33.411+0000] {processor.py:186} INFO - Started process (PID=497) to work on /opt/airflow/dags/dss150p_pipeline.py
[2026-09-21T12:48:33.411+0000] {processor.py:914} INFO - Processing file /opt/airflow/dags/dss150p_pipeline.py for tasks to queue
[2026-09-21T12:48:33.413+0000] {logging_mixin.py:190} INFO - [2026-09-21T12:48:33.413+0000] {dagbag.py:588} INFO - Filling up the DagBag from /opt/airflow/dags/dss150p_pipeline.py
[2026-09-21T12:48:33.429+0000] {processor.py:925} INFO - DAG(s) 'dss150p_sales_pipeline' retrieved from /opt/airflow/dags/dss150p_pipeline.py
[2026-09-21T12:48:33.458+0000] {logging_mixin.py:190} INFO - [2026-09-21T12:48:33.458+0000] {dag.py:3239} INFO - Sync 1 DAGs
[2026-09-21T12:48:33.471+0000] {logging_mixin.py:190} INFO - [2026-09-21T12:48:33.471+0000] {dag.py:4180} INFO - Setting next_dagrun for dss150p_sales_pipeline to 2026-09-21 02:00:00+00:00, run_after=2026-09-22 02:00:00+00:00
[2026-09-21T12:48:33.481+0000] {processor.py:208} INFO - Processing /opt/airflow/dags/dss150p_pipeline.py took 0.074 seconds
[2026-09-21T12:49:03.594+0000] {processor.py:186} INFO - Started process (PID=502) to work on /opt/airflow/dags/dss150p_pipeline.py
[2026-09-21T12:49:03.595+0000] {processor.py:914} INFO - Processing file /opt/airflow/dags/dss150p_pipeline.py for tasks to queue
[2026-09-21T12:49:03.596+0000] {logging_mixin.py:190} INFO - [2026-09-21T12:49:03.596+0000] {dagbag.py:588} INFO - Filling up the DagBag from /opt/airflow/dags/dss150p_pipeline.py
[2026-09-21T12:49:03.612+0000] {processor.py:925} INFO - DAG(s) 'dss150p_sales_pipeline' retrieved from /opt/airflow/dags/dss150p_pipeline.py
[2026-09-21T12:49:03.640+0000] {logging_mixin.py:190} INFO - [2026-09-21T12:49:03.640+0000] {dag.py:3239} INFO - Sync 1 DAGs
[2026-09-21T12:49:03.652+0000] {logging_mixin.py:190} INFO - [2026-09-21T12:49:03.652+0000] {dag.py:4180} INFO - Setting next_dagrun for dss150p_sales_pipeline to 2026-09-21 02:00:00+00:00, run_after=2026-09-22 02:00:00+00:00
[2026-09-21T12:49:03.663+0000] {processor.py:208} INFO - Processing /opt/airflow/dags/dss150p_pipeline.py took 0.073 seconds
[2026-09-21T12:49:33.741+0000] {processor.py:186} INFO - Started process (PID=507) to work on /opt/airflow/dags/dss150p_pipeline.py
[2026-09-21T12:49:33.742+0000] {processor.py:914} INFO - Processing file /opt/airflow/dags/dss150p_pipeline.py for tasks to queue
[2026-09-21T12:49:33.744+0000] {logging_mixin.py:190} INFO - [2026-09-21T12:49:33.744+0000] {dagbag.py:588} INFO - Filling up the DagBag from /opt/airflow/dags/dss150p_pipeline.py
[2026-09-21T12:49:33.763+0000] {processor.py:925} INFO - DAG(s) 'dss150p_sales_pipeline' retrieved from /opt/airflow/dags/dss150p_pipeline.py
[2026-09-21T12:49:33.794+0000] {logging_mixin.py:190} INFO - [2026-09-21T12:49:33.794+0000] {dag.py:3239} INFO - Sync 1 DAGs
[2026-09-21T12:49:33.809+0000] {logging_mixin.py:190} INFO - [2026-09-21T12:49:33.809+0000] {dag.py:4180} INFO - Setting next_dagrun for dss150p_sales_pipeline to 2026-09-21 02:00:00+00:00, run_after=2026-09-22 02:00:00+00:00
[2026-09-21T12:49:33.820+0000] {processor.py:208} INFO - Processing /opt/airflow/dags/dss150p_pipeline.py took 0.084 seconds
[2026-09-21T12:50:03.925+0000] {processor.py:186} INFO - Started process (PID=512) to work on /opt/airflow/dags/dss150p_pipeline.py
[2026-09-21T12:50:03.926+0000] {processor.py:914} INFO - Processing file /opt/airflow/dags/dss150p_pipeline.py for tasks to queue
[2026-09-21T12:50:03.927+0000] {logging_mixin.py:190} INFO - [2026-09-21T12:50:03.927+0000] {dagbag.py:588} INFO - Filling up the DagBag from /opt/airflow/dags/dss150p_pipeline.py
[2026-09-21T12:50:03.943+0000] {processor.py:925} INFO - DAG(s) 'dss150p_sales_pipeline' retrieved from /opt/airflow/dags/dss150p_pipeline.py
[2026-09-21T12:50:03.971+0000] {logging_mixin.py:190} INFO - [2026-09-21T12:50:03.971+0000] {dag.py:3239} INFO - Sync 1 DAGs
[2026-09-21T12:50:03.986+0000] {logging_mixin.py:190} INFO - [2026-09-21T12:50:03.986+0000] {dag.py:4180} INFO - Setting next_dagrun for dss150p_sales_pipeline to 2026-09-21 02:00:00+00:00, run_after=2026-09-22 02:00:00+00:00
[2026-09-21T12:50:03.998+0000] {processor.py:208} INFO - Processing /opt/airflow/dags/dss150p_pipeline.py took 0.077 seconds
[2026-09-21T12:50:34.070+0000] {processor.py:186} INFO - Started process (PID=517) to work on /opt/airflow/dags/dss150p_pipeline.py
[2026-09-21T12:50:34.071+0000] {processor.py:914} INFO - Processing file /opt/airflow/dags/dss150p_pipeline.py for tasks to queue
[2026-09-21T12:50:34.073+0000] {logging_mixin.py:190} INFO - [2026-09-21T12:50:34.073+0000] {dagbag.py:588} INFO - Filling up the DagBag from /opt/airflow/dags/dss150p_pipeline.py
[2026-09-21T12:50:34.088+0000] {processor.py:925} INFO - DAG(s) 'dss150p_sales_pipeline' retrieved from /opt/airflow/dags/dss150p_pipeline.py
[2026-09-21T12:50:34.117+0000] {logging_mixin.py:190} INFO - [2026-09-21T12:50:34.117+0000] {dag.py:3239} INFO - Sync 1 DAGs
[2026-09-21T12:50:34.129+0000] {logging_mixin.py:190} INFO - [2026-09-21T12:50:34.129+0000] {dag.py:4180} INFO - Setting next_dagrun for dss150p_sales_pipeline to 2026-09-21 02:00:00+00:00, run_after=2026-09-22 02:00:00+00:00
[2026-09-21T12:50:34.147+0000] {processor.py:208} INFO - Processing /opt/airflow/dags/dss150p_pipeline.py took 0.081 seconds
[2026-09-21T12:51:04.238+0000] {processor.py:186} INFO - Started process (PID=522) to work on /opt/airflow/dags/dss150p_pipeline.py
[2026-09-21T12:51:04.239+0000] {processor.py:914} INFO - Processing file /opt/airflow/dags/dss150p_pipeline.py for tasks to queue
[2026-09-21T12:51:04.241+0000] {logging_mixin.py:190} INFO - [2026-09-21T12:51:04.241+0000] {dagbag.py:588} INFO - Filling up the DagBag from /opt/airflow/dags/dss150p_pipeline.py
[2026-09-21T12:51:04.256+0000] {processor.py:925} INFO - DAG(s) 'dss150p_sales_pipeline' retrieved from /opt/airflow/dags/dss150p_pipeline.py
[2026-09-21T12:51:04.284+0000] {logging_mixin.py:190} INFO - [2026-09-21T12:51:04.283+0000] {dag.py:3239} INFO - Sync 1 DAGs
[2026-09-21T12:51:04.295+0000] {logging_mixin.py:190} INFO - [2026-09-21T12:51:04.295+0000] {dag.py:4180} INFO - Setting next_dagrun for dss150p_sales_pipeline to 2026-09-21 02:00:00+00:00, run_after=2026-09-22 02:00:00+00:00
[2026-09-21T12:51:04.305+0000] {processor.py:208} INFO - Processing /opt/airflow/dags/dss150p_pipeline.py took 0.071 seconds
[2026-09-21T12:51:34.393+0000] {processor.py:186} INFO - Started process (PID=527) to work on /opt/airflow/dags/dss150p_pipeline.py
[2026-09-21T12:51:34.394+0000] {processor.py:914} INFO - Processing file /opt/airflow/dags/dss150p_pipeline.py for tasks to queue
[2026-09-21T12:51:34.396+0000] {logging_mixin.py:190} INFO - [2026-09-21T12:51:34.396+0000] {dagbag.py:588} INFO - Filling up the DagBag from /opt/airflow/dags/dss150p_pipeline.py
[2026-09-21T12:51:34.412+0000] {processor.py:925} INFO - DAG(s) 'dss150p_sales_pipeline' retrieved from /opt/airflow/dags/dss150p_pipeline.py
[2026-09-21T12:51:34.440+0000] {logging_mixin.py:190} INFO - [2026-09-21T12:51:34.440+0000] {dag.py:3239} INFO - Sync 1 DAGs
[2026-09-21T12:51:34.452+0000] {logging_mixin.py:190} INFO - [2026-09-21T12:51:34.451+0000] {dag.py:4180} INFO - Setting next_dagrun for dss150p_sales_pipeline to 2026-09-21 02:00:00+00:00, run_after=2026-09-22 02:00:00+00:00
[2026-09-21T12:51:34.462+0000] {processor.py:208} INFO - Processing /opt/airflow/dags/dss150p_pipeline.py took 0.073 seconds
[2026-09-21T12:52:04.571+0000] {processor.py:186} INFO - Started process (PID=532) to work on /opt/airflow/dags/dss150p_pipeline.py
[2026-09-21T12:52:04.572+0000] {processor.py:914} INFO - Processing file /opt/airflow/dags/dss150p_pipeline.py for tasks to queue
[2026-09-21T12:52:04.573+0000] {logging_mixin.py:190} INFO - [2026-09-21T12:52:04.573+0000] {dagbag.py:588} INFO - Filling up the DagBag from /opt/airflow/dags/dss150p_pipeline.py
[2026-09-21T12:52:04.588+0000] {processor.py:925} INFO - DAG(s) 'dss150p_sales_pipeline' retrieved from /opt/airflow/dags/dss150p_pipeline.py
[2026-09-21T12:52:04.616+0000] {logging_mixin.py:190} INFO - [2026-09-21T12:52:04.616+0000] {dag.py:3239} INFO - Sync 1 DAGs
[2026-09-21T12:52:04.629+0000] {logging_mixin.py:190} INFO - [2026-09-21T12:52:04.629+0000] {dag.py:4180} INFO - Setting next_dagrun for dss150p_sales_pipeline to 2026-09-21 02:00:00+00:00, run_after=2026-09-22 02:00:00+00:00
[2026-09-21T12:52:04.639+0000] {processor.py:208} INFO - Processing /opt/airflow/dags/dss150p_pipeline.py took 0.072 seconds
[2026-09-21T12:52:34.713+0000] {processor.py:186} INFO - Started process (PID=537) to work on /opt/airflow/dags/dss150p_pipeline.py
[2026-09-21T12:52:34.713+0000] {processor.py:914} INFO - Processing file /opt/airflow/dags/dss150p_pipeline.py for tasks to queue
[2026-09-21T12:52:34.715+0000] {logging_mixin.py:190} INFO - [2026-09-21T12:52:34.715+0000] {dagbag.py:588} INFO - Filling up the DagBag from /opt/airflow/dags/dss150p_pipeline.py
[2026-09-21T12:52:34.731+0000] {processor.py:925} INFO - DAG(s) 'dss150p_sales_pipeline' retrieved from /opt/airflow/dags/dss150p_pipeline.py
[2026-09-21T12:52:34.761+0000] {logging_mixin.py:190} INFO - [2026-09-21T12:52:34.761+0000] {dag.py:3239} INFO - Sync 1 DAGs
[2026-09-21T12:52:34.774+0000] {logging_mixin.py:190} INFO - [2026-09-21T12:52:34.774+0000] {dag.py:4180} INFO - Setting next_dagrun for dss150p_sales_pipeline to 2026-09-21 02:00:00+00:00, run_after=2026-09-22 02:00:00+00:00
[2026-09-21T12:52:34.784+0000] {processor.py:208} INFO - Processing /opt/airflow/dags/dss150p_pipeline.py took 0.076 seconds
[2026-09-21T12:53:04.893+0000] {processor.py:186} INFO - Started process (PID=542) to work on /opt/airflow/dags/dss150p_pipeline.py
[2026-09-21T12:53:04.894+0000] {processor.py:914} INFO - Processing file /opt/airflow/dags/dss150p_pipeline.py for tasks to queue
[2026-09-21T12:53:04.896+0000] {logging_mixin.py:190} INFO - [2026-09-21T12:53:04.895+0000] {dagbag.py:588} INFO - Filling up the DagBag from /opt/airflow/dags/dss150p_pipeline.py
[2026-09-21T12:53:04.911+0000] {processor.py:925} INFO - DAG(s) 'dss150p_sales_pipeline' retrieved from /opt/airflow/dags/dss150p_pipeline.py
[2026-09-21T12:53:04.939+0000] {logging_mixin.py:190} INFO - [2026-09-21T12:53:04.939+0000] {dag.py:3239} INFO - Sync 1 DAGs
[2026-09-21T12:53:04.951+0000] {logging_mixin.py:190} INFO - [2026-09-21T12:53:04.951+0000] {dag.py:4180} INFO - Setting next_dagrun for dss150p_sales_pipeline to 2026-09-21 02:00:00+00:00, run_after=2026-09-22 02:00:00+00:00
[2026-09-21T12:53:04.961+0000] {processor.py:208} INFO - Processing /opt/airflow/dags/dss150p_pipeline.py took 0.071 seconds
[2026-09-21T12:53:35.037+0000] {processor.py:186} INFO - Started process (PID=547) to work on /opt/airflow/dags/dss150p_pipeline.py
[2026-09-21T12:53:35.037+0000] {processor.py:914} INFO - Processing file /opt/airflow/dags/dss150p_pipeline.py for tasks to queue
[2026-09-21T12:53:35.039+0000] {logging_mixin.py:190} INFO - [2026-09-21T12:53:35.039+0000] {dagbag.py:588} INFO - Filling up the DagBag from /opt/airflow/dags/dss150p_pipeline.py
[2026-09-21T12:53:35.055+0000] {processor.py:925} INFO - DAG(s) 'dss150p_sales_pipeline' retrieved from /opt/airflow/dags/dss150p_pipeline.py
[2026-09-21T12:53:35.083+0000] {logging_mixin.py:190} INFO - [2026-09-21T12:53:35.083+0000] {dag.py:3239} INFO - Sync 1 DAGs
[2026-09-21T12:53:35.095+0000] {logging_mixin.py:190} INFO - [2026-09-21T12:53:35.095+0000] {dag.py:4180} INFO - Setting next_dagrun for dss150p_sales_pipeline to 2026-09-21 02:00:00+00:00, run_after=2026-09-22 02:00:00+00:00
[2026-09-21T12:53:35.105+0000] {processor.py:208} INFO - Processing /opt/airflow/dags/dss150p_pipeline.py took 0.072 seconds
[2026-09-21T12:54:05.216+0000] {processor.py:186} INFO - Started process (PID=552) to work on /opt/airflow/dags/dss150p_pipeline.py
[2026-09-21T12:54:05.216+0000] {processor.py:914} INFO - Processing file /opt/airflow/dags/dss150p_pipeline.py for tasks to queue
[2026-09-21T12:54:05.218+0000] {logging_mixin.py:190} INFO - [2026-09-21T12:54:05.218+0000] {dagbag.py:588} INFO - Filling up the DagBag from /opt/airflow/dags/dss150p_pipeline.py
[2026-09-21T12:54:05.234+0000] {processor.py:925} INFO - DAG(s) 'dss150p_sales_pipeline' retrieved from /opt/airflow/dags/dss150p_pipeline.py
[2026-09-21T12:54:05.263+0000] {logging_mixin.py:190} INFO - [2026-09-21T12:54:05.263+0000] {dag.py:3239} INFO - Sync 1 DAGs
[2026-09-21T12:54:05.276+0000] {logging_mixin.py:190} INFO - [2026-09-21T12:54:05.276+0000] {dag.py:4180} INFO - Setting next_dagrun for dss150p_sales_pipeline to 2026-09-21 02:00:00+00:00, run_after=2026-09-22 02:00:00+00:00
[2026-09-21T12:54:05.286+0000] {processor.py:208} INFO - Processing /opt/airflow/dags/dss150p_pipeline.py took 0.075 seconds
[2026-09-21T12:54:35.359+0000] {processor.py:186} INFO - Started process (PID=557) to work on /opt/airflow/dags/dss150p_pipeline.py
[2026-09-21T12:54:35.359+0000] {processor.py:914} INFO - Processing file /opt/airflow/dags/dss150p_pipeline.py for tasks to queue
[2026-09-21T12:54:35.361+0000] {logging_mixin.py:190} INFO - [2026-09-21T12:54:35.361+0000] {dagbag.py:588} INFO - Filling up the DagBag from /opt/airflow/dags/dss150p_pipeline.py
[2026-09-21T12:54:35.376+0000] {processor.py:925} INFO - DAG(s) 'dss150p_sales_pipeline' retrieved from /opt/airflow/dags/dss150p_pipeline.py
[2026-09-21T12:54:35.405+0000] {logging_mixin.py:190} INFO - [2026-09-21T12:54:35.405+0000] {dag.py:3239} INFO - Sync 1 DAGs
[2026-09-21T12:54:35.417+0000] {logging_mixin.py:190} INFO - [2026-09-21T12:54:35.417+0000] {dag.py:4180} INFO - Setting next_dagrun for dss150p_sales_pipeline to 2026-09-21 02:00:00+00:00, run_after=2026-09-22 02:00:00+00:00
[2026-09-21T12:54:35.437+0000] {processor.py:208} INFO - Processing /opt/airflow/dags/dss150p_pipeline.py took 0.083 seconds
[2026-09-21T12:55:05.538+0000] {processor.py:186} INFO - Started process (PID=562) to work on /opt/airflow/dags/dss150p_pipeline.py
[2026-09-21T12:55:05.539+0000] {processor.py:914} INFO - Processing file /opt/airflow/dags/dss150p_pipeline.py for tasks to queue
[2026-09-21T12:55:05.541+0000] {logging_mixin.py:190} INFO - [2026-09-21T12:55:05.541+0000] {dagbag.py:588} INFO - Filling up the DagBag from /opt/airflow/dags/dss150p_pipeline.py
[2026-09-21T12:55:05.557+0000] {processor.py:925} INFO - DAG(s) 'dss150p_sales_pipeline' retrieved from /opt/airflow/dags/dss150p_pipeline.py
[2026-09-21T12:55:05.586+0000] {logging_mixin.py:190} INFO - [2026-09-21T12:55:05.586+0000] {dag.py:3239} INFO - Sync 1 DAGs
[2026-09-21T12:55:05.598+0000] {logging_mixin.py:190} INFO - [2026-09-21T12:55:05.598+0000] {dag.py:4180} INFO - Setting next_dagrun for dss150p_sales_pipeline to 2026-09-21 02:00:00+00:00, run_after=2026-09-22 02:00:00+00:00
[2026-09-21T12:55:05.617+0000] {processor.py:208} INFO - Processing /opt/airflow/dags/dss150p_pipeline.py took 0.083 seconds
[2026-09-21T12:55:35.691+0000] {processor.py:186} INFO - Started process (PID=567) to work on /opt/airflow/dags/dss150p_pipeline.py
[2026-09-21T12:55:35.692+0000] {processor.py:914} INFO - Processing file /opt/airflow/dags/dss150p_pipeline.py for tasks to queue
[2026-09-21T12:55:35.693+0000] {logging_mixin.py:190} INFO - [2026-09-21T12:55:35.693+0000] {dagbag.py:588} INFO - Filling up the DagBag from /opt/airflow/dags/dss150p_pipeline.py
[2026-09-21T12:55:35.709+0000] {processor.py:925} INFO - DAG(s) 'dss150p_sales_pipeline' retrieved from /opt/airflow/dags/dss150p_pipeline.py
[2026-09-21T12:55:35.738+0000] {logging_mixin.py:190} INFO - [2026-09-21T12:55:35.738+0000] {dag.py:3239} INFO - Sync 1 DAGs
[2026-09-21T12:55:35.751+0000] {logging_mixin.py:190} INFO - [2026-09-21T12:55:35.751+0000] {dag.py:4180} INFO - Setting next_dagrun for dss150p_sales_pipeline to 2026-09-21 02:00:00+00:00, run_after=2026-09-22 02:00:00+00:00
[2026-09-21T12:55:35.761+0000] {processor.py:208} INFO - Processing /opt/airflow/dags/dss150p_pipeline.py took 0.074 seconds
[2026-09-21T12:56:05.871+0000] {processor.py:186} INFO - Started process (PID=572) to work on /opt/airflow/dags/dss150p_pipeline.py
[2026-09-21T12:56:05.871+0000] {processor.py:914} INFO - Processing file /opt/airflow/dags/dss150p_pipeline.py for tasks to queue
[2026-09-21T12:56:05.873+0000] {logging_mixin.py:190} INFO - [2026-09-21T12:56:05.873+0000] {dagbag.py:588} INFO - Filling up the DagBag from /opt/airflow/dags/dss150p_pipeline.py
[2026-09-21T12:56:05.889+0000] {processor.py:925} INFO - DAG(s) 'dss150p_sales_pipeline' retrieved from /opt/airflow/dags/dss150p_pipeline.py
[2026-09-21T12:56:05.917+0000] {logging_mixin.py:190} INFO - [2026-09-21T12:56:05.917+0000] {dag.py:3239} INFO - Sync 1 DAGs
[2026-09-21T12:56:05.930+0000] {logging_mixin.py:190} INFO - [2026-09-21T12:56:05.930+0000] {dag.py:4180} INFO - Setting next_dagrun for dss150p_sales_pipeline to 2026-09-21 02:00:00+00:00, run_after=2026-09-22 02:00:00+00:00
[2026-09-21T12:56:05.941+0000] {processor.py:208} INFO - Processing /opt/airflow/dags/dss150p_pipeline.py took 0.074 seconds
[2026-09-21T12:56:36.020+0000] {processor.py:186} INFO - Started process (PID=577) to work on /opt/airflow/dags/dss150p_pipeline.py
[2026-09-21T12:56:36.021+0000] {processor.py:914} INFO - Processing file /opt/airflow/dags/dss150p_pipeline.py for tasks to queue
[2026-09-21T12:56:36.024+0000] {logging_mixin.py:190} INFO - [2026-09-21T12:56:36.023+0000] {dagbag.py:588} INFO - Filling up the DagBag from /opt/airflow/dags/dss150p_pipeline.py
[2026-09-21T12:56:36.043+0000] {processor.py:925} INFO - DAG(s) 'dss150p_sales_pipeline' retrieved from /opt/airflow/dags/dss150p_pipeline.py
[2026-09-21T12:56:36.076+0000] {logging_mixin.py:190} INFO - [2026-09-21T12:56:36.076+0000] {dag.py:3239} INFO - Sync 1 DAGs
[2026-09-21T12:56:36.090+0000] {logging_mixin.py:190} INFO - [2026-09-21T12:56:36.090+0000] {dag.py:4180} INFO - Setting next_dagrun for dss150p_sales_pipeline to 2026-09-21 02:00:00+00:00, run_after=2026-09-22 02:00:00+00:00
[2026-09-21T12:56:36.102+0000] {processor.py:208} INFO - Processing /opt/airflow/dags/dss150p_pipeline.py took 0.089 seconds
[2026-09-21T12:57:06.216+0000] {processor.py:186} INFO - Started process (PID=582) to work on /opt/airflow/dags/dss150p_pipeline.py
[2026-09-21T12:57:06.217+0000] {processor.py:914} INFO - Processing file /opt/airflow/dags/dss150p_pipeline.py for tasks to queue
[2026-09-21T12:57:06.219+0000] {logging_mixin.py:190} INFO - [2026-09-21T12:57:06.219+0000] {dagbag.py:588} INFO - Filling up the DagBag from /opt/airflow/dags/dss150p_pipeline.py
[2026-09-21T12:57:06.236+0000] {processor.py:925} INFO - DAG(s) 'dss150p_sales_pipeline' retrieved from /opt/airflow/dags/dss150p_pipeline.py
[2026-09-21T12:57:06.265+0000] {logging_mixin.py:190} INFO - [2026-09-21T12:57:06.265+0000] {dag.py:3239} INFO - Sync 1 DAGs
[2026-09-21T12:57:06.279+0000] {logging_mixin.py:190} INFO - [2026-09-21T12:57:06.279+0000] {dag.py:4180} INFO - Setting next_dagrun for dss150p_sales_pipeline to 2026-09-21 02:00:00+00:00, run_after=2026-09-22 02:00:00+00:00
[2026-09-21T12:57:06.297+0000] {processor.py:208} INFO - Processing /opt/airflow/dags/dss150p_pipeline.py took 0.085 seconds
[2026-09-21T12:57:36.357+0000] {processor.py:186} INFO - Started process (PID=587) to work on /opt/airflow/dags/dss150p_pipeline.py
[2026-09-21T12:57:36.358+0000] {processor.py:914} INFO - Processing file /opt/airflow/dags/dss150p_pipeline.py for tasks to queue
[2026-09-21T12:57:36.360+0000] {logging_mixin.py:190} INFO - [2026-09-21T12:57:36.359+0000] {dagbag.py:588} INFO - Filling up the DagBag from /opt/airflow/dags/dss150p_pipeline.py
[2026-09-21T12:57:36.376+0000] {processor.py:925} INFO - DAG(s) 'dss150p_sales_pipeline' retrieved from /opt/airflow/dags/dss150p_pipeline.py
[2026-09-21T12:57:36.409+0000] {logging_mixin.py:190} INFO - [2026-09-21T12:57:36.409+0000] {dag.py:3239} INFO - Sync 1 DAGs
[2026-09-21T12:57:36.422+0000] {logging_mixin.py:190} INFO - [2026-09-21T12:57:36.422+0000] {dag.py:4180} INFO - Setting next_dagrun for dss150p_sales_pipeline to 2026-09-21 02:00:00+00:00, run_after=2026-09-22 02:00:00+00:00
[2026-09-21T12:57:36.433+0000] {processor.py:208} INFO - Processing /opt/airflow/dags/dss150p_pipeline.py took 0.080 seconds
[2026-09-21T12:58:06.548+0000] {processor.py:186} INFO - Started process (PID=592) to work on /opt/airflow/dags/dss150p_pipeline.py
[2026-09-21T12:58:06.548+0000] {processor.py:914} INFO - Processing file /opt/airflow/dags/dss150p_pipeline.py for tasks to queue
[2026-09-21T12:58:06.550+0000] {logging_mixin.py:190} INFO - [2026-09-21T12:58:06.550+0000] {dagbag.py:588} INFO - Filling up the DagBag from /opt/airflow/dags/dss150p_pipeline.py
[2026-09-21T12:58:06.566+0000] {processor.py:925} INFO - DAG(s) 'dss150p_sales_pipeline' retrieved from /opt/airflow/dags/dss150p_pipeline.py
[2026-09-21T12:58:06.593+0000] {logging_mixin.py:190} INFO - [2026-09-21T12:58:06.593+0000] {dag.py:3239} INFO - Sync 1 DAGs
[2026-09-21T12:58:06.605+0000] {logging_mixin.py:190} INFO - [2026-09-21T12:58:06.605+0000] {dag.py:4180} INFO - Setting next_dagrun for dss150p_sales_pipeline to 2026-09-21 02:00:00+00:00, run_after=2026-09-22 02:00:00+00:00
[2026-09-21T12:58:06.615+0000] {processor.py:208} INFO - Processing /opt/airflow/dags/dss150p_pipeline.py took 0.071 seconds
[2026-09-21T12:58:36.691+0000] {processor.py:186} INFO - Started process (PID=597) to work on /opt/airflow/dags/dss150p_pipeline.py
[2026-09-21T12:58:36.691+0000] {processor.py:914} INFO - Processing file /opt/airflow/dags/dss150p_pipeline.py for tasks to queue
[2026-09-21T12:58:36.693+0000] {logging_mixin.py:190} INFO - [2026-09-21T12:58:36.693+0000] {dagbag.py:588} INFO - Filling up the DagBag from /opt/airflow/dags/dss150p_pipeline.py
[2026-09-21T12:58:36.709+0000] {processor.py:925} INFO - DAG(s) 'dss150p_sales_pipeline' retrieved from /opt/airflow/dags/dss150p_pipeline.py
[2026-09-21T12:58:36.739+0000] {logging_mixin.py:190} INFO - [2026-09-21T12:58:36.739+0000] {dag.py:3239} INFO - Sync 1 DAGs
[2026-09-21T12:58:36.752+0000] {logging_mixin.py:190} INFO - [2026-09-21T12:58:36.751+0000] {dag.py:4180} INFO - Setting next_dagrun for dss150p_sales_pipeline to 2026-09-21 02:00:00+00:00, run_after=2026-09-22 02:00:00+00:00
[2026-09-21T12:58:36.762+0000] {processor.py:208} INFO - Processing /opt/airflow/dags/dss150p_pipeline.py took 0.075 seconds
[2026-09-21T12:59:06.870+0000] {processor.py:186} INFO - Started process (PID=602) to work on /opt/airflow/dags/dss150p_pipeline.py
[2026-09-21T12:59:06.870+0000] {processor.py:914} INFO - Processing file /opt/airflow/dags/dss150p_pipeline.py for tasks to queue
[2026-09-21T12:59:06.872+0000] {logging_mixin.py:190} INFO - [2026-09-21T12:59:06.872+0000] {dagbag.py:588} INFO - Filling up the DagBag from /opt/airflow/dags/dss150p_pipeline.py
[2026-09-21T12:59:06.888+0000] {processor.py:925} INFO - DAG(s) 'dss150p_sales_pipeline' retrieved from /opt/airflow/dags/dss150p_pipeline.py
[2026-09-21T12:59:06.916+0000] {logging_mixin.py:190} INFO - [2026-09-21T12:59:06.916+0000] {dag.py:3239} INFO - Sync 1 DAGs
[2026-09-21T12:59:06.928+0000] {logging_mixin.py:190} INFO - [2026-09-21T12:59:06.928+0000] {dag.py:4180} INFO - Setting next_dagrun for dss150p_sales_pipeline to 2026-09-21 02:00:00+00:00, run_after=2026-09-22 02:00:00+00:00
[2026-09-21T12:59:06.947+0000] {processor.py:208} INFO - Processing /opt/airflow/dags/dss150p_pipeline.py took 0.081 seconds
[2026-09-21T12:59:37.014+0000] {processor.py:186} INFO - Started process (PID=607) to work on /opt/airflow/dags/dss150p_pipeline.py
[2026-09-21T12:59:37.014+0000] {processor.py:914} INFO - Processing file /opt/airflow/dags/dss150p_pipeline.py for tasks to queue
[2026-09-21T12:59:37.016+0000] {logging_mixin.py:190} INFO - [2026-09-21T12:59:37.016+0000] {dagbag.py:588} INFO - Filling up the DagBag from /opt/airflow/dags/dss150p_pipeline.py
[2026-09-21T12:59:37.034+0000] {processor.py:925} INFO - DAG(s) 'dss150p_sales_pipeline' retrieved from /opt/airflow/dags/dss150p_pipeline.py
[2026-09-21T12:59:37.065+0000] {logging_mixin.py:190} INFO - [2026-09-21T12:59:37.065+0000] {dag.py:3239} INFO - Sync 1 DAGs
[2026-09-21T12:59:37.077+0000] {logging_mixin.py:190} INFO - [2026-09-21T12:59:37.077+0000] {dag.py:4180} INFO - Setting next_dagrun for dss150p_sales_pipeline to 2026-09-21 02:00:00+00:00, run_after=2026-09-22 02:00:00+00:00
[2026-09-21T12:59:37.097+0000] {processor.py:208} INFO - Processing /opt/airflow/dags/dss150p_pipeline.py took 0.087 seconds
[2026-09-21T13:00:07.202+0000] {processor.py:186} INFO - Started process (PID=612) to work on /opt/airflow/dags/dss150p_pipeline.py
[2026-09-21T13:00:07.203+0000] {processor.py:914} INFO - Processing file /opt/airflow/dags/dss150p_pipeline.py for tasks to queue
[2026-09-21T13:00:07.204+0000] {logging_mixin.py:190} INFO - [2026-09-21T13:00:07.204+0000] {dagbag.py:588} INFO - Filling up the DagBag from /opt/airflow/dags/dss150p_pipeline.py
[2026-09-21T13:00:07.221+0000] {processor.py:925} INFO - DAG(s) 'dss150p_sales_pipeline' retrieved from /opt/airflow/dags/dss150p_pipeline.py
[2026-09-21T13:00:07.250+0000] {logging_mixin.py:190} INFO - [2026-09-21T13:00:07.250+0000] {dag.py:3239} INFO - Sync 1 DAGs
[2026-09-21T13:00:07.264+0000] {logging_mixin.py:190} INFO - [2026-09-21T13:00:07.264+0000] {dag.py:4180} INFO - Setting next_dagrun for dss150p_sales_pipeline to 2026-09-21 02:00:00+00:00, run_after=2026-09-22 02:00:00+00:00
[2026-09-21T13:00:07.275+0000] {processor.py:208} INFO - Processing /opt/airflow/dags/dss150p_pipeline.py took 0.077 seconds
[2026-09-21T13:00:37.352+0000] {processor.py:186} INFO - Started process (PID=617) to work on /opt/airflow/dags/dss150p_pipeline.py
[2026-09-21T13:00:37.352+0000] {processor.py:914} INFO - Processing file /opt/airflow/dags/dss150p_pipeline.py for tasks to queue
[2026-09-21T13:00:37.354+0000] {logging_mixin.py:190} INFO - [2026-09-21T13:00:37.354+0000] {dagbag.py:588} INFO - Filling up the DagBag from /opt/airflow/dags/dss150p_pipeline.py
[2026-09-21T13:00:37.369+0000] {processor.py:925} INFO - DAG(s) 'dss150p_sales_pipeline' retrieved from /opt/airflow/dags/dss150p_pipeline.py
[2026-09-21T13:00:37.398+0000] {logging_mixin.py:190} INFO - [2026-09-21T13:00:37.398+0000] {dag.py:3239} INFO - Sync 1 DAGs
[2026-09-21T13:00:37.410+0000] {logging_mixin.py:190} INFO - [2026-09-21T13:00:37.410+0000] {dag.py:4180} INFO - Setting next_dagrun for dss150p_sales_pipeline to 2026-09-21 02:00:00+00:00, run_after=2026-09-22 02:00:00+00:00
[2026-09-21T13:00:37.429+0000] {processor.py:208} INFO - Processing /opt/airflow/dags/dss150p_pipeline.py took 0.081 seconds
[2026-09-21T13:01:07.529+0000] {processor.py:186} INFO - Started process (PID=622) to work on /opt/airflow/dags/dss150p_pipeline.py
[2026-09-21T13:01:07.530+0000] {processor.py:914} INFO - Processing file /opt/airflow/dags/dss150p_pipeline.py for tasks to queue
[2026-09-21T13:01:07.532+0000] {logging_mixin.py:190} INFO - [2026-09-21T13:01:07.532+0000] {dagbag.py:588} INFO - Filling up the DagBag from /opt/airflow/dags/dss150p_pipeline.py
[2026-09-21T13:01:07.548+0000] {processor.py:925} INFO - DAG(s) 'dss150p_sales_pipeline' retrieved from /opt/airflow/dags/dss150p_pipeline.py
[2026-09-21T13:01:07.576+0000] {logging_mixin.py:190} INFO - [2026-09-21T13:01:07.576+0000] {dag.py:3239} INFO - Sync 1 DAGs
[2026-09-21T13:01:07.588+0000] {logging_mixin.py:190} INFO - [2026-09-21T13:01:07.587+0000] {dag.py:4180} INFO - Setting next_dagrun for dss150p_sales_pipeline to 2026-09-21 02:00:00+00:00, run_after=2026-09-22 02:00:00+00:00
[2026-09-21T13:01:07.598+0000] {processor.py:208} INFO - Processing /opt/airflow/dags/dss150p_pipeline.py took 0.073 seconds
[2026-09-21T13:01:37.687+0000] {processor.py:186} INFO - Started process (PID=627) to work on /opt/airflow/dags/dss150p_pipeline.py
[2026-09-21T13:01:37.688+0000] {processor.py:914} INFO - Processing file /opt/airflow/dags/dss150p_pipeline.py for tasks to queue
[2026-09-21T13:01:37.690+0000] {logging_mixin.py:190} INFO - [2026-09-21T13:01:37.689+0000] {dagbag.py:588} INFO - Filling up the DagBag from /opt/airflow/dags/dss150p_pipeline.py
[2026-09-21T13:01:37.705+0000] {processor.py:925} INFO - DAG(s) 'dss150p_sales_pipeline' retrieved from /opt/airflow/dags/dss150p_pipeline.py
[2026-09-21T13:01:37.734+0000] {logging_mixin.py:190} INFO - [2026-09-21T13:01:37.734+0000] {dag.py:3239} INFO - Sync 1 DAGs
[2026-09-21T13:01:37.747+0000] {logging_mixin.py:190} INFO - [2026-09-21T13:01:37.747+0000] {dag.py:4180} INFO - Setting next_dagrun for dss150p_sales_pipeline to 2026-09-21 02:00:00+00:00, run_after=2026-09-22 02:00:00+00:00
[2026-09-21T13:01:37.758+0000] {processor.py:208} INFO - Processing /opt/airflow/dags/dss150p_pipeline.py took 0.075 seconds
[2026-09-21T13:02:07.890+0000] {processor.py:186} INFO - Started process (PID=632) to work on /opt/airflow/dags/dss150p_pipeline.py
[2026-09-21T13:02:07.891+0000] {processor.py:914} INFO - Processing file /opt/airflow/dags/dss150p_pipeline.py for tasks to queue
[2026-09-21T13:02:07.892+0000] {logging_mixin.py:190} INFO - [2026-09-21T13:02:07.892+0000] {dagbag.py:588} INFO - Filling up the DagBag from /opt/airflow/dags/dss150p_pipeline.py
[2026-09-21T13:02:07.908+0000] {processor.py:925} INFO - DAG(s) 'dss150p_sales_pipeline' retrieved from /opt/airflow/dags/dss150p_pipeline.py
[2026-09-21T13:02:07.937+0000] {logging_mixin.py:190} INFO - [2026-09-21T13:02:07.937+0000] {dag.py:3239} INFO - Sync 1 DAGs
[2026-09-21T13:02:07.950+0000] {logging_mixin.py:190} INFO - [2026-09-21T13:02:07.950+0000] {dag.py:4180} INFO - Setting next_dagrun for dss150p_sales_pipeline to 2026-09-21 02:00:00+00:00, run_after=2026-09-22 02:00:00+00:00
[2026-09-21T13:02:07.969+0000] {processor.py:208} INFO - Processing /opt/airflow/dags/dss150p_pipeline.py took 0.083 seconds
[2026-09-21T13:02:38.036+0000] {processor.py:186} INFO - Started process (PID=637) to work on /opt/airflow/dags/dss150p_pipeline.py
[2026-09-21T13:02:38.037+0000] {processor.py:914} INFO - Processing file /opt/airflow/dags/dss150p_pipeline.py for tasks to queue
[2026-09-21T13:02:38.039+0000] {logging_mixin.py:190} INFO - [2026-09-21T13:02:38.038+0000] {dagbag.py:588} INFO - Filling up the DagBag from /opt/airflow/dags/dss150p_pipeline.py
[2026-09-21T13:02:38.054+0000] {processor.py:925} INFO - DAG(s) 'dss150p_sales_pipeline' retrieved from /opt/airflow/dags/dss150p_pipeline.py
[2026-09-21T13:02:38.083+0000] {logging_mixin.py:190} INFO - [2026-09-21T13:02:38.082+0000] {dag.py:3239} INFO - Sync 1 DAGs
[2026-09-21T13:02:38.094+0000] {logging_mixin.py:190} INFO - [2026-09-21T13:02:38.094+0000] {dag.py:4180} INFO - Setting next_dagrun for dss150p_sales_pipeline to 2026-09-21 02:00:00+00:00, run_after=2026-09-22 02:00:00+00:00
[2026-09-21T13:02:38.112+0000] {processor.py:208} INFO - Processing /opt/airflow/dags/dss150p_pipeline.py took 0.080 seconds
[2026-09-21T13:03:08.222+0000] {processor.py:186} INFO - Started process (PID=642) to work on /opt/airflow/dags/dss150p_pipeline.py
[2026-09-21T13:03:08.222+0000] {processor.py:914} INFO - Processing file /opt/airflow/dags/dss150p_pipeline.py for tasks to queue
[2026-09-21T13:03:08.224+0000] {logging_mixin.py:190} INFO - [2026-09-21T13:03:08.224+0000] {dagbag.py:588} INFO - Filling up the DagBag from /opt/airflow/dags/dss150p_pipeline.py
[2026-09-21T13:03:08.241+0000] {processor.py:925} INFO - DAG(s) 'dss150p_sales_pipeline' retrieved from /opt/airflow/dags/dss150p_pipeline.py
[2026-09-21T13:03:08.269+0000] {logging_mixin.py:190} INFO - [2026-09-21T13:03:08.269+0000] {dag.py:3239} INFO - Sync 1 DAGs
[2026-09-21T13:03:08.283+0000] {logging_mixin.py:190} INFO - [2026-09-21T13:03:08.283+0000] {dag.py:4180} INFO - Setting next_dagrun for dss150p_sales_pipeline to 2026-09-21 02:00:00+00:00, run_after=2026-09-22 02:00:00+00:00
[2026-09-21T13:03:08.294+0000] {processor.py:208} INFO - Processing /opt/airflow/dags/dss150p_pipeline.py took 0.076 seconds
[2026-09-21T13:03:38.367+0000] {processor.py:186} INFO - Started process (PID=647) to work on /opt/airflow/dags/dss150p_pipeline.py
[2026-09-21T13:03:38.368+0000] {processor.py:914} INFO - Processing file /opt/airflow/dags/dss150p_pipeline.py for tasks to queue
[2026-09-21T13:03:38.369+0000] {logging_mixin.py:190} INFO - [2026-09-21T13:03:38.369+0000] {dagbag.py:588} INFO - Filling up the DagBag from /opt/airflow/dags/dss150p_pipeline.py
[2026-09-21T13:03:38.386+0000] {processor.py:925} INFO - DAG(s) 'dss150p_sales_pipeline' retrieved from /opt/airflow/dags/dss150p_pipeline.py
[2026-09-21T13:03:38.414+0000] {logging_mixin.py:190} INFO - [2026-09-21T13:03:38.414+0000] {dag.py:3239} INFO - Sync 1 DAGs
[2026-09-21T13:03:38.427+0000] {logging_mixin.py:190} INFO - [2026-09-21T13:03:38.427+0000] {dag.py:4180} INFO - Setting next_dagrun for dss150p_sales_pipeline to 2026-09-21 02:00:00+00:00, run_after=2026-09-22 02:00:00+00:00
[2026-09-21T13:03:38.438+0000] {processor.py:208} INFO - Processing /opt/airflow/dags/dss150p_pipeline.py took 0.075 seconds
[2026-09-21T13:04:08.548+0000] {processor.py:186} INFO - Started process (PID=652) to work on /opt/airflow/dags/dss150p_pipeline.py
[2026-09-21T13:04:08.549+0000] {processor.py:914} INFO - Processing file /opt/airflow/dags/dss150p_pipeline.py for tasks to queue
[2026-09-21T13:04:08.551+0000] {logging_mixin.py:190} INFO - [2026-09-21T13:04:08.551+0000] {dagbag.py:588} INFO - Filling up the DagBag from /opt/airflow/dags/dss150p_pipeline.py
[2026-09-21T13:04:08.568+0000] {processor.py:925} INFO - DAG(s) 'dss150p_sales_pipeline' retrieved from /opt/airflow/dags/dss150p_pipeline.py
[2026-09-21T13:04:08.599+0000] {logging_mixin.py:190} INFO - [2026-09-21T13:04:08.599+0000] {dag.py:3239} INFO - Sync 1 DAGs
[2026-09-21T13:04:08.612+0000] {logging_mixin.py:190} INFO - [2026-09-21T13:04:08.612+0000] {dag.py:4180} INFO - Setting next_dagrun for dss150p_sales_pipeline to 2026-09-21 02:00:00+00:00, run_after=2026-09-22 02:00:00+00:00
[2026-09-21T13:04:08.623+0000] {processor.py:208} INFO - Processing /opt/airflow/dags/dss150p_pipeline.py took 0.080 seconds
[2026-09-21T13:04:38.694+0000] {processor.py:186} INFO - Started process (PID=657) to work on /opt/airflow/dags/dss150p_pipeline.py
[2026-09-21T13:04:38.694+0000] {processor.py:914} INFO - Processing file /opt/airflow/dags/dss150p_pipeline.py for tasks to queue
[2026-09-21T13:04:38.696+0000] {logging_mixin.py:190} INFO - [2026-09-21T13:04:38.696+0000] {dagbag.py:588} INFO - Filling up the DagBag from /opt/airflow/dags/dss150p_pipeline.py
[2026-09-21T13:04:38.712+0000] {processor.py:925} INFO - DAG(s) 'dss150p_sales_pipeline' retrieved from /opt/airflow/dags/dss150p_pipeline.py
[2026-09-21T13:04:38.741+0000] {logging_mixin.py:190} INFO - [2026-09-21T13:04:38.741+0000] {dag.py:3239} INFO - Sync 1 DAGs
[2026-09-21T13:04:38.753+0000] {logging_mixin.py:190} INFO - [2026-09-21T13:04:38.753+0000] {dag.py:4180} INFO - Setting next_dagrun for dss150p_sales_pipeline to 2026-09-21 02:00:00+00:00, run_after=2026-09-22 02:00:00+00:00
[2026-09-21T13:04:38.763+0000] {processor.py:208} INFO - Processing /opt/airflow/dags/dss150p_pipeline.py took 0.074 seconds
[2026-09-21T13:05:08.875+0000] {processor.py:186} INFO - Started process (PID=662) to work on /opt/airflow/dags/dss150p_pipeline.py
[2026-09-21T13:05:08.876+0000] {processor.py:914} INFO - Processing file /opt/airflow/dags/dss150p_pipeline.py for tasks to queue
[2026-09-21T13:05:08.878+0000] {logging_mixin.py:190} INFO - [2026-09-21T13:05:08.878+0000] {dagbag.py:588} INFO - Filling up the DagBag from /opt/airflow/dags/dss150p_pipeline.py
[2026-09-21T13:05:08.894+0000] {processor.py:925} INFO - DAG(s) 'dss150p_sales_pipeline' retrieved from /opt/airflow/dags/dss150p_pipeline.py
[2026-09-21T13:05:08.923+0000] {logging_mixin.py:190} INFO - [2026-09-21T13:05:08.923+0000] {dag.py:3239} INFO - Sync 1 DAGs
[2026-09-21T13:05:08.935+0000] {logging_mixin.py:190} INFO - [2026-09-21T13:05:08.935+0000] {dag.py:4180} INFO - Setting next_dagrun for dss150p_sales_pipeline to 2026-09-21 02:00:00+00:00, run_after=2026-09-22 02:00:00+00:00
[2026-09-21T13:05:08.946+0000] {processor.py:208} INFO - Processing /opt/airflow/dags/dss150p_pipeline.py took 0.074 seconds
[2026-09-21T13:05:39.019+0000] {processor.py:186} INFO - Started process (PID=667) to work on /opt/airflow/dags/dss150p_pipeline.py
[2026-09-21T13:05:39.020+0000] {processor.py:914} INFO - Processing file /opt/airflow/dags/dss150p_pipeline.py for tasks to queue
[2026-09-21T13:05:39.022+0000] {logging_mixin.py:190} INFO - [2026-09-21T13:05:39.022+0000] {dagbag.py:588} INFO - Filling up the DagBag from /opt/airflow/dags/dss150p_pipeline.py
[2026-09-21T13:05:39.037+0000] {processor.py:925} INFO - DAG(s) 'dss150p_sales_pipeline' retrieved from /opt/airflow/dags/dss150p_pipeline.py
[2026-09-21T13:05:39.066+0000] {logging_mixin.py:190} INFO - [2026-09-21T13:05:39.065+0000] {dag.py:3239} INFO - Sync 1 DAGs
[2026-09-21T13:05:39.078+0000] {logging_mixin.py:190} INFO - [2026-09-21T13:05:39.077+0000] {dag.py:4180} INFO - Setting next_dagrun for dss150p_sales_pipeline to 2026-09-21 02:00:00+00:00, run_after=2026-09-22 02:00:00+00:00
[2026-09-21T13:05:39.097+0000] {processor.py:208} INFO - Processing /opt/airflow/dags/dss150p_pipeline.py took 0.081 seconds
[2026-09-21T13:06:09.194+0000] {processor.py:186} INFO - Started process (PID=672) to work on /opt/airflow/dags/dss150p_pipeline.py
[2026-09-21T13:06:09.195+0000] {processor.py:914} INFO - Processing file /opt/airflow/dags/dss150p_pipeline.py for tasks to queue
[2026-09-21T13:06:09.197+0000] {logging_mixin.py:190} INFO - [2026-09-21T13:06:09.196+0000] {dagbag.py:588} INFO - Filling up the DagBag from /opt/airflow/dags/dss150p_pipeline.py
[2026-09-21T13:06:09.213+0000] {processor.py:925} INFO - DAG(s) 'dss150p_sales_pipeline' retrieved from /opt/airflow/dags/dss150p_pipeline.py
[2026-09-21T13:06:09.240+0000] {logging_mixin.py:190} INFO - [2026-09-21T13:06:09.240+0000] {dag.py:3239} INFO - Sync 1 DAGs
[2026-09-21T13:06:09.252+0000] {logging_mixin.py:190} INFO - [2026-09-21T13:06:09.252+0000] {dag.py:4180} INFO - Setting next_dagrun for dss150p_sales_pipeline to 2026-09-21 02:00:00+00:00, run_after=2026-09-22 02:00:00+00:00
[2026-09-21T13:06:09.272+0000] {processor.py:208} INFO - Processing /opt/airflow/dags/dss150p_pipeline.py took 0.082 seconds
[2026-09-21T13:06:39.347+0000] {processor.py:186} INFO - Started process (PID=677) to work on /opt/airflow/dags/dss150p_pipeline.py
[2026-09-21T13:06:39.348+0000] {processor.py:914} INFO - Processing file /opt/airflow/dags/dss150p_pipeline.py for tasks to queue
[2026-09-21T13:06:39.349+0000] {logging_mixin.py:190} INFO - [2026-09-21T13:06:39.349+0000] {dagbag.py:588} INFO - Filling up the DagBag from /opt/airflow/dags/dss150p_pipeline.py
[2026-09-21T13:06:39.368+0000] {processor.py:925} INFO - DAG(s) 'dss150p_sales_pipeline' retrieved from /opt/airflow/dags/dss150p_pipeline.py
[2026-09-21T13:06:39.399+0000] {logging_mixin.py:190} INFO - [2026-09-21T13:06:39.399+0000] {dag.py:3239} INFO - Sync 1 DAGs
[2026-09-21T13:06:39.413+0000] {logging_mixin.py:190} INFO - [2026-09-21T13:06:39.413+0000] {dag.py:4180} INFO - Setting next_dagrun for dss150p_sales_pipeline to 2026-09-21 02:00:00+00:00, run_after=2026-09-22 02:00:00+00:00
[2026-09-21T13:06:39.424+0000] {processor.py:208} INFO - Processing /opt/airflow/dags/dss150p_pipeline.py took 0.082 seconds
[2026-09-21T13:07:09.543+0000] {processor.py:186} INFO - Started process (PID=682) to work on /opt/airflow/dags/dss150p_pipeline.py
[2026-09-21T13:07:09.543+0000] {processor.py:914} INFO - Processing file /opt/airflow/dags/dss150p_pipeline.py for tasks to queue
[2026-09-21T13:07:09.545+0000] {logging_mixin.py:190} INFO - [2026-09-21T13:07:09.545+0000] {dagbag.py:588} INFO - Filling up the DagBag from /opt/airflow/dags/dss150p_pipeline.py
[2026-09-21T13:07:09.560+0000] {processor.py:925} INFO - DAG(s) 'dss150p_sales_pipeline' retrieved from /opt/airflow/dags/dss150p_pipeline.py
[2026-09-21T13:07:09.588+0000] {logging_mixin.py:190} INFO - [2026-09-21T13:07:09.588+0000] {dag.py:3239} INFO - Sync 1 DAGs
[2026-09-21T13:07:09.600+0000] {logging_mixin.py:190} INFO - [2026-09-21T13:07:09.600+0000] {dag.py:4180} INFO - Setting next_dagrun for dss150p_sales_pipeline to 2026-09-21 02:00:00+00:00, run_after=2026-09-22 02:00:00+00:00
[2026-09-21T13:07:09.611+0000] {processor.py:208} INFO - Processing /opt/airflow/dags/dss150p_pipeline.py took 0.072 seconds
[2026-09-21T13:07:39.692+0000] {processor.py:186} INFO - Started process (PID=687) to work on /opt/airflow/dags/dss150p_pipeline.py
[2026-09-21T13:07:39.693+0000] {processor.py:914} INFO - Processing file /opt/airflow/dags/dss150p_pipeline.py for tasks to queue
[2026-09-21T13:07:39.694+0000] {logging_mixin.py:190} INFO - [2026-09-21T13:07:39.694+0000] {dagbag.py:588} INFO - Filling up the DagBag from /opt/airflow/dags/dss150p_pipeline.py
[2026-09-21T13:07:39.710+0000] {processor.py:925} INFO - DAG(s) 'dss150p_sales_pipeline' retrieved from /opt/airflow/dags/dss150p_pipeline.py
[2026-09-21T13:07:39.742+0000] {logging_mixin.py:190} INFO - [2026-09-21T13:07:39.742+0000] {dag.py:3239} INFO - Sync 1 DAGs
[2026-09-21T13:07:39.756+0000] {logging_mixin.py:190} INFO - [2026-09-21T13:07:39.755+0000] {dag.py:4180} INFO - Setting next_dagrun for dss150p_sales_pipeline to 2026-09-21 02:00:00+00:00, run_after=2026-09-22 02:00:00+00:00
[2026-09-21T13:07:39.766+0000] {processor.py:208} INFO - Processing /opt/airflow/dags/dss150p_pipeline.py took 0.079 seconds
[2026-09-21T13:08:09.873+0000] {processor.py:186} INFO - Started process (PID=692) to work on /opt/airflow/dags/dss150p_pipeline.py
[2026-09-21T13:08:09.874+0000] {processor.py:914} INFO - Processing file /opt/airflow/dags/dss150p_pipeline.py for tasks to queue
[2026-09-21T13:08:09.875+0000] {logging_mixin.py:190} INFO - [2026-09-21T13:08:09.875+0000] {dagbag.py:588} INFO - Filling up the DagBag from /opt/airflow/dags/dss150p_pipeline.py
[2026-09-21T13:08:09.891+0000] {processor.py:925} INFO - DAG(s) 'dss150p_sales_pipeline' retrieved from /opt/airflow/dags/dss150p_pipeline.py
[2026-09-21T13:08:09.918+0000] {logging_mixin.py:190} INFO - [2026-09-21T13:08:09.918+0000] {dag.py:3239} INFO - Sync 1 DAGs
[2026-09-21T13:08:09.932+0000] {logging_mixin.py:190} INFO - [2026-09-21T13:08:09.932+0000] {dag.py:4180} INFO - Setting next_dagrun for dss150p_sales_pipeline to 2026-09-21 02:00:00+00:00, run_after=2026-09-22 02:00:00+00:00
[2026-09-21T13:08:09.943+0000] {processor.py:208} INFO - Processing /opt/airflow/dags/dss150p_pipeline.py took 0.075 seconds
[2026-09-21T13:08:40.018+0000] {processor.py:186} INFO - Started process (PID=697) to work on /opt/airflow/dags/dss150p_pipeline.py
[2026-09-21T13:08:40.019+0000] {processor.py:914} INFO - Processing file /opt/airflow/dags/dss150p_pipeline.py for tasks to queue
[2026-09-21T13:08:40.021+0000] {logging_mixin.py:190} INFO - [2026-09-21T13:08:40.021+0000] {dagbag.py:588} INFO - Filling up the DagBag from /opt/airflow/dags/dss150p_pipeline.py
[2026-09-21T13:08:40.036+0000] {processor.py:925} INFO - DAG(s) 'dss150p_sales_pipeline' retrieved from /opt/airflow/dags/dss150p_pipeline.py
[2026-09-21T13:08:40.065+0000] {logging_mixin.py:190} INFO - [2026-09-21T13:08:40.065+0000] {dag.py:3239} INFO - Sync 1 DAGs
[2026-09-21T13:08:40.076+0000] {logging_mixin.py:190} INFO - [2026-09-21T13:08:40.076+0000] {dag.py:4180} INFO - Setting next_dagrun for dss150p_sales_pipeline to 2026-09-21 02:00:00+00:00, run_after=2026-09-22 02:00:00+00:00
[2026-09-21T13:08:40.096+0000] {processor.py:208} INFO - Processing /opt/airflow/dags/dss150p_pipeline.py took 0.081 seconds
[2026-09-21T13:09:10.195+0000] {processor.py:186} INFO - Started process (PID=702) to work on /opt/airflow/dags/dss150p_pipeline.py
[2026-09-21T13:09:10.196+0000] {processor.py:914} INFO - Processing file /opt/airflow/dags/dss150p_pipeline.py for tasks to queue
[2026-09-21T13:09:10.198+0000] {logging_mixin.py:190} INFO - [2026-09-21T13:09:10.198+0000] {dagbag.py:588} INFO - Filling up the DagBag from /opt/airflow/dags/dss150p_pipeline.py
[2026-09-21T13:09:10.213+0000] {processor.py:925} INFO - DAG(s) 'dss150p_sales_pipeline' retrieved from /opt/airflow/dags/dss150p_pipeline.py
[2026-09-21T13:09:10.242+0000] {logging_mixin.py:190} INFO - [2026-09-21T13:09:10.241+0000] {dag.py:3239} INFO - Sync 1 DAGs
[2026-09-21T13:09:10.255+0000] {logging_mixin.py:190} INFO - [2026-09-21T13:09:10.254+0000] {dag.py:4180} INFO - Setting next_dagrun for dss150p_sales_pipeline to 2026-09-21 02:00:00+00:00, run_after=2026-09-22 02:00:00+00:00
[2026-09-21T13:09:10.265+0000] {processor.py:208} INFO - Processing /opt/airflow/dags/dss150p_pipeline.py took 0.074 seconds
[2026-09-21T13:09:40.343+0000] {processor.py:186} INFO - Started process (PID=707) to work on /opt/airflow/dags/dss150p_pipeline.py
[2026-09-21T13:09:40.344+0000] {processor.py:914} INFO - Processing file /opt/airflow/dags/dss150p_pipeline.py for tasks to queue
[2026-09-21T13:09:40.345+0000] {logging_mixin.py:190} INFO - [2026-09-21T13:09:40.345+0000] {dagbag.py:588} INFO - Filling up the DagBag from /opt/airflow/dags/dss150p_pipeline.py
[2026-09-21T13:09:40.361+0000] {processor.py:925} INFO - DAG(s) 'dss150p_sales_pipeline' retrieved from /opt/airflow/dags/dss150p_pipeline.py
[2026-09-21T13:09:40.390+0000] {logging_mixin.py:190} INFO - [2026-09-21T13:09:40.390+0000] {dag.py:3239} INFO - Sync 1 DAGs
[2026-09-21T13:09:40.403+0000] {logging_mixin.py:190} INFO - [2026-09-21T13:09:40.402+0000] {dag.py:4180} INFO - Setting next_dagrun for dss150p_sales_pipeline to 2026-09-21 02:00:00+00:00, run_after=2026-09-22 02:00:00+00:00
[2026-09-21T13:09:40.422+0000] {processor.py:208} INFO - Processing /opt/airflow/dags/dss150p_pipeline.py took 0.083 seconds
[2026-09-21T13:10:10.517+0000] {processor.py:186} INFO - Started process (PID=712) to work on /opt/airflow/dags/dss150p_pipeline.py
[2026-09-21T13:10:10.518+0000] {processor.py:914} INFO - Processing file /opt/airflow/dags/dss150p_pipeline.py for tasks to queue
[2026-09-21T13:10:10.520+0000] {logging_mixin.py:190} INFO - [2026-09-21T13:10:10.519+0000] {dagbag.py:588} INFO - Filling up the DagBag from /opt/airflow/dags/dss150p_pipeline.py
[2026-09-21T13:10:10.536+0000] {processor.py:925} INFO - DAG(s) 'dss150p_sales_pipeline' retrieved from /opt/airflow/dags/dss150p_pipeline.py
[2026-09-21T13:10:10.565+0000] {logging_mixin.py:190} INFO - [2026-09-21T13:10:10.564+0000] {dag.py:3239} INFO - Sync 1 DAGs
[2026-09-21T13:10:10.577+0000] {logging_mixin.py:190} INFO - [2026-09-21T13:10:10.577+0000] {dag.py:4180} INFO - Setting next_dagrun for dss150p_sales_pipeline to 2026-09-21 02:00:00+00:00, run_after=2026-09-22 02:00:00+00:00
[2026-09-21T13:10:10.587+0000] {processor.py:208} INFO - Processing /opt/airflow/dags/dss150p_pipeline.py took 0.074 seconds
[2026-09-21T13:10:40.675+0000] {processor.py:186} INFO - Started process (PID=717) to work on /opt/airflow/dags/dss150p_pipeline.py
[2026-09-21T13:10:40.676+0000] {processor.py:914} INFO - Processing file /opt/airflow/dags/dss150p_pipeline.py for tasks to queue
[2026-09-21T13:10:40.678+0000] {logging_mixin.py:190} INFO - [2026-09-21T13:10:40.677+0000] {dagbag.py:588} INFO - Filling up the DagBag from /opt/airflow/dags/dss150p_pipeline.py
[2026-09-21T13:10:40.694+0000] {processor.py:925} INFO - DAG(s) 'dss150p_sales_pipeline' retrieved from /opt/airflow/dags/dss150p_pipeline.py
[2026-09-21T13:10:40.722+0000] {logging_mixin.py:190} INFO - [2026-09-21T13:10:40.722+0000] {dag.py:3239} INFO - Sync 1 DAGs
[2026-09-21T13:10:40.736+0000] {logging_mixin.py:190} INFO - [2026-09-21T13:10:40.736+0000] {dag.py:4180} INFO - Setting next_dagrun for dss150p_sales_pipeline to 2026-09-21 02:00:00+00:00, run_after=2026-09-22 02:00:00+00:00
[2026-09-21T13:10:40.747+0000] {processor.py:208} INFO - Processing /opt/airflow/dags/dss150p_pipeline.py took 0.075 seconds
[2026-09-21T13:11:10.846+0000] {processor.py:186} INFO - Started process (PID=722) to work on /opt/airflow/dags/dss150p_pipeline.py
[2026-09-21T13:11:10.847+0000] {processor.py:914} INFO - Processing file /opt/airflow/dags/dss150p_pipeline.py for tasks to queue
[2026-09-21T13:11:10.849+0000] {logging_mixin.py:190} INFO - [2026-09-21T13:11:10.848+0000] {dagbag.py:588} INFO - Filling up the DagBag from /opt/airflow/dags/dss150p_pipeline.py
[2026-09-21T13:11:10.864+0000] {processor.py:925} INFO - DAG(s) 'dss150p_sales_pipeline' retrieved from /opt/airflow/dags/dss150p_pipeline.py
[2026-09-21T13:11:10.892+0000] {logging_mixin.py:190} INFO - [2026-09-21T13:11:10.892+0000] {dag.py:3239} INFO - Sync 1 DAGs
[2026-09-21T13:11:10.904+0000] {logging_mixin.py:190} INFO - [2026-09-21T13:11:10.904+0000] {dag.py:4180} INFO - Setting next_dagrun for dss150p_sales_pipeline to 2026-09-21 02:00:00+00:00, run_after=2026-09-22 02:00:00+00:00
[2026-09-21T13:11:10.914+0000] {processor.py:208} INFO - Processing /opt/airflow/dags/dss150p_pipeline.py took 0.073 seconds
[2026-09-21T13:11:41.007+0000] {processor.py:186} INFO - Started process (PID=727) to work on /opt/airflow/dags/dss150p_pipeline.py
[2026-09-21T13:11:41.008+0000] {processor.py:914} INFO - Processing file /opt/airflow/dags/dss150p_pipeline.py for tasks to queue
[2026-09-21T13:11:41.010+0000] {logging_mixin.py:190} INFO - [2026-09-21T13:11:41.009+0000] {dagbag.py:588} INFO - Filling up the DagBag from /opt/airflow/dags/dss150p_pipeline.py
[2026-09-21T13:11:41.026+0000] {processor.py:925} INFO - DAG(s) 'dss150p_sales_pipeline' retrieved from /opt/airflow/dags/dss150p_pipeline.py
[2026-09-21T13:11:41.053+0000] {logging_mixin.py:190} INFO - [2026-09-21T13:11:41.053+0000] {dag.py:3239} INFO - Sync 1 DAGs
[2026-09-21T13:11:41.065+0000] {logging_mixin.py:190} INFO - [2026-09-21T13:11:41.065+0000] {dag.py:4180} INFO - Setting next_dagrun for dss150p_sales_pipeline to 2026-09-21 02:00:00+00:00, run_after=2026-09-22 02:00:00+00:00
[2026-09-21T13:11:41.075+0000] {processor.py:208} INFO - Processing /opt/airflow/dags/dss150p_pipeline.py took 0.072 seconds
[2026-09-21T13:12:11.198+0000] {processor.py:186} INFO - Started process (PID=732) to work on /opt/airflow/dags/dss150p_pipeline.py
[2026-09-21T13:12:11.199+0000] {processor.py:914} INFO - Processing file /opt/airflow/dags/dss150p_pipeline.py for tasks to queue
[2026-09-21T13:12:11.201+0000] {logging_mixin.py:190} INFO - [2026-09-21T13:12:11.201+0000] {dagbag.py:588} INFO - Filling up the DagBag from /opt/airflow/dags/dss150p_pipeline.py
[2026-09-21T13:12:11.217+0000] {processor.py:925} INFO - DAG(s) 'dss150p_sales_pipeline' retrieved from /opt/airflow/dags/dss150p_pipeline.py
[2026-09-21T13:12:11.248+0000] {logging_mixin.py:190} INFO - [2026-09-21T13:12:11.247+0000] {dag.py:3239} INFO - Sync 1 DAGs
[2026-09-21T13:12:11.261+0000] {logging_mixin.py:190} INFO - [2026-09-21T13:12:11.261+0000] {dag.py:4180} INFO - Setting next_dagrun for dss150p_sales_pipeline to 2026-09-21 02:00:00+00:00, run_after=2026-09-22 02:00:00+00:00
[2026-09-21T13:12:11.272+0000] {processor.py:208} INFO - Processing /opt/airflow/dags/dss150p_pipeline.py took 0.078 seconds
[2026-09-21T13:12:41.353+0000] {processor.py:186} INFO - Started process (PID=737) to work on /opt/airflow/dags/dss150p_pipeline.py
[2026-09-21T13:12:41.353+0000] {processor.py:914} INFO - Processing file /opt/airflow/dags/dss150p_pipeline.py for tasks to queue
[2026-09-21T13:12:41.355+0000] {logging_mixin.py:190} INFO - [2026-09-21T13:12:41.355+0000] {dagbag.py:588} INFO - Filling up the DagBag from /opt/airflow/dags/dss150p_pipeline.py
[2026-09-21T13:12:41.373+0000] {processor.py:925} INFO - DAG(s) 'dss150p_sales_pipeline' retrieved from /opt/airflow/dags/dss150p_pipeline.py
[2026-09-21T13:12:41.404+0000] {logging_mixin.py:190} INFO - [2026-09-21T13:12:41.404+0000] {dag.py:3239} INFO - Sync 1 DAGs
[2026-09-21T13:12:41.416+0000] {logging_mixin.py:190} INFO - [2026-09-21T13:12:41.416+0000] {dag.py:4180} INFO - Setting next_dagrun for dss150p_sales_pipeline to 2026-09-21 02:00:00+00:00, run_after=2026-09-22 02:00:00+00:00
[2026-09-21T13:12:41.427+0000] {processor.py:208} INFO - Processing /opt/airflow/dags/dss150p_pipeline.py took 0.079 seconds
[2026-09-21T13:13:11.548+0000] {processor.py:186} INFO - Started process (PID=742) to work on /opt/airflow/dags/dss150p_pipeline.py
[2026-09-21T13:13:11.549+0000] {processor.py:914} INFO - Processing file /opt/airflow/dags/dss150p_pipeline.py for tasks to queue
[2026-09-21T13:13:11.551+0000] {logging_mixin.py:190} INFO - [2026-09-21T13:13:11.550+0000] {dagbag.py:588} INFO - Filling up the DagBag from /opt/airflow/dags/dss150p_pipeline.py
[2026-09-21T13:13:11.566+0000] {processor.py:925} INFO - DAG(s) 'dss150p_sales_pipeline' retrieved from /opt/airflow/dags/dss150p_pipeline.py
[2026-09-21T13:13:11.595+0000] {logging_mixin.py:190} INFO - [2026-09-21T13:13:11.595+0000] {dag.py:3239} INFO - Sync 1 DAGs
[2026-09-21T13:13:11.606+0000] {logging_mixin.py:190} INFO - [2026-09-21T13:13:11.606+0000] {dag.py:4180} INFO - Setting next_dagrun for dss150p_sales_pipeline to 2026-09-21 02:00:00+00:00, run_after=2026-09-22 02:00:00+00:00
[2026-09-21T13:13:11.616+0000] {processor.py:208} INFO - Processing /opt/airflow/dags/dss150p_pipeline.py took 0.072 seconds
[2026-09-21T13:13:41.711+0000] {processor.py:186} INFO - Started process (PID=747) to work on /opt/airflow/dags/dss150p_pipeline.py
[2026-09-21T13:13:41.711+0000] {processor.py:914} INFO - Processing file /opt/airflow/dags/dss150p_pipeline.py for tasks to queue
[2026-09-21T13:13:41.713+0000] {logging_mixin.py:190} INFO - [2026-09-21T13:13:41.713+0000] {dagbag.py:588} INFO - Filling up the DagBag from /opt/airflow/dags/dss150p_pipeline.py
[2026-09-21T13:13:41.729+0000] {processor.py:925} INFO - DAG(s) 'dss150p_sales_pipeline' retrieved from /opt/airflow/dags/dss150p_pipeline.py
[2026-09-21T13:13:41.760+0000] {logging_mixin.py:190} INFO - [2026-09-21T13:13:41.760+0000] {dag.py:3239} INFO - Sync 1 DAGs
[2026-09-21T13:13:41.774+0000] {logging_mixin.py:190} INFO - [2026-09-21T13:13:41.773+0000] {dag.py:4180} INFO - Setting next_dagrun for dss150p_sales_pipeline to 2026-09-21 02:00:00+00:00, run_after=2026-09-22 02:00:00+00:00
[2026-09-21T13:13:41.784+0000] {processor.py:208} INFO - Processing /opt/airflow/dags/dss150p_pipeline.py took 0.078 seconds
[2026-09-21T13:14:11.898+0000] {processor.py:186} INFO - Started process (PID=752) to work on /opt/airflow/dags/dss150p_pipeline.py
[2026-09-21T13:14:11.899+0000] {processor.py:914} INFO - Processing file /opt/airflow/dags/dss150p_pipeline.py for tasks to queue
[2026-09-21T13:14:11.901+0000] {logging_mixin.py:190} INFO - [2026-09-21T13:14:11.901+0000] {dagbag.py:588} INFO - Filling up the DagBag from /opt/airflow/dags/dss150p_pipeline.py
[2026-09-21T13:14:11.917+0000] {processor.py:925} INFO - DAG(s) 'dss150p_sales_pipeline' retrieved from /opt/airflow/dags/dss150p_pipeline.py
[2026-09-21T13:14:11.947+0000] {logging_mixin.py:190} INFO - [2026-09-21T13:14:11.947+0000] {dag.py:3239} INFO - Sync 1 DAGs
[2026-09-21T13:14:11.960+0000] {logging_mixin.py:190} INFO - [2026-09-21T13:14:11.960+0000] {dag.py:4180} INFO - Setting next_dagrun for dss150p_sales_pipeline to 2026-09-21 02:00:00+00:00, run_after=2026-09-22 02:00:00+00:00
[2026-09-21T13:14:11.970+0000] {processor.py:208} INFO - Processing /opt/airflow/dags/dss150p_pipeline.py took 0.077 seconds
[2026-09-21T13:14:42.069+0000] {processor.py:186} INFO - Started process (PID=914) to work on /opt/airflow/dags/dss150p_pipeline.py
[2026-09-21T13:14:42.069+0000] {processor.py:914} INFO - Processing file /opt/airflow/dags/dss150p_pipeline.py for tasks to queue
[2026-09-21T13:14:42.071+0000] {logging_mixin.py:190} INFO - [2026-09-21T13:14:42.071+0000] {dagbag.py:588} INFO - Filling up the DagBag from /opt/airflow/dags/dss150p_pipeline.py
[2026-09-21T13:14:42.087+0000] {processor.py:925} INFO - DAG(s) 'dss150p_sales_pipeline' retrieved from /opt/airflow/dags/dss150p_pipeline.py
[2026-09-21T13:14:42.115+0000] {logging_mixin.py:190} INFO - [2026-09-21T13:14:42.115+0000] {dag.py:3239} INFO - Sync 1 DAGs
[2026-09-21T13:14:42.128+0000] {logging_mixin.py:190} INFO - [2026-09-21T13:14:42.128+0000] {dag.py:4180} INFO - Setting next_dagrun for dss150p_sales_pipeline to 2026-09-21 02:00:00+00:00, run_after=2026-09-22 02:00:00+00:00
[2026-09-21T13:14:42.139+0000] {processor.py:208} INFO - Processing /opt/airflow/dags/dss150p_pipeline.py took 0.074 seconds
[2026-09-21T13:15:12.241+0000] {processor.py:186} INFO - Started process (PID=919) to work on /opt/airflow/dags/dss150p_pipeline.py
[2026-09-21T13:15:12.242+0000] {processor.py:914} INFO - Processing file /opt/airflow/dags/dss150p_pipeline.py for tasks to queue
[2026-09-21T13:15:12.243+0000] {logging_mixin.py:190} INFO - [2026-09-21T13:15:12.243+0000] {dagbag.py:588} INFO - Filling up the DagBag from /opt/airflow/dags/dss150p_pipeline.py
[2026-09-21T13:15:12.258+0000] {processor.py:925} INFO - DAG(s) 'dss150p_sales_pipeline' retrieved from /opt/airflow/dags/dss150p_pipeline.py
[2026-09-21T13:15:12.288+0000] {logging_mixin.py:190} INFO - [2026-09-21T13:15:12.288+0000] {dag.py:3239} INFO - Sync 1 DAGs
[2026-09-21T13:15:12.302+0000] {logging_mixin.py:190} INFO - [2026-09-21T13:15:12.302+0000] {dag.py:4180} INFO - Setting next_dagrun for dss150p_sales_pipeline to 2026-09-21 02:00:00+00:00, run_after=2026-09-22 02:00:00+00:00
[2026-09-21T13:15:12.312+0000] {processor.py:208} INFO - Processing /opt/airflow/dags/dss150p_pipeline.py took 0.076 seconds
[2026-09-21T13:15:42.414+0000] {processor.py:186} INFO - Started process (PID=924) to work on /opt/airflow/dags/dss150p_pipeline.py
[2026-09-21T13:15:42.415+0000] {processor.py:914} INFO - Processing file /opt/airflow/dags/dss150p_pipeline.py for tasks to queue
[2026-09-21T13:15:42.417+0000] {logging_mixin.py:190} INFO - [2026-09-21T13:15:42.417+0000] {dagbag.py:588} INFO - Filling up the DagBag from /opt/airflow/dags/dss150p_pipeline.py
[2026-09-21T13:15:42.437+0000] {processor.py:925} INFO - DAG(s) 'dss150p_sales_pipeline' retrieved from /opt/airflow/dags/dss150p_pipeline.py
[2026-09-21T13:15:42.472+0000] {logging_mixin.py:190} INFO - [2026-09-21T13:15:42.472+0000] {dag.py:3239} INFO - Sync 1 DAGs
[2026-09-21T13:15:42.486+0000] {logging_mixin.py:190} INFO - [2026-09-21T13:15:42.485+0000] {dag.py:4180} INFO - Setting next_dagrun for dss150p_sales_pipeline to 2026-09-21 02:00:00+00:00, run_after=2026-09-22 02:00:00+00:00
[2026-09-21T13:15:42.496+0000] {processor.py:208} INFO - Processing /opt/airflow/dags/dss150p_pipeline.py took 0.087 seconds
[2026-09-21T13:16:12.578+0000] {processor.py:186} INFO - Started process (PID=929) to work on /opt/airflow/dags/dss150p_pipeline.py
[2026-09-21T13:16:12.579+0000] {processor.py:914} INFO - Processing file /opt/airflow/dags/dss150p_pipeline.py for tasks to queue
[2026-09-21T13:16:12.581+0000] {logging_mixin.py:190} INFO - [2026-09-21T13:16:12.580+0000] {dagbag.py:588} INFO - Filling up the DagBag from /opt/airflow/dags/dss150p_pipeline.py
[2026-09-21T13:16:12.596+0000] {processor.py:925} INFO - DAG(s) 'dss150p_sales_pipeline' retrieved from /opt/airflow/dags/dss150p_pipeline.py
[2026-09-21T13:16:12.626+0000] {logging_mixin.py:190} INFO - [2026-09-21T13:16:12.626+0000] {dag.py:3239} INFO - Sync 1 DAGs
[2026-09-21T13:16:12.639+0000] {logging_mixin.py:190} INFO - [2026-09-21T13:16:12.639+0000] {dag.py:4180} INFO - Setting next_dagrun for dss150p_sales_pipeline to 2026-09-21 02:00:00+00:00, run_after=2026-09-22 02:00:00+00:00
[2026-09-21T13:16:12.651+0000] {processor.py:208} INFO - Processing /opt/airflow/dags/dss150p_pipeline.py took 0.077 seconds
[2026-09-21T13:16:42.760+0000] {processor.py:186} INFO - Started process (PID=934) to work on /opt/airflow/dags/dss150p_pipeline.py
[2026-09-21T13:16:42.761+0000] {processor.py:914} INFO - Processing file /opt/airflow/dags/dss150p_pipeline.py for tasks to queue
[2026-09-21T13:16:42.763+0000] {logging_mixin.py:190} INFO - [2026-09-21T13:16:42.763+0000] {dagbag.py:588} INFO - Filling up the DagBag from /opt/airflow/dags/dss150p_pipeline.py
[2026-09-21T13:16:42.779+0000] {processor.py:925} INFO - DAG(s) 'dss150p_sales_pipeline' retrieved from /opt/airflow/dags/dss150p_pipeline.py
[2026-09-21T13:16:42.808+0000] {logging_mixin.py:190} INFO - [2026-09-21T13:16:42.807+0000] {dag.py:3239} INFO - Sync 1 DAGs
[2026-09-21T13:16:42.820+0000] {logging_mixin.py:190} INFO - [2026-09-21T13:16:42.820+0000] {dag.py:4180} INFO - Setting next_dagrun for dss150p_sales_pipeline to 2026-09-21 02:00:00+00:00, run_after=2026-09-22 02:00:00+00:00
[2026-09-21T13:16:42.830+0000] {processor.py:208} INFO - Processing /opt/airflow/dags/dss150p_pipeline.py took 0.075 seconds
[2026-09-21T13:17:12.945+0000] {processor.py:186} INFO - Started process (PID=939) to work on /opt/airflow/dags/dss150p_pipeline.py
[2026-09-21T13:17:12.946+0000] {processor.py:914} INFO - Processing file /opt/airflow/dags/dss150p_pipeline.py for tasks to queue
[2026-09-21T13:17:12.948+0000] {logging_mixin.py:190} INFO - [2026-09-21T13:17:12.948+0000] {dagbag.py:588} INFO - Filling up the DagBag from /opt/airflow/dags/dss150p_pipeline.py
[2026-09-21T13:17:12.964+0000] {processor.py:925} INFO - DAG(s) 'dss150p_sales_pipeline' retrieved from /opt/airflow/dags/dss150p_pipeline.py
[2026-09-21T13:17:12.995+0000] {logging_mixin.py:190} INFO - [2026-09-21T13:17:12.995+0000] {dag.py:3239} INFO - Sync 1 DAGs
[2026-09-21T13:17:13.009+0000] {logging_mixin.py:190} INFO - [2026-09-21T13:17:13.009+0000] {dag.py:4180} INFO - Setting next_dagrun for dss150p_sales_pipeline to 2026-09-21 02:00:00+00:00, run_after=2026-09-22 02:00:00+00:00
[2026-09-21T13:17:13.021+0000] {processor.py:208} INFO - Processing /opt/airflow/dags/dss150p_pipeline.py took 0.080 seconds
[2026-09-21T13:17:43.095+0000] {processor.py:186} INFO - Started process (PID=944) to work on /opt/airflow/dags/dss150p_pipeline.py
[2026-09-21T13:17:43.096+0000] {processor.py:914} INFO - Processing file /opt/airflow/dags/dss150p_pipeline.py for tasks to queue
[2026-09-21T13:17:43.098+0000] {logging_mixin.py:190} INFO - [2026-09-21T13:17:43.098+0000] {dagbag.py:588} INFO - Filling up the DagBag from /opt/airflow/dags/dss150p_pipeline.py
[2026-09-21T13:17:43.114+0000] {processor.py:925} INFO - DAG(s) 'dss150p_sales_pipeline' retrieved from /opt/airflow/dags/dss150p_pipeline.py
[2026-09-21T13:17:43.145+0000] {logging_mixin.py:190} INFO - [2026-09-21T13:17:43.145+0000] {dag.py:3239} INFO - Sync 1 DAGs
[2026-09-21T13:17:43.157+0000] {logging_mixin.py:190} INFO - [2026-09-21T13:17:43.157+0000] {dag.py:4180} INFO - Setting next_dagrun for dss150p_sales_pipeline to 2026-09-21 02:00:00+00:00, run_after=2026-09-22 02:00:00+00:00
[2026-09-21T13:17:43.167+0000] {processor.py:208} INFO - Processing /opt/airflow/dags/dss150p_pipeline.py took 0.076 seconds
[2026-09-21T13:18:13.290+0000] {processor.py:186} INFO - Started process (PID=949) to work on /opt/airflow/dags/dss150p_pipeline.py
[2026-09-21T13:18:13.291+0000] {processor.py:914} INFO - Processing file /opt/airflow/dags/dss150p_pipeline.py for tasks to queue
[2026-09-21T13:18:13.293+0000] {logging_mixin.py:190} INFO - [2026-09-21T13:18:13.293+0000] {dagbag.py:588} INFO - Filling up the DagBag from /opt/airflow/dags/dss150p_pipeline.py
[2026-09-21T13:18:13.308+0000] {processor.py:925} INFO - DAG(s) 'dss150p_sales_pipeline' retrieved from /opt/airflow/dags/dss150p_pipeline.py
[2026-09-21T13:18:13.338+0000] {logging_mixin.py:190} INFO - [2026-09-21T13:18:13.338+0000] {dag.py:3239} INFO - Sync 1 DAGs
[2026-09-21T13:18:13.352+0000] {logging_mixin.py:190} INFO - [2026-09-21T13:18:13.352+0000] {dag.py:4180} INFO - Setting next_dagrun for dss150p_sales_pipeline to 2026-09-21 02:00:00+00:00, run_after=2026-09-22 02:00:00+00:00
[2026-09-21T13:18:13.363+0000] {processor.py:208} INFO - Processing /opt/airflow/dags/dss150p_pipeline.py took 0.077 seconds
[2026-09-21T13:18:43.444+0000] {processor.py:186} INFO - Started process (PID=954) to work on /opt/airflow/dags/dss150p_pipeline.py
[2026-09-21T13:18:43.445+0000] {processor.py:914} INFO - Processing file /opt/airflow/dags/dss150p_pipeline.py for tasks to queue
[2026-09-21T13:18:43.447+0000] {logging_mixin.py:190} INFO - [2026-09-21T13:18:43.446+0000] {dagbag.py:588} INFO - Filling up the DagBag from /opt/airflow/dags/dss150p_pipeline.py
[2026-09-21T13:18:43.463+0000] {processor.py:925} INFO - DAG(s) 'dss150p_sales_pipeline' retrieved from /opt/airflow/dags/dss150p_pipeline.py
[2026-09-21T13:18:43.491+0000] {logging_mixin.py:190} INFO - [2026-09-21T13:18:43.491+0000] {dag.py:3239} INFO - Sync 1 DAGs
[2026-09-21T13:18:43.503+0000] {logging_mixin.py:190} INFO - [2026-09-21T13:18:43.503+0000] {dag.py:4180} INFO - Setting next_dagrun for dss150p_sales_pipeline to 2026-09-21 02:00:00+00:00, run_after=2026-09-22 02:00:00+00:00
[2026-09-21T13:18:43.513+0000] {processor.py:208} INFO - Processing /opt/airflow/dags/dss150p_pipeline.py took 0.074 seconds
[2026-09-21T13:19:13.647+0000] {processor.py:186} INFO - Started process (PID=959) to work on /opt/airflow/dags/dss150p_pipeline.py
[2026-09-21T13:19:13.647+0000] {processor.py:914} INFO - Processing file /opt/airflow/dags/dss150p_pipeline.py for tasks to queue
[2026-09-21T13:19:13.649+0000] {logging_mixin.py:190} INFO - [2026-09-21T13:19:13.649+0000] {dagbag.py:588} INFO - Filling up the DagBag from /opt/airflow/dags/dss150p_pipeline.py
[2026-09-21T13:19:13.665+0000] {processor.py:925} INFO - DAG(s) 'dss150p_sales_pipeline' retrieved from /opt/airflow/dags/dss150p_pipeline.py
[2026-09-21T13:19:13.693+0000] {logging_mixin.py:190} INFO - [2026-09-21T13:19:13.693+0000] {dag.py:3239} INFO - Sync 1 DAGs
[2026-09-21T13:19:13.705+0000] {logging_mixin.py:190} INFO - [2026-09-21T13:19:13.704+0000] {dag.py:4180} INFO - Setting next_dagrun for dss150p_sales_pipeline to 2026-09-21 02:00:00+00:00, run_after=2026-09-22 02:00:00+00:00
[2026-09-21T13:19:13.715+0000] {processor.py:208} INFO - Processing /opt/airflow/dags/dss150p_pipeline.py took 0.073 seconds
[2026-09-21T13:19:43.803+0000] {processor.py:186} INFO - Started process (PID=964) to work on /opt/airflow/dags/dss150p_pipeline.py
[2026-09-21T13:19:43.803+0000] {processor.py:914} INFO - Processing file /opt/airflow/dags/dss150p_pipeline.py for tasks to queue
[2026-09-21T13:19:43.806+0000] {logging_mixin.py:190} INFO - [2026-09-21T13:19:43.805+0000] {dagbag.py:588} INFO - Filling up the DagBag from /opt/airflow/dags/dss150p_pipeline.py
[2026-09-21T13:19:43.822+0000] {processor.py:925} INFO - DAG(s) 'dss150p_sales_pipeline' retrieved from /opt/airflow/dags/dss150p_pipeline.py
[2026-09-21T13:19:43.852+0000] {logging_mixin.py:190} INFO - [2026-09-21T13:19:43.852+0000] {dag.py:3239} INFO - Sync 1 DAGs
[2026-09-21T13:19:43.866+0000] {logging_mixin.py:190} INFO - [2026-09-21T13:19:43.865+0000] {dag.py:4180} INFO - Setting next_dagrun for dss150p_sales_pipeline to 2026-09-21 02:00:00+00:00, run_after=2026-09-22 02:00:00+00:00
[2026-09-21T13:19:43.877+0000] {processor.py:208} INFO - Processing /opt/airflow/dags/dss150p_pipeline.py took 0.079 seconds
[2026-09-21T13:20:13.991+0000] {processor.py:186} INFO - Started process (PID=969) to work on /opt/airflow/dags/dss150p_pipeline.py
[2026-09-21T13:20:13.992+0000] {processor.py:914} INFO - Processing file /opt/airflow/dags/dss150p_pipeline.py for tasks to queue
[2026-09-21T13:20:13.993+0000] {logging_mixin.py:190} INFO - [2026-09-21T13:20:13.993+0000] {dagbag.py:588} INFO - Filling up the DagBag from /opt/airflow/dags/dss150p_pipeline.py
[2026-09-21T13:20:14.009+0000] {processor.py:925} INFO - DAG(s) 'dss150p_sales_pipeline' retrieved from /opt/airflow/dags/dss150p_pipeline.py
[2026-09-21T13:20:14.038+0000] {logging_mixin.py:190} INFO - [2026-09-21T13:20:14.038+0000] {dag.py:3239} INFO - Sync 1 DAGs
[2026-09-21T13:20:14.052+0000] {logging_mixin.py:190} INFO - [2026-09-21T13:20:14.052+0000] {dag.py:4180} INFO - Setting next_dagrun for dss150p_sales_pipeline to 2026-09-21 02:00:00+00:00, run_after=2026-09-22 02:00:00+00:00
[2026-09-21T13:20:14.063+0000] {processor.py:208} INFO - Processing /opt/airflow/dags/dss150p_pipeline.py took 0.076 seconds
[2026-09-21T13:20:44.145+0000] {processor.py:186} INFO - Started process (PID=974) to work on /opt/airflow/dags/dss150p_pipeline.py
[2026-09-21T13:20:44.146+0000] {processor.py:914} INFO - Processing file /opt/airflow/dags/dss150p_pipeline.py for tasks to queue
[2026-09-21T13:20:44.148+0000] {logging_mixin.py:190} INFO - [2026-09-21T13:20:44.148+0000] {dagbag.py:588} INFO - Filling up the DagBag from /opt/airflow/dags/dss150p_pipeline.py
[2026-09-21T13:20:44.164+0000] {processor.py:925} INFO - DAG(s) 'dss150p_sales_pipeline' retrieved from /opt/airflow/dags/dss150p_pipeline.py
[2026-09-21T13:20:44.194+0000] {logging_mixin.py:190} INFO - [2026-09-21T13:20:44.194+0000] {dag.py:3239} INFO - Sync 1 DAGs
[2026-09-21T13:20:44.208+0000] {logging_mixin.py:190} INFO - [2026-09-21T13:20:44.208+0000] {dag.py:4180} INFO - Setting next_dagrun for dss150p_sales_pipeline to 2026-09-21 02:00:00+00:00, run_after=2026-09-22 02:00:00+00:00
[2026-09-21T13:20:44.218+0000] {processor.py:208} INFO - Processing /opt/airflow/dags/dss150p_pipeline.py took 0.077 seconds
[2026-09-21T13:21:14.340+0000] {processor.py:186} INFO - Started process (PID=979) to work on /opt/airflow/dags/dss150p_pipeline.py
[2026-09-21T13:21:14.341+0000] {processor.py:914} INFO - Processing file /opt/airflow/dags/dss150p_pipeline.py for tasks to queue
[2026-09-21T13:21:14.342+0000] {logging_mixin.py:190} INFO - [2026-09-21T13:21:14.342+0000] {dagbag.py:588} INFO - Filling up the DagBag from /opt/airflow/dags/dss150p_pipeline.py
[2026-09-21T13:21:14.359+0000] {processor.py:925} INFO - DAG(s) 'dss150p_sales_pipeline' retrieved from /opt/airflow/dags/dss150p_pipeline.py
[2026-09-21T13:21:14.388+0000] {logging_mixin.py:190} INFO - [2026-09-21T13:21:14.387+0000] {dag.py:3239} INFO - Sync 1 DAGs
[2026-09-21T13:21:14.401+0000] {logging_mixin.py:190} INFO - [2026-09-21T13:21:14.400+0000] {dag.py:4180} INFO - Setting next_dagrun for dss150p_sales_pipeline to 2026-09-21 02:00:00+00:00, run_after=2026-09-22 02:00:00+00:00
[2026-09-21T13:21:14.411+0000] {processor.py:208} INFO - Processing /opt/airflow/dags/dss150p_pipeline.py took 0.074 seconds
[2026-09-21T13:21:44.499+0000] {processor.py:186} INFO - Started process (PID=984) to work on /opt/airflow/dags/dss150p_pipeline.py
[2026-09-21T13:21:44.499+0000] {processor.py:914} INFO - Processing file /opt/airflow/dags/dss150p_pipeline.py for tasks to queue
[2026-09-21T13:21:44.501+0000] {logging_mixin.py:190} INFO - [2026-09-21T13:21:44.501+0000] {dagbag.py:588} INFO - Filling up the DagBag from /opt/airflow/dags/dss150p_pipeline.py
[2026-09-21T13:21:44.519+0000] {processor.py:925} INFO - DAG(s) 'dss150p_sales_pipeline' retrieved from /opt/airflow/dags/dss150p_pipeline.py
[2026-09-21T13:21:44.549+0000] {logging_mixin.py:190} INFO - [2026-09-21T13:21:44.549+0000] {dag.py:3239} INFO - Sync 1 DAGs
[2026-09-21T13:21:44.562+0000] {logging_mixin.py:190} INFO - [2026-09-21T13:21:44.562+0000] {dag.py:4180} INFO - Setting next_dagrun for dss150p_sales_pipeline to 2026-09-21 02:00:00+00:00, run_after=2026-09-22 02:00:00+00:00
[2026-09-21T13:21:44.583+0000] {processor.py:208} INFO - Processing /opt/airflow/dags/dss150p_pipeline.py took 0.090 seconds
[2026-09-21T13:22:14.695+0000] {processor.py:186} INFO - Started process (PID=989) to work on /opt/airflow/dags/dss150p_pipeline.py
[2026-09-21T13:22:14.696+0000] {processor.py:914} INFO - Processing file /opt/airflow/dags/dss150p_pipeline.py for tasks to queue
[2026-09-21T13:22:14.698+0000] {logging_mixin.py:190} INFO - [2026-09-21T13:22:14.697+0000] {dagbag.py:588} INFO - Filling up the DagBag from /opt/airflow/dags/dss150p_pipeline.py
[2026-09-21T13:22:14.714+0000] {processor.py:925} INFO - DAG(s) 'dss150p_sales_pipeline' retrieved from /opt/airflow/dags/dss150p_pipeline.py
[2026-09-21T13:22:14.745+0000] {logging_mixin.py:190} INFO - [2026-09-21T13:22:14.745+0000] {dag.py:3239} INFO - Sync 1 DAGs
[2026-09-21T13:22:14.759+0000] {logging_mixin.py:190} INFO - [2026-09-21T13:22:14.759+0000] {dag.py:4180} INFO - Setting next_dagrun for dss150p_sales_pipeline to 2026-09-21 02:00:00+00:00, run_after=2026-09-22 02:00:00+00:00
[2026-09-21T13:22:14.779+0000] {processor.py:208} INFO - Processing /opt/airflow/dags/dss150p_pipeline.py took 0.088 seconds
[2026-09-21T13:22:44.869+0000] {processor.py:186} INFO - Started process (PID=994) to work on /opt/airflow/dags/dss150p_pipeline.py
[2026-09-21T13:22:44.870+0000] {processor.py:914} INFO - Processing file /opt/airflow/dags/dss150p_pipeline.py for tasks to queue
[2026-09-21T13:22:44.872+0000] {logging_mixin.py:190} INFO - [2026-09-21T13:22:44.872+0000] {dagbag.py:588} INFO - Filling up the DagBag from /opt/airflow/dags/dss150p_pipeline.py
[2026-09-21T13:22:44.889+0000] {processor.py:925} INFO - DAG(s) 'dss150p_sales_pipeline' retrieved from /opt/airflow/dags/dss150p_pipeline.py
[2026-09-21T13:22:44.921+0000] {logging_mixin.py:190} INFO - [2026-09-21T13:22:44.921+0000] {dag.py:3239} INFO - Sync 1 DAGs
[2026-09-21T13:22:44.934+0000] {logging_mixin.py:190} INFO - [2026-09-21T13:22:44.934+0000] {dag.py:4180} INFO - Setting next_dagrun for dss150p_sales_pipeline to 2026-09-21 02:00:00+00:00, run_after=2026-09-22 02:00:00+00:00
[2026-09-21T13:22:44.947+0000] {processor.py:208} INFO - Processing /opt/airflow/dags/dss150p_pipeline.py took 0.083 seconds
[2026-09-21T13:23:15.050+0000] {processor.py:186} INFO - Started process (PID=999) to work on /opt/airflow/dags/dss150p_pipeline.py
[2026-09-21T13:23:15.050+0000] {processor.py:914} INFO - Processing file /opt/airflow/dags/dss150p_pipeline.py for tasks to queue
[2026-09-21T13:23:15.052+0000] {logging_mixin.py:190} INFO - [2026-09-21T13:23:15.052+0000] {dagbag.py:588} INFO - Filling up the DagBag from /opt/airflow/dags/dss150p_pipeline.py
[2026-09-21T13:23:15.069+0000] {processor.py:925} INFO - DAG(s) 'dss150p_sales_pipeline' retrieved from /opt/airflow/dags/dss150p_pipeline.py
[2026-09-21T13:23:15.104+0000] {logging_mixin.py:190} INFO - [2026-09-21T13:23:15.103+0000] {dag.py:3239} INFO - Sync 1 DAGs
[2026-09-21T13:23:15.119+0000] {logging_mixin.py:190} INFO - [2026-09-21T13:23:15.118+0000] {dag.py:4180} INFO - Setting next_dagrun for dss150p_sales_pipeline to 2026-09-21 02:00:00+00:00, run_after=2026-09-22 02:00:00+00:00
[2026-09-21T13:23:15.130+0000] {processor.py:208} INFO - Processing /opt/airflow/dags/dss150p_pipeline.py took 0.084 seconds
[2026-09-21T13:23:45.214+0000] {processor.py:186} INFO - Started process (PID=1004) to work on /opt/airflow/dags/dss150p_pipeline.py
[2026-09-21T13:23:45.215+0000] {processor.py:914} INFO - Processing file /opt/airflow/dags/dss150p_pipeline.py for tasks to queue
[2026-09-21T13:23:45.217+0000] {logging_mixin.py:190} INFO - [2026-09-21T13:23:45.217+0000] {dagbag.py:588} INFO - Filling up the DagBag from /opt/airflow/dags/dss150p_pipeline.py
[2026-09-21T13:23:45.235+0000] {processor.py:925} INFO - DAG(s) 'dss150p_sales_pipeline' retrieved from /opt/airflow/dags/dss150p_pipeline.py
[2026-09-21T13:23:45.266+0000] {logging_mixin.py:190} INFO - [2026-09-21T13:23:45.266+0000] {dag.py:3239} INFO - Sync 1 DAGs
[2026-09-21T13:23:45.280+0000] {logging_mixin.py:190} INFO - [2026-09-21T13:23:45.280+0000] {dag.py:4180} INFO - Setting next_dagrun for dss150p_sales_pipeline to 2026-09-21 02:00:00+00:00, run_after=2026-09-22 02:00:00+00:00
[2026-09-21T13:23:45.291+0000] {processor.py:208} INFO - Processing /opt/airflow/dags/dss150p_pipeline.py took 0.081 seconds
[2026-09-21T13:24:15.411+0000] {processor.py:186} INFO - Started process (PID=1009) to work on /opt/airflow/dags/dss150p_pipeline.py
[2026-09-21T13:24:15.412+0000] {processor.py:914} INFO - Processing file /opt/airflow/dags/dss150p_pipeline.py for tasks to queue
[2026-09-21T13:24:15.414+0000] {logging_mixin.py:190} INFO - [2026-09-21T13:24:15.414+0000] {dagbag.py:588} INFO - Filling up the DagBag from /opt/airflow/dags/dss150p_pipeline.py
[2026-09-21T13:24:15.431+0000] {processor.py:925} INFO - DAG(s) 'dss150p_sales_pipeline' retrieved from /opt/airflow/dags/dss150p_pipeline.py
[2026-09-21T13:24:15.463+0000] {logging_mixin.py:190} INFO - [2026-09-21T13:24:15.462+0000] {dag.py:3239} INFO - Sync 1 DAGs
[2026-09-21T13:24:15.476+0000] {logging_mixin.py:190} INFO - [2026-09-21T13:24:15.476+0000] {dag.py:4180} INFO - Setting next_dagrun for dss150p_sales_pipeline to 2026-09-21 02:00:00+00:00, run_after=2026-09-22 02:00:00+00:00
[2026-09-21T13:24:15.486+0000] {processor.py:208} INFO - Processing /opt/airflow/dags/dss150p_pipeline.py took 0.079 seconds
[2026-09-21T13:24:45.560+0000] {processor.py:186} INFO - Started process (PID=1014) to work on /opt/airflow/dags/dss150p_pipeline.py
[2026-09-21T13:24:45.561+0000] {processor.py:914} INFO - Processing file /opt/airflow/dags/dss150p_pipeline.py for tasks to queue
[2026-09-21T13:24:45.563+0000] {logging_mixin.py:190} INFO - [2026-09-21T13:24:45.563+0000] {dagbag.py:588} INFO - Filling up the DagBag from /opt/airflow/dags/dss150p_pipeline.py
[2026-09-21T13:24:45.579+0000] {processor.py:925} INFO - DAG(s) 'dss150p_sales_pipeline' retrieved from /opt/airflow/dags/dss150p_pipeline.py
[2026-09-21T13:24:45.609+0000] {logging_mixin.py:190} INFO - [2026-09-21T13:24:45.608+0000] {dag.py:3239} INFO - Sync 1 DAGs
[2026-09-21T13:24:45.621+0000] {logging_mixin.py:190} INFO - [2026-09-21T13:24:45.621+0000] {dag.py:4180} INFO - Setting next_dagrun for dss150p_sales_pipeline to 2026-09-21 02:00:00+00:00, run_after=2026-09-22 02:00:00+00:00
[2026-09-21T13:24:45.641+0000] {processor.py:208} INFO - Processing /opt/airflow/dags/dss150p_pipeline.py took 0.085 seconds
[2026-09-21T13:25:15.752+0000] {processor.py:186} INFO - Started process (PID=1019) to work on /opt/airflow/dags/dss150p_pipeline.py
[2026-09-21T13:25:15.752+0000] {processor.py:914} INFO - Processing file /opt/airflow/dags/dss150p_pipeline.py for tasks to queue
[2026-09-21T13:25:15.754+0000] {logging_mixin.py:190} INFO - [2026-09-21T13:25:15.754+0000] {dagbag.py:588} INFO - Filling up the DagBag from /opt/airflow/dags/dss150p_pipeline.py
[2026-09-21T13:25:15.770+0000] {processor.py:925} INFO - DAG(s) 'dss150p_sales_pipeline' retrieved from /opt/airflow/dags/dss150p_pipeline.py
[2026-09-21T13:25:15.798+0000] {logging_mixin.py:190} INFO - [2026-09-21T13:25:15.798+0000] {dag.py:3239} INFO - Sync 1 DAGs
[2026-09-21T13:25:15.812+0000] {logging_mixin.py:190} INFO - [2026-09-21T13:25:15.812+0000] {dag.py:4180} INFO - Setting next_dagrun for dss150p_sales_pipeline to 2026-09-21 02:00:00+00:00, run_after=2026-09-22 02:00:00+00:00
[2026-09-21T13:25:15.830+0000] {processor.py:208} INFO - Processing /opt/airflow/dags/dss150p_pipeline.py took 0.083 seconds
[2026-09-21T13:25:45.925+0000] {processor.py:186} INFO - Started process (PID=1024) to work on /opt/airflow/dags/dss150p_pipeline.py
[2026-09-21T13:25:45.926+0000] {processor.py:914} INFO - Processing file /opt/airflow/dags/dss150p_pipeline.py for tasks to queue
[2026-09-21T13:25:45.927+0000] {logging_mixin.py:190} INFO - [2026-09-21T13:25:45.927+0000] {dagbag.py:588} INFO - Filling up the DagBag from /opt/airflow/dags/dss150p_pipeline.py
[2026-09-21T13:25:45.947+0000] {processor.py:925} INFO - DAG(s) 'dss150p_sales_pipeline' retrieved from /opt/airflow/dags/dss150p_pipeline.py
[2026-09-21T13:25:45.980+0000] {logging_mixin.py:190} INFO - [2026-09-21T13:25:45.980+0000] {dag.py:3239} INFO - Sync 1 DAGs
[2026-09-21T13:25:45.995+0000] {logging_mixin.py:190} INFO - [2026-09-21T13:25:45.995+0000] {dag.py:4180} INFO - Setting next_dagrun for dss150p_sales_pipeline to 2026-09-21 02:00:00+00:00, run_after=2026-09-22 02:00:00+00:00
[2026-09-21T13:25:46.009+0000] {processor.py:208} INFO - Processing /opt/airflow/dags/dss150p_pipeline.py took 0.090 seconds
[2026-09-21T13:26:16.108+0000] {processor.py:186} INFO - Started process (PID=1029) to work on /opt/airflow/dags/dss150p_pipeline.py
[2026-09-21T13:26:16.109+0000] {processor.py:914} INFO - Processing file /opt/airflow/dags/dss150p_pipeline.py for tasks to queue
[2026-09-21T13:26:16.111+0000] {logging_mixin.py:190} INFO - [2026-09-21T13:26:16.111+0000] {dagbag.py:588} INFO - Filling up the DagBag from /opt/airflow/dags/dss150p_pipeline.py
[2026-09-21T13:26:16.127+0000] {processor.py:925} INFO - DAG(s) 'dss150p_sales_pipeline' retrieved from /opt/airflow/dags/dss150p_pipeline.py
[2026-09-21T13:26:16.155+0000] {logging_mixin.py:190} INFO - [2026-09-21T13:26:16.155+0000] {dag.py:3239} INFO - Sync 1 DAGs
[2026-09-21T13:26:16.168+0000] {logging_mixin.py:190} INFO - [2026-09-21T13:26:16.168+0000] {dag.py:4180} INFO - Setting next_dagrun for dss150p_sales_pipeline to 2026-09-21 02:00:00+00:00, run_after=2026-09-22 02:00:00+00:00
[2026-09-21T13:26:16.178+0000] {processor.py:208} INFO - Processing /opt/airflow/dags/dss150p_pipeline.py took 0.074 seconds
[2026-09-21T13:26:46.278+0000] {processor.py:186} INFO - Started process (PID=1034) to work on /opt/airflow/dags/dss150p_pipeline.py
[2026-09-21T13:26:46.278+0000] {processor.py:914} INFO - Processing file /opt/airflow/dags/dss150p_pipeline.py for tasks to queue
[2026-09-21T13:26:46.280+0000] {logging_mixin.py:190} INFO - [2026-09-21T13:26:46.280+0000] {dagbag.py:588} INFO - Filling up the DagBag from /opt/airflow/dags/dss150p_pipeline.py
[2026-09-21T13:26:46.297+0000] {processor.py:925} INFO - DAG(s) 'dss150p_sales_pipeline' retrieved from /opt/airflow/dags/dss150p_pipeline.py
[2026-09-21T13:26:46.327+0000] {logging_mixin.py:190} INFO - [2026-09-21T13:26:46.327+0000] {dag.py:3239} INFO - Sync 1 DAGs
[2026-09-21T13:26:46.339+0000] {logging_mixin.py:190} INFO - [2026-09-21T13:26:46.339+0000] {dag.py:4180} INFO - Setting next_dagrun for dss150p_sales_pipeline to 2026-09-21 02:00:00+00:00, run_after=2026-09-22 02:00:00+00:00
[2026-09-21T13:26:46.350+0000] {processor.py:208} INFO - Processing /opt/airflow/dags/dss150p_pipeline.py took 0.077 seconds
[2026-09-21T13:27:16.467+0000] {processor.py:186} INFO - Started process (PID=1039) to work on /opt/airflow/dags/dss150p_pipeline.py
[2026-09-21T13:27:16.468+0000] {processor.py:914} INFO - Processing file /opt/airflow/dags/dss150p_pipeline.py for tasks to queue
[2026-09-21T13:27:16.470+0000] {logging_mixin.py:190} INFO - [2026-09-21T13:27:16.469+0000] {dagbag.py:588} INFO - Filling up the DagBag from /opt/airflow/dags/dss150p_pipeline.py
[2026-09-21T13:27:16.486+0000] {processor.py:925} INFO - DAG(s) 'dss150p_sales_pipeline' retrieved from /opt/airflow/dags/dss150p_pipeline.py
[2026-09-21T13:27:16.516+0000] {logging_mixin.py:190} INFO - [2026-09-21T13:27:16.516+0000] {dag.py:3239} INFO - Sync 1 DAGs
[2026-09-21T13:27:16.531+0000] {logging_mixin.py:190} INFO - [2026-09-21T13:27:16.531+0000] {dag.py:4180} INFO - Setting next_dagrun for dss150p_sales_pipeline to 2026-09-21 02:00:00+00:00, run_after=2026-09-22 02:00:00+00:00
[2026-09-21T13:27:16.550+0000] {processor.py:208} INFO - Processing /opt/airflow/dags/dss150p_pipeline.py took 0.087 seconds
[2026-09-21T13:27:46.621+0000] {processor.py:186} INFO - Started process (PID=1044) to work on /opt/airflow/dags/dss150p_pipeline.py
[2026-09-21T13:27:46.622+0000] {processor.py:914} INFO - Processing file /opt/airflow/dags/dss150p_pipeline.py for tasks to queue
[2026-09-21T13:27:46.623+0000] {logging_mixin.py:190} INFO - [2026-09-21T13:27:46.623+0000] {dagbag.py:588} INFO - Filling up the DagBag from /opt/airflow/dags/dss150p_pipeline.py
[2026-09-21T13:27:46.639+0000] {processor.py:925} INFO - DAG(s) 'dss150p_sales_pipeline' retrieved from /opt/airflow/dags/dss150p_pipeline.py
[2026-09-21T13:27:46.669+0000] {logging_mixin.py:190} INFO - [2026-09-21T13:27:46.669+0000] {dag.py:3239} INFO - Sync 1 DAGs
[2026-09-21T13:27:46.682+0000] {logging_mixin.py:190} INFO - [2026-09-21T13:27:46.682+0000] {dag.py:4180} INFO - Setting next_dagrun for dss150p_sales_pipeline to 2026-09-21 02:00:00+00:00, run_after=2026-09-22 02:00:00+00:00
[2026-09-21T13:27:46.692+0000] {processor.py:208} INFO - Processing /opt/airflow/dags/dss150p_pipeline.py took 0.075 seconds
[2026-09-21T13:28:16.820+0000] {processor.py:186} INFO - Started process (PID=1049) to work on /opt/airflow/dags/dss150p_pipeline.py
[2026-09-21T13:28:16.821+0000] {processor.py:914} INFO - Processing file /opt/airflow/dags/dss150p_pipeline.py for tasks to queue
[2026-09-21T13:28:16.822+0000] {logging_mixin.py:190} INFO - [2026-09-21T13:28:16.822+0000] {dagbag.py:588} INFO - Filling up the DagBag from /opt/airflow/dags/dss150p_pipeline.py
[2026-09-21T13:28:16.838+0000] {processor.py:925} INFO - DAG(s) 'dss150p_sales_pipeline' retrieved from /opt/airflow/dags/dss150p_pipeline.py
[2026-09-21T13:28:16.868+0000] {logging_mixin.py:190} INFO - [2026-09-21T13:28:16.868+0000] {dag.py:3239} INFO - Sync 1 DAGs
[2026-09-21T13:28:16.880+0000] {logging_mixin.py:190} INFO - [2026-09-21T13:28:16.880+0000] {dag.py:4180} INFO - Setting next_dagrun for dss150p_sales_pipeline to 2026-09-21 02:00:00+00:00, run_after=2026-09-22 02:00:00+00:00
[2026-09-21T13:28:16.892+0000] {processor.py:208} INFO - Processing /opt/airflow/dags/dss150p_pipeline.py took 0.077 seconds
[2026-09-21T13:28:46.970+0000] {processor.py:186} INFO - Started process (PID=1054) to work on /opt/airflow/dags/dss150p_pipeline.py
[2026-09-21T13:28:46.971+0000] {processor.py:914} INFO - Processing file /opt/airflow/dags/dss150p_pipeline.py for tasks to queue
[2026-09-21T13:28:46.973+0000] {logging_mixin.py:190} INFO - [2026-09-21T13:28:46.973+0000] {dagbag.py:588} INFO - Filling up the DagBag from /opt/airflow/dags/dss150p_pipeline.py
[2026-09-21T13:28:46.989+0000] {processor.py:925} INFO - DAG(s) 'dss150p_sales_pipeline' retrieved from /opt/airflow/dags/dss150p_pipeline.py
[2026-09-21T13:28:47.017+0000] {logging_mixin.py:190} INFO - [2026-09-21T13:28:47.017+0000] {dag.py:3239} INFO - Sync 1 DAGs
[2026-09-21T13:28:47.031+0000] {logging_mixin.py:190} INFO - [2026-09-21T13:28:47.031+0000] {dag.py:4180} INFO - Setting next_dagrun for dss150p_sales_pipeline to 2026-09-21 02:00:00+00:00, run_after=2026-09-22 02:00:00+00:00
[2026-09-21T13:28:47.050+0000] {processor.py:208} INFO - Processing /opt/airflow/dags/dss150p_pipeline.py took 0.084 seconds
[2026-09-21T13:29:17.162+0000] {processor.py:186} INFO - Started process (PID=1059) to work on /opt/airflow/dags/dss150p_pipeline.py
[2026-09-21T13:29:17.162+0000] {processor.py:914} INFO - Processing file /opt/airflow/dags/dss150p_pipeline.py for tasks to queue
[2026-09-21T13:29:17.164+0000] {logging_mixin.py:190} INFO - [2026-09-21T13:29:17.163+0000] {dagbag.py:588} INFO - Filling up the DagBag from /opt/airflow/dags/dss150p_pipeline.py
[2026-09-21T13:29:17.180+0000] {processor.py:925} INFO - DAG(s) 'dss150p_sales_pipeline' retrieved from /opt/airflow/dags/dss150p_pipeline.py
[2026-09-21T13:29:17.208+0000] {logging_mixin.py:190} INFO - [2026-09-21T13:29:17.207+0000] {dag.py:3239} INFO - Sync 1 DAGs
[2026-09-21T13:29:17.221+0000] {logging_mixin.py:190} INFO - [2026-09-21T13:29:17.221+0000] {dag.py:4180} INFO - Setting next_dagrun for dss150p_sales_pipeline to 2026-09-21 02:00:00+00:00, run_after=2026-09-22 02:00:00+00:00
[2026-09-21T13:29:17.231+0000] {processor.py:208} INFO - Processing /opt/airflow/dags/dss150p_pipeline.py took 0.073 seconds
[2026-09-21T13:29:47.319+0000] {processor.py:186} INFO - Started process (PID=1064) to work on /opt/airflow/dags/dss150p_pipeline.py
[2026-09-21T13:29:47.320+0000] {processor.py:914} INFO - Processing file /opt/airflow/dags/dss150p_pipeline.py for tasks to queue
[2026-09-21T13:29:47.322+0000] {logging_mixin.py:190} INFO - [2026-09-21T13:29:47.322+0000] {dagbag.py:588} INFO - Filling up the DagBag from /opt/airflow/dags/dss150p_pipeline.py
[2026-09-21T13:29:47.338+0000] {processor.py:925} INFO - DAG(s) 'dss150p_sales_pipeline' retrieved from /opt/airflow/dags/dss150p_pipeline.py
[2026-09-21T13:29:47.370+0000] {logging_mixin.py:190} INFO - [2026-09-21T13:29:47.370+0000] {dag.py:3239} INFO - Sync 1 DAGs
[2026-09-21T13:29:47.385+0000] {logging_mixin.py:190} INFO - [2026-09-21T13:29:47.385+0000] {dag.py:4180} INFO - Setting next_dagrun for dss150p_sales_pipeline to 2026-09-21 02:00:00+00:00, run_after=2026-09-22 02:00:00+00:00
[2026-09-21T13:29:47.406+0000] {processor.py:208} INFO - Processing /opt/airflow/dags/dss150p_pipeline.py took 0.091 seconds
[2026-09-21T13:30:17.506+0000] {processor.py:186} INFO - Started process (PID=1069) to work on /opt/airflow/dags/dss150p_pipeline.py
[2026-09-21T13:30:17.506+0000] {processor.py:914} INFO - Processing file /opt/airflow/dags/dss150p_pipeline.py for tasks to queue
[2026-09-21T13:30:17.508+0000] {logging_mixin.py:190} INFO - [2026-09-21T13:30:17.508+0000] {dagbag.py:588} INFO - Filling up the DagBag from /opt/airflow/dags/dss150p_pipeline.py
[2026-09-21T13:30:17.528+0000] {processor.py:925} INFO - DAG(s) 'dss150p_sales_pipeline' retrieved from /opt/airflow/dags/dss150p_pipeline.py
[2026-09-21T13:30:17.562+0000] {logging_mixin.py:190} INFO - [2026-09-21T13:30:17.562+0000] {dag.py:3239} INFO - Sync 1 DAGs
[2026-09-21T13:30:17.579+0000] {logging_mixin.py:190} INFO - [2026-09-21T13:30:17.579+0000] {dag.py:4180} INFO - Setting next_dagrun for dss150p_sales_pipeline to 2026-09-21 02:00:00+00:00, run_after=2026-09-22 02:00:00+00:00
[2026-09-21T13:30:17.590+0000] {processor.py:208} INFO - Processing /opt/airflow/dags/dss150p_pipeline.py took 0.089 seconds
[2026-09-21T13:30:47.693+0000] {processor.py:186} INFO - Started process (PID=1074) to work on /opt/airflow/dags/dss150p_pipeline.py
[2026-09-21T13:30:47.694+0000] {processor.py:914} INFO - Processing file /opt/airflow/dags/dss150p_pipeline.py for tasks to queue
[2026-09-21T13:30:47.696+0000] {logging_mixin.py:190} INFO - [2026-09-21T13:30:47.696+0000] {dagbag.py:588} INFO - Filling up the DagBag from /opt/airflow/dags/dss150p_pipeline.py
[2026-09-21T13:30:47.712+0000] {processor.py:925} INFO - DAG(s) 'dss150p_sales_pipeline' retrieved from /opt/airflow/dags/dss150p_pipeline.py
[2026-09-21T13:30:47.740+0000] {logging_mixin.py:190} INFO - [2026-09-21T13:30:47.740+0000] {dag.py:3239} INFO - Sync 1 DAGs
[2026-09-21T13:30:47.752+0000] {logging_mixin.py:190} INFO - [2026-09-21T13:30:47.752+0000] {dag.py:4180} INFO - Setting next_dagrun for dss150p_sales_pipeline to 2026-09-21 02:00:00+00:00, run_after=2026-09-22 02:00:00+00:00
[2026-09-21T13:30:47.771+0000] {processor.py:208} INFO - Processing /opt/airflow/dags/dss150p_pipeline.py took 0.083 seconds
[2026-09-21T13:31:17.864+0000] {processor.py:186} INFO - Started process (PID=1079) to work on /opt/airflow/dags/dss150p_pipeline.py
[2026-09-21T13:31:17.865+0000] {processor.py:914} INFO - Processing file /opt/airflow/dags/dss150p_pipeline.py for tasks to queue
[2026-09-21T13:31:17.867+0000] {logging_mixin.py:190} INFO - [2026-09-21T13:31:17.867+0000] {dagbag.py:588} INFO - Filling up the DagBag from /opt/airflow/dags/dss150p_pipeline.py
[2026-09-21T13:31:17.883+0000] {processor.py:925} INFO - DAG(s) 'dss150p_sales_pipeline' retrieved from /opt/airflow/dags/dss150p_pipeline.py
[2026-09-21T13:31:17.914+0000] {logging_mixin.py:190} INFO - [2026-09-21T13:31:17.914+0000] {dag.py:3239} INFO - Sync 1 DAGs
[2026-09-21T13:31:17.927+0000] {logging_mixin.py:190} INFO - [2026-09-21T13:31:17.927+0000] {dag.py:4180} INFO - Setting next_dagrun for dss150p_sales_pipeline to 2026-09-21 02:00:00+00:00, run_after=2026-09-22 02:00:00+00:00
[2026-09-21T13:31:17.938+0000] {processor.py:208} INFO - Processing /opt/airflow/dags/dss150p_pipeline.py took 0.079 seconds
[2026-09-21T13:31:48.049+0000] {processor.py:186} INFO - Started process (PID=1084) to work on /opt/airflow/dags/dss150p_pipeline.py
[2026-09-21T13:31:48.049+0000] {processor.py:914} INFO - Processing file /opt/airflow/dags/dss150p_pipeline.py for tasks to queue
[2026-09-21T13:31:48.051+0000] {logging_mixin.py:190} INFO - [2026-09-21T13:31:48.051+0000] {dagbag.py:588} INFO - Filling up the DagBag from /opt/airflow/dags/dss150p_pipeline.py
[2026-09-21T13:31:48.072+0000] {processor.py:925} INFO - DAG(s) 'dss150p_sales_pipeline' retrieved from /opt/airflow/dags/dss150p_pipeline.py
[2026-09-21T13:31:48.104+0000] {logging_mixin.py:190} INFO - [2026-09-21T13:31:48.104+0000] {dag.py:3239} INFO - Sync 1 DAGs
[2026-09-21T13:31:48.118+0000] {logging_mixin.py:190} INFO - [2026-09-21T13:31:48.118+0000] {dag.py:4180} INFO - Setting next_dagrun for dss150p_sales_pipeline to 2026-09-21 02:00:00+00:00, run_after=2026-09-22 02:00:00+00:00
[2026-09-21T13:31:48.129+0000] {processor.py:208} INFO - Processing /opt/airflow/dags/dss150p_pipeline.py took 0.086 seconds
[2026-09-21T13:32:18.238+0000] {processor.py:186} INFO - Started process (PID=1089) to work on /opt/airflow/dags/dss150p_pipeline.py
[2026-09-21T13:32:18.238+0000] {processor.py:914} INFO - Processing file /opt/airflow/dags/dss150p_pipeline.py for tasks to queue
[2026-09-21T13:32:18.240+0000] {logging_mixin.py:190} INFO - [2026-09-21T13:32:18.240+0000] {dagbag.py:588} INFO - Filling up the DagBag from /opt/airflow/dags/dss150p_pipeline.py
[2026-09-21T13:32:18.257+0000] {processor.py:925} INFO - DAG(s) 'dss150p_sales_pipeline' retrieved from /opt/airflow/dags/dss150p_pipeline.py
[2026-09-21T13:32:18.286+0000] {logging_mixin.py:190} INFO - [2026-09-21T13:32:18.286+0000] {dag.py:3239} INFO - Sync 1 DAGs
[2026-09-21T13:32:18.299+0000] {logging_mixin.py:190} INFO - [2026-09-21T13:32:18.299+0000] {dag.py:4180} INFO - Setting next_dagrun for dss150p_sales_pipeline to 2026-09-21 02:00:00+00:00, run_after=2026-09-22 02:00:00+00:00
[2026-09-21T13:32:18.309+0000] {processor.py:208} INFO - Processing /opt/airflow/dags/dss150p_pipeline.py took 0.076 seconds
[2026-09-21T13:32:48.421+0000] {processor.py:186} INFO - Started process (PID=1094) to work on /opt/airflow/dags/dss150p_pipeline.py
[2026-09-21T13:32:48.422+0000] {processor.py:914} INFO - Processing file /opt/airflow/dags/dss150p_pipeline.py for tasks to queue
[2026-09-21T13:32:48.423+0000] {logging_mixin.py:190} INFO - [2026-09-21T13:32:48.423+0000] {dagbag.py:588} INFO - Filling up the DagBag from /opt/airflow/dags/dss150p_pipeline.py
[2026-09-21T13:32:48.440+0000] {processor.py:925} INFO - DAG(s) 'dss150p_sales_pipeline' retrieved from /opt/airflow/dags/dss150p_pipeline.py
[2026-09-21T13:32:48.473+0000] {logging_mixin.py:190} INFO - [2026-09-21T13:32:48.473+0000] {dag.py:3239} INFO - Sync 1 DAGs
[2026-09-21T13:32:48.488+0000] {logging_mixin.py:190} INFO - [2026-09-21T13:32:48.488+0000] {dag.py:4180} INFO - Setting next_dagrun for dss150p_sales_pipeline to 2026-09-21 02:00:00+00:00, run_after=2026-09-22 02:00:00+00:00
[2026-09-21T13:32:48.500+0000] {processor.py:208} INFO - Processing /opt/airflow/dags/dss150p_pipeline.py took 0.083 seconds
[2026-09-21T13:33:18.583+0000] {processor.py:186} INFO - Started process (PID=1099) to work on /opt/airflow/dags/dss150p_pipeline.py
[2026-09-21T13:33:18.584+0000] {processor.py:914} INFO - Processing file /opt/airflow/dags/dss150p_pipeline.py for tasks to queue
[2026-09-21T13:33:18.586+0000] {logging_mixin.py:190} INFO - [2026-09-21T13:33:18.586+0000] {dagbag.py:588} INFO - Filling up the DagBag from /opt/airflow/dags/dss150p_pipeline.py
[2026-09-21T13:33:18.604+0000] {processor.py:925} INFO - DAG(s) 'dss150p_sales_pipeline' retrieved from /opt/airflow/dags/dss150p_pipeline.py
[2026-09-21T13:33:18.636+0000] {logging_mixin.py:190} INFO - [2026-09-21T13:33:18.635+0000] {dag.py:3239} INFO - Sync 1 DAGs
[2026-09-21T13:33:18.649+0000] {logging_mixin.py:190} INFO - [2026-09-21T13:33:18.649+0000] {dag.py:4180} INFO - Setting next_dagrun for dss150p_sales_pipeline to 2026-09-21 02:00:00+00:00, run_after=2026-09-22 02:00:00+00:00
[2026-09-21T13:33:18.659+0000] {processor.py:208} INFO - Processing /opt/airflow/dags/dss150p_pipeline.py took 0.082 seconds
[2026-09-21T13:33:48.777+0000] {processor.py:186} INFO - Started process (PID=1104) to work on /opt/airflow/dags/dss150p_pipeline.py
[2026-09-21T13:33:48.777+0000] {processor.py:914} INFO - Processing file /opt/airflow/dags/dss150p_pipeline.py for tasks to queue
[2026-09-21T13:33:48.779+0000] {logging_mixin.py:190} INFO - [2026-09-21T13:33:48.779+0000] {dagbag.py:588} INFO - Filling up the DagBag from /opt/airflow/dags/dss150p_pipeline.py
[2026-09-21T13:33:48.796+0000] {processor.py:925} INFO - DAG(s) 'dss150p_sales_pipeline' retrieved from /opt/airflow/dags/dss150p_pipeline.py
[2026-09-21T13:33:48.829+0000] {logging_mixin.py:190} INFO - [2026-09-21T13:33:48.829+0000] {dag.py:3239} INFO - Sync 1 DAGs
[2026-09-21T13:33:48.843+0000] {logging_mixin.py:190} INFO - [2026-09-21T13:33:48.843+0000] {dag.py:4180} INFO - Setting next_dagrun for dss150p_sales_pipeline to 2026-09-21 02:00:00+00:00, run_after=2026-09-22 02:00:00+00:00
[2026-09-21T13:33:48.862+0000] {processor.py:208} INFO - Processing /opt/airflow/dags/dss150p_pipeline.py took 0.091 seconds
[2026-09-21T13:34:18.946+0000] {processor.py:186} INFO - Started process (PID=1109) to work on /opt/airflow/dags/dss150p_pipeline.py
[2026-09-21T13:34:18.947+0000] {processor.py:914} INFO - Processing file /opt/airflow/dags/dss150p_pipeline.py for tasks to queue
[2026-09-21T13:34:18.949+0000] {logging_mixin.py:190} INFO - [2026-09-21T13:34:18.949+0000] {dagbag.py:588} INFO - Filling up the DagBag from /opt/airflow/dags/dss150p_pipeline.py
[2026-09-21T13:34:18.965+0000] {processor.py:925} INFO - DAG(s) 'dss150p_sales_pipeline' retrieved from /opt/airflow/dags/dss150p_pipeline.py
[2026-09-21T13:34:18.995+0000] {logging_mixin.py:190} INFO - [2026-09-21T13:34:18.995+0000] {dag.py:3239} INFO - Sync 1 DAGs
[2026-09-21T13:34:19.007+0000] {logging_mixin.py:190} INFO - [2026-09-21T13:34:19.007+0000] {dag.py:4180} INFO - Setting next_dagrun for dss150p_sales_pipeline to 2026-09-21 02:00:00+00:00, run_after=2026-09-22 02:00:00+00:00
[2026-09-21T13:34:19.018+0000] {processor.py:208} INFO - Processing /opt/airflow/dags/dss150p_pipeline.py took 0.077 seconds
[2026-09-21T13:34:49.139+0000] {processor.py:186} INFO - Started process (PID=1114) to work on /opt/airflow/dags/dss150p_pipeline.py
[2026-09-21T13:34:49.140+0000] {processor.py:914} INFO - Processing file /opt/airflow/dags/dss150p_pipeline.py for tasks to queue
[2026-09-21T13:34:49.142+0000] {logging_mixin.py:190} INFO - [2026-09-21T13:34:49.141+0000] {dagbag.py:588} INFO - Filling up the DagBag from /opt/airflow/dags/dss150p_pipeline.py
[2026-09-21T13:34:49.158+0000] {processor.py:925} INFO - DAG(s) 'dss150p_sales_pipeline' retrieved from /opt/airflow/dags/dss150p_pipeline.py
[2026-09-21T13:34:49.190+0000] {logging_mixin.py:190} INFO - [2026-09-21T13:34:49.190+0000] {dag.py:3239} INFO - Sync 1 DAGs
[2026-09-21T13:34:49.202+0000] {logging_mixin.py:190} INFO - [2026-09-21T13:34:49.202+0000] {dag.py:4180} INFO - Setting next_dagrun for dss150p_sales_pipeline to 2026-09-21 02:00:00+00:00, run_after=2026-09-22 02:00:00+00:00
[2026-09-21T13:34:49.212+0000] {processor.py:208} INFO - Processing /opt/airflow/dags/dss150p_pipeline.py took 0.078 seconds
[2026-09-21T13:35:19.305+0000] {processor.py:186} INFO - Started process (PID=1119) to work on /opt/airflow/dags/dss150p_pipeline.py
[2026-09-21T13:35:19.306+0000] {processor.py:914} INFO - Processing file /opt/airflow/dags/dss150p_pipeline.py for tasks to queue
[2026-09-21T13:35:19.309+0000] {logging_mixin.py:190} INFO - [2026-09-21T13:35:19.308+0000] {dagbag.py:588} INFO - Filling up the DagBag from /opt/airflow/dags/dss150p_pipeline.py
[2026-09-21T13:35:19.331+0000] {processor.py:925} INFO - DAG(s) 'dss150p_sales_pipeline' retrieved from /opt/airflow/dags/dss150p_pipeline.py
[2026-09-21T13:35:19.368+0000] {logging_mixin.py:190} INFO - [2026-09-21T13:35:19.368+0000] {dag.py:3239} INFO - Sync 1 DAGs
[2026-09-21T13:35:19.386+0000] {logging_mixin.py:190} INFO - [2026-09-21T13:35:19.386+0000] {dag.py:4180} INFO - Setting next_dagrun for dss150p_sales_pipeline to 2026-09-21 02:00:00+00:00, run_after=2026-09-22 02:00:00+00:00
[2026-09-21T13:35:19.398+0000] {processor.py:208} INFO - Processing /opt/airflow/dags/dss150p_pipeline.py took 0.101 seconds
[2026-09-21T13:35:49.498+0000] {processor.py:186} INFO - Started process (PID=1124) to work on /opt/airflow/dags/dss150p_pipeline.py
[2026-09-21T13:35:49.499+0000] {processor.py:914} INFO - Processing file /opt/airflow/dags/dss150p_pipeline.py for tasks to queue
[2026-09-21T13:35:49.501+0000] {logging_mixin.py:190} INFO - [2026-09-21T13:35:49.501+0000] {dagbag.py:588} INFO - Filling up the DagBag from /opt/airflow/dags/dss150p_pipeline.py
[2026-09-21T13:35:49.520+0000] {processor.py:925} INFO - DAG(s) 'dss150p_sales_pipeline' retrieved from /opt/airflow/dags/dss150p_pipeline.py
[2026-09-21T13:35:49.555+0000] {logging_mixin.py:190} INFO - [2026-09-21T13:35:49.555+0000] {dag.py:3239} INFO - Sync 1 DAGs
[2026-09-21T13:35:49.570+0000] {logging_mixin.py:190} INFO - [2026-09-21T13:35:49.570+0000] {dag.py:4180} INFO - Setting next_dagrun for dss150p_sales_pipeline to 2026-09-21 02:00:00+00:00, run_after=2026-09-22 02:00:00+00:00
[2026-09-21T13:35:49.581+0000] {processor.py:208} INFO - Processing /opt/airflow/dags/dss150p_pipeline.py took 0.089 seconds
[2026-09-21T13:36:19.678+0000] {processor.py:186} INFO - Started process (PID=1129) to work on /opt/airflow/dags/dss150p_pipeline.py
[2026-09-21T13:36:19.679+0000] {processor.py:914} INFO - Processing file /opt/airflow/dags/dss150p_pipeline.py for tasks to queue
[2026-09-21T13:36:19.681+0000] {logging_mixin.py:190} INFO - [2026-09-21T13:36:19.681+0000] {dagbag.py:588} INFO - Filling up the DagBag from /opt/airflow/dags/dss150p_pipeline.py
[2026-09-21T13:36:19.698+0000] {processor.py:925} INFO - DAG(s) 'dss150p_sales_pipeline' retrieved from /opt/airflow/dags/dss150p_pipeline.py
[2026-09-21T13:36:19.728+0000] {logging_mixin.py:190} INFO - [2026-09-21T13:36:19.728+0000] {dag.py:3239} INFO - Sync 1 DAGs
[2026-09-21T13:36:19.742+0000] {logging_mixin.py:190} INFO - [2026-09-21T13:36:19.742+0000] {dag.py:4180} INFO - Setting next_dagrun for dss150p_sales_pipeline to 2026-09-21 02:00:00+00:00, run_after=2026-09-22 02:00:00+00:00
[2026-09-21T13:36:19.762+0000] {processor.py:208} INFO - Processing /opt/airflow/dags/dss150p_pipeline.py took 0.089 seconds
[2026-09-21T13:36:49.857+0000] {processor.py:186} INFO - Started process (PID=1134) to work on /opt/airflow/dags/dss150p_pipeline.py
[2026-09-21T13:36:49.858+0000] {processor.py:914} INFO - Processing file /opt/airflow/dags/dss150p_pipeline.py for tasks to queue
[2026-09-21T13:36:49.860+0000] {logging_mixin.py:190} INFO - [2026-09-21T13:36:49.860+0000] {dagbag.py:588} INFO - Filling up the DagBag from /opt/airflow/dags/dss150p_pipeline.py
[2026-09-21T13:36:49.876+0000] {processor.py:925} INFO - DAG(s) 'dss150p_sales_pipeline' retrieved from /opt/airflow/dags/dss150p_pipeline.py
[2026-09-21T13:36:49.906+0000] {logging_mixin.py:190} INFO - [2026-09-21T13:36:49.906+0000] {dag.py:3239} INFO - Sync 1 DAGs
[2026-09-21T13:36:49.919+0000] {logging_mixin.py:190} INFO - [2026-09-21T13:36:49.918+0000] {dag.py:4180} INFO - Setting next_dagrun for dss150p_sales_pipeline to 2026-09-21 02:00:00+00:00, run_after=2026-09-22 02:00:00+00:00
[2026-09-21T13:36:49.930+0000] {processor.py:208} INFO - Processing /opt/airflow/dags/dss150p_pipeline.py took 0.078 seconds
[2026-09-21T13:37:20.070+0000] {processor.py:186} INFO - Started process (PID=1139) to work on /opt/airflow/dags/dss150p_pipeline.py
[2026-09-21T13:37:20.070+0000] {processor.py:914} INFO - Processing file /opt/airflow/dags/dss150p_pipeline.py for tasks to queue
[2026-09-21T13:37:20.074+0000] {logging_mixin.py:190} INFO - [2026-09-21T13:37:20.073+0000] {dagbag.py:588} INFO - Filling up the DagBag from /opt/airflow/dags/dss150p_pipeline.py
[2026-09-21T13:37:20.092+0000] {processor.py:925} INFO - DAG(s) 'dss150p_sales_pipeline' retrieved from /opt/airflow/dags/dss150p_pipeline.py
[2026-09-21T13:37:20.125+0000] {logging_mixin.py:190} INFO - [2026-09-21T13:37:20.125+0000] {dag.py:3239} INFO - Sync 1 DAGs
[2026-09-21T13:37:20.140+0000] {logging_mixin.py:190} INFO - [2026-09-21T13:37:20.140+0000] {dag.py:4180} INFO - Setting next_dagrun for dss150p_sales_pipeline to 2026-09-21 02:00:00+00:00, run_after=2026-09-22 02:00:00+00:00
[2026-09-21T13:37:20.160+0000] {processor.py:208} INFO - Processing /opt/airflow/dags/dss150p_pipeline.py took 0.096 seconds
[2026-09-21T13:37:50.229+0000] {processor.py:186} INFO - Started process (PID=1144) to work on /opt/airflow/dags/dss150p_pipeline.py
[2026-09-21T13:37:50.230+0000] {processor.py:914} INFO - Processing file /opt/airflow/dags/dss150p_pipeline.py for tasks to queue
[2026-09-21T13:37:50.232+0000] {logging_mixin.py:190} INFO - [2026-09-21T13:37:50.232+0000] {dagbag.py:588} INFO - Filling up the DagBag from /opt/airflow/dags/dss150p_pipeline.py
[2026-09-21T13:37:50.250+0000] {processor.py:925} INFO - DAG(s) 'dss150p_sales_pipeline' retrieved from /opt/airflow/dags/dss150p_pipeline.py
[2026-09-21T13:37:50.284+0000] {logging_mixin.py:190} INFO - [2026-09-21T13:37:50.284+0000] {dag.py:3239} INFO - Sync 1 DAGs
[2026-09-21T13:37:50.299+0000] {logging_mixin.py:190} INFO - [2026-09-21T13:37:50.299+0000] {dag.py:4180} INFO - Setting next_dagrun for dss150p_sales_pipeline to 2026-09-21 02:00:00+00:00, run_after=2026-09-22 02:00:00+00:00
[2026-09-21T13:37:50.310+0000] {processor.py:208} INFO - Processing /opt/airflow/dags/dss150p_pipeline.py took 0.086 seconds
[2026-09-21T13:38:20.451+0000] {processor.py:186} INFO - Started process (PID=1149) to work on /opt/airflow/dags/dss150p_pipeline.py
[2026-09-21T13:38:20.452+0000] {processor.py:914} INFO - Processing file /opt/airflow/dags/dss150p_pipeline.py for tasks to queue
[2026-09-21T13:38:20.454+0000] {logging_mixin.py:190} INFO - [2026-09-21T13:38:20.454+0000] {dagbag.py:588} INFO - Filling up the DagBag from /opt/airflow/dags/dss150p_pipeline.py
[2026-09-21T13:38:20.472+0000] {processor.py:925} INFO - DAG(s) 'dss150p_sales_pipeline' retrieved from /opt/airflow/dags/dss150p_pipeline.py
[2026-09-21T13:38:20.505+0000] {logging_mixin.py:190} INFO - [2026-09-21T13:38:20.504+0000] {dag.py:3239} INFO - Sync 1 DAGs
[2026-09-21T13:38:20.520+0000] {logging_mixin.py:190} INFO - [2026-09-21T13:38:20.520+0000] {dag.py:4180} INFO - Setting next_dagrun for dss150p_sales_pipeline to 2026-09-21 02:00:00+00:00, run_after=2026-09-22 02:00:00+00:00
[2026-09-21T13:38:20.531+0000] {processor.py:208} INFO - Processing /opt/airflow/dags/dss150p_pipeline.py took 0.085 seconds
[2026-09-21T13:38:50.611+0000] {processor.py:186} INFO - Started process (PID=1154) to work on /opt/airflow/dags/dss150p_pipeline.py
[2026-09-21T13:38:50.612+0000] {processor.py:914} INFO - Processing file /opt/airflow/dags/dss150p_pipeline.py for tasks to queue
[2026-09-21T13:38:50.614+0000] {logging_mixin.py:190} INFO - [2026-09-21T13:38:50.613+0000] {dagbag.py:588} INFO - Filling up the DagBag from /opt/airflow/dags/dss150p_pipeline.py
[2026-09-21T13:38:50.631+0000] {processor.py:925} INFO - DAG(s) 'dss150p_sales_pipeline' retrieved from /opt/airflow/dags/dss150p_pipeline.py
[2026-09-21T13:38:50.664+0000] {logging_mixin.py:190} INFO - [2026-09-21T13:38:50.664+0000] {dag.py:3239} INFO - Sync 1 DAGs
[2026-09-21T13:38:50.679+0000] {logging_mixin.py:190} INFO - [2026-09-21T13:38:50.679+0000] {dag.py:4180} INFO - Setting next_dagrun for dss150p_sales_pipeline to 2026-09-21 02:00:00+00:00, run_after=2026-09-22 02:00:00+00:00
[2026-09-21T13:38:50.690+0000] {processor.py:208} INFO - Processing /opt/airflow/dags/dss150p_pipeline.py took 0.085 seconds
[2026-09-21T13:39:20.814+0000] {processor.py:186} INFO - Started process (PID=1159) to work on /opt/airflow/dags/dss150p_pipeline.py
[2026-09-21T13:39:20.815+0000] {processor.py:914} INFO - Processing file /opt/airflow/dags/dss150p_pipeline.py for tasks to queue
[2026-09-21T13:39:20.817+0000] {logging_mixin.py:190} INFO - [2026-09-21T13:39:20.817+0000] {dagbag.py:588} INFO - Filling up the DagBag from /opt/airflow/dags/dss150p_pipeline.py
[2026-09-21T13:39:20.836+0000] {processor.py:925} INFO - DAG(s) 'dss150p_sales_pipeline' retrieved from /opt/airflow/dags/dss150p_pipeline.py
[2026-09-21T13:39:20.869+0000] {logging_mixin.py:190} INFO - [2026-09-21T13:39:20.869+0000] {dag.py:3239} INFO - Sync 1 DAGs
[2026-09-21T13:39:20.884+0000] {logging_mixin.py:190} INFO - [2026-09-21T13:39:20.884+0000] {dag.py:4180} INFO - Setting next_dagrun for dss150p_sales_pipeline to 2026-09-21 02:00:00+00:00, run_after=2026-09-22 02:00:00+00:00
[2026-09-21T13:39:20.895+0000] {processor.py:208} INFO - Processing /opt/airflow/dags/dss150p_pipeline.py took 0.087 seconds
[2026-09-21T13:39:50.974+0000] {processor.py:186} INFO - Started process (PID=1164) to work on /opt/airflow/dags/dss150p_pipeline.py
[2026-09-21T13:39:50.975+0000] {processor.py:914} INFO - Processing file /opt/airflow/dags/dss150p_pipeline.py for tasks to queue
[2026-09-21T13:39:50.977+0000] {logging_mixin.py:190} INFO - [2026-09-21T13:39:50.977+0000] {dagbag.py:588} INFO - Filling up the DagBag from /opt/airflow/dags/dss150p_pipeline.py
[2026-09-21T13:39:50.995+0000] {processor.py:925} INFO - DAG(s) 'dss150p_sales_pipeline' retrieved from /opt/airflow/dags/dss150p_pipeline.py
[2026-09-21T13:39:51.027+0000] {logging_mixin.py:190} INFO - [2026-09-21T13:39:51.027+0000] {dag.py:3239} INFO - Sync 1 DAGs
[2026-09-21T13:39:51.040+0000] {logging_mixin.py:190} INFO - [2026-09-21T13:39:51.040+0000] {dag.py:4180} INFO - Setting next_dagrun for dss150p_sales_pipeline to 2026-09-21 02:00:00+00:00, run_after=2026-09-22 02:00:00+00:00
[2026-09-21T13:39:51.052+0000] {processor.py:208} INFO - Processing /opt/airflow/dags/dss150p_pipeline.py took 0.084 seconds
[2026-09-21T13:40:21.178+0000] {processor.py:186} INFO - Started process (PID=1169) to work on /opt/airflow/dags/dss150p_pipeline.py
[2026-09-21T13:40:21.178+0000] {processor.py:914} INFO - Processing file /opt/airflow/dags/dss150p_pipeline.py for tasks to queue
[2026-09-21T13:40:21.180+0000] {logging_mixin.py:190} INFO - [2026-09-21T13:40:21.180+0000] {dagbag.py:588} INFO - Filling up the DagBag from /opt/airflow/dags/dss150p_pipeline.py
[2026-09-21T13:40:21.195+0000] {processor.py:925} INFO - DAG(s) 'dss150p_sales_pipeline' retrieved from /opt/airflow/dags/dss150p_pipeline.py
[2026-09-21T13:40:21.224+0000] {logging_mixin.py:190} INFO - [2026-09-21T13:40:21.224+0000] {dag.py:3239} INFO - Sync 1 DAGs
[2026-09-21T13:40:21.237+0000] {logging_mixin.py:190} INFO - [2026-09-21T13:40:21.237+0000] {dag.py:4180} INFO - Setting next_dagrun for dss150p_sales_pipeline to 2026-09-21 02:00:00+00:00, run_after=2026-09-22 02:00:00+00:00
[2026-09-21T13:40:21.254+0000] {processor.py:208} INFO - Processing /opt/airflow/dags/dss150p_pipeline.py took 0.081 seconds
[2026-09-21T13:40:51.332+0000] {processor.py:186} INFO - Started process (PID=1174) to work on /opt/airflow/dags/dss150p_pipeline.py
[2026-09-21T13:40:51.333+0000] {processor.py:914} INFO - Processing file /opt/airflow/dags/dss150p_pipeline.py for tasks to queue
[2026-09-21T13:40:51.334+0000] {logging_mixin.py:190} INFO - [2026-09-21T13:40:51.334+0000] {dagbag.py:588} INFO - Filling up the DagBag from /opt/airflow/dags/dss150p_pipeline.py
[2026-09-21T13:40:51.351+0000] {processor.py:925} INFO - DAG(s) 'dss150p_sales_pipeline' retrieved from /opt/airflow/dags/dss150p_pipeline.py
[2026-09-21T13:40:51.384+0000] {logging_mixin.py:190} INFO - [2026-09-21T13:40:51.383+0000] {dag.py:3239} INFO - Sync 1 DAGs
[2026-09-21T13:40:51.397+0000] {logging_mixin.py:190} INFO - [2026-09-21T13:40:51.396+0000] {dag.py:4180} INFO - Setting next_dagrun for dss150p_sales_pipeline to 2026-09-21 02:00:00+00:00, run_after=2026-09-22 02:00:00+00:00
[2026-09-21T13:40:51.408+0000] {processor.py:208} INFO - Processing /opt/airflow/dags/dss150p_pipeline.py took 0.081 seconds
[2026-09-21T13:41:21.534+0000] {processor.py:186} INFO - Started process (PID=1179) to work on /opt/airflow/dags/dss150p_pipeline.py
[2026-09-21T13:41:21.535+0000] {processor.py:914} INFO - Processing file /opt/airflow/dags/dss150p_pipeline.py for tasks to queue
[2026-09-21T13:41:21.537+0000] {logging_mixin.py:190} INFO - [2026-09-21T13:41:21.537+0000] {dagbag.py:588} INFO - Filling up the DagBag from /opt/airflow/dags/dss150p_pipeline.py
[2026-09-21T13:41:21.554+0000] {processor.py:925} INFO - DAG(s) 'dss150p_sales_pipeline' retrieved from /opt/airflow/dags/dss150p_pipeline.py
[2026-09-21T13:41:21.585+0000] {logging_mixin.py:190} INFO - [2026-09-21T13:41:21.585+0000] {dag.py:3239} INFO - Sync 1 DAGs
[2026-09-21T13:41:21.599+0000] {logging_mixin.py:190} INFO - [2026-09-21T13:41:21.599+0000] {dag.py:4180} INFO - Setting next_dagrun for dss150p_sales_pipeline to 2026-09-21 02:00:00+00:00, run_after=2026-09-22 02:00:00+00:00
[2026-09-21T13:41:21.609+0000] {processor.py:208} INFO - Processing /opt/airflow/dags/dss150p_pipeline.py took 0.080 seconds
[2026-09-21T13:41:51.696+0000] {processor.py:186} INFO - Started process (PID=1184) to work on /opt/airflow/dags/dss150p_pipeline.py
[2026-09-21T13:41:51.696+0000] {processor.py:914} INFO - Processing file /opt/airflow/dags/dss150p_pipeline.py for tasks to queue
[2026-09-21T13:41:51.698+0000] {logging_mixin.py:190} INFO - [2026-09-21T13:41:51.698+0000] {dagbag.py:588} INFO - Filling up the DagBag from /opt/airflow/dags/dss150p_pipeline.py
[2026-09-21T13:41:51.717+0000] {processor.py:925} INFO - DAG(s) 'dss150p_sales_pipeline' retrieved from /opt/airflow/dags/dss150p_pipeline.py
[2026-09-21T13:41:51.750+0000] {logging_mixin.py:190} INFO - [2026-09-21T13:41:51.750+0000] {dag.py:3239} INFO - Sync 1 DAGs
[2026-09-21T13:41:51.763+0000] {logging_mixin.py:190} INFO - [2026-09-21T13:41:51.763+0000] {dag.py:4180} INFO - Setting next_dagrun for dss150p_sales_pipeline to 2026-09-21 02:00:00+00:00, run_after=2026-09-22 02:00:00+00:00
[2026-09-21T13:41:51.774+0000] {processor.py:208} INFO - Processing /opt/airflow/dags/dss150p_pipeline.py took 0.085 seconds
[2026-09-21T13:42:21.913+0000] {processor.py:186} INFO - Started process (PID=1189) to work on /opt/airflow/dags/dss150p_pipeline.py
[2026-09-21T13:42:21.914+0000] {processor.py:914} INFO - Processing file /opt/airflow/dags/dss150p_pipeline.py for tasks to queue
[2026-09-21T13:42:21.916+0000] {logging_mixin.py:190} INFO - [2026-09-21T13:42:21.916+0000] {dagbag.py:588} INFO - Filling up the DagBag from /opt/airflow/dags/dss150p_pipeline.py
[2026-09-21T13:42:21.935+0000] {processor.py:925} INFO - DAG(s) 'dss150p_sales_pipeline' retrieved from /opt/airflow/dags/dss150p_pipeline.py
[2026-09-21T13:42:21.969+0000] {logging_mixin.py:190} INFO - [2026-09-21T13:42:21.969+0000] {dag.py:3239} INFO - Sync 1 DAGs
[2026-09-21T13:42:21.983+0000] {logging_mixin.py:190} INFO - [2026-09-21T13:42:21.983+0000] {dag.py:4180} INFO - Setting next_dagrun for dss150p_sales_pipeline to 2026-09-21 02:00:00+00:00, run_after=2026-09-22 02:00:00+00:00
[2026-09-21T13:42:22.003+0000] {processor.py:208} INFO - Processing /opt/airflow/dags/dss150p_pipeline.py took 0.095 seconds
[2026-09-21T13:42:52.070+0000] {processor.py:186} INFO - Started process (PID=1194) to work on /opt/airflow/dags/dss150p_pipeline.py
[2026-09-21T13:42:52.071+0000] {processor.py:914} INFO - Processing file /opt/airflow/dags/dss150p_pipeline.py for tasks to queue
[2026-09-21T13:42:52.073+0000] {logging_mixin.py:190} INFO - [2026-09-21T13:42:52.073+0000] {dagbag.py:588} INFO - Filling up the DagBag from /opt/airflow/dags/dss150p_pipeline.py
[2026-09-21T13:42:52.090+0000] {processor.py:925} INFO - DAG(s) 'dss150p_sales_pipeline' retrieved from /opt/airflow/dags/dss150p_pipeline.py
[2026-09-21T13:42:52.122+0000] {logging_mixin.py:190} INFO - [2026-09-21T13:42:52.122+0000] {dag.py:3239} INFO - Sync 1 DAGs
[2026-09-21T13:42:52.135+0000] {logging_mixin.py:190} INFO - [2026-09-21T13:42:52.135+0000] {dag.py:4180} INFO - Setting next_dagrun for dss150p_sales_pipeline to 2026-09-21 02:00:00+00:00, run_after=2026-09-22 02:00:00+00:00
[2026-09-21T13:42:52.146+0000] {processor.py:208} INFO - Processing /opt/airflow/dags/dss150p_pipeline.py took 0.081 seconds
[2026-09-21T13:43:22.287+0000] {processor.py:186} INFO - Started process (PID=1199) to work on /opt/airflow/dags/dss150p_pipeline.py
[2026-09-21T13:43:22.287+0000] {processor.py:914} INFO - Processing file /opt/airflow/dags/dss150p_pipeline.py for tasks to queue
[2026-09-21T13:43:22.290+0000] {logging_mixin.py:190} INFO - [2026-09-21T13:43:22.289+0000] {dagbag.py:588} INFO - Filling up the DagBag from /opt/airflow/dags/dss150p_pipeline.py
[2026-09-21T13:43:22.308+0000] {processor.py:925} INFO - DAG(s) 'dss150p_sales_pipeline' retrieved from /opt/airflow/dags/dss150p_pipeline.py
[2026-09-21T13:43:22.340+0000] {logging_mixin.py:190} INFO - [2026-09-21T13:43:22.339+0000] {dag.py:3239} INFO - Sync 1 DAGs
[2026-09-21T13:43:22.353+0000] {logging_mixin.py:190} INFO - [2026-09-21T13:43:22.353+0000] {dag.py:4180} INFO - Setting next_dagrun for dss150p_sales_pipeline to 2026-09-21 02:00:00+00:00, run_after=2026-09-22 02:00:00+00:00
[2026-09-21T13:43:22.373+0000] {processor.py:208} INFO - Processing /opt/airflow/dags/dss150p_pipeline.py took 0.091 seconds
[2026-09-21T13:43:52.444+0000] {processor.py:186} INFO - Started process (PID=1204) to work on /opt/airflow/dags/dss150p_pipeline.py
[2026-09-21T13:43:52.445+0000] {processor.py:914} INFO - Processing file /opt/airflow/dags/dss150p_pipeline.py for tasks to queue
[2026-09-21T13:43:52.446+0000] {logging_mixin.py:190} INFO - [2026-09-21T13:43:52.446+0000] {dagbag.py:588} INFO - Filling up the DagBag from /opt/airflow/dags/dss150p_pipeline.py
[2026-09-21T13:43:52.462+0000] {processor.py:925} INFO - DAG(s) 'dss150p_sales_pipeline' retrieved from /opt/airflow/dags/dss150p_pipeline.py
[2026-09-21T13:43:52.492+0000] {logging_mixin.py:190} INFO - [2026-09-21T13:43:52.492+0000] {dag.py:3239} INFO - Sync 1 DAGs
[2026-09-21T13:43:52.504+0000] {logging_mixin.py:190} INFO - [2026-09-21T13:43:52.504+0000] {dag.py:4180} INFO - Setting next_dagrun for dss150p_sales_pipeline to 2026-09-21 02:00:00+00:00, run_after=2026-09-22 02:00:00+00:00
[2026-09-21T13:43:52.523+0000] {processor.py:208} INFO - Processing /opt/airflow/dags/dss150p_pipeline.py took 0.084 seconds
[2026-09-21T13:44:22.648+0000] {processor.py:186} INFO - Started process (PID=1209) to work on /opt/airflow/dags/dss150p_pipeline.py
[2026-09-21T13:44:22.649+0000] {processor.py:914} INFO - Processing file /opt/airflow/dags/dss150p_pipeline.py for tasks to queue
[2026-09-21T13:44:22.650+0000] {logging_mixin.py:190} INFO - [2026-09-21T13:44:22.650+0000] {dagbag.py:588} INFO - Filling up the DagBag from /opt/airflow/dags/dss150p_pipeline.py
[2026-09-21T13:44:22.667+0000] {processor.py:925} INFO - DAG(s) 'dss150p_sales_pipeline' retrieved from /opt/airflow/dags/dss150p_pipeline.py
[2026-09-21T13:44:22.698+0000] {logging_mixin.py:190} INFO - [2026-09-21T13:44:22.698+0000] {dag.py:3239} INFO - Sync 1 DAGs
[2026-09-21T13:44:22.711+0000] {logging_mixin.py:190} INFO - [2026-09-21T13:44:22.711+0000] {dag.py:4180} INFO - Setting next_dagrun for dss150p_sales_pipeline to 2026-09-21 02:00:00+00:00, run_after=2026-09-22 02:00:00+00:00
[2026-09-21T13:44:22.722+0000] {processor.py:208} INFO - Processing /opt/airflow/dags/dss150p_pipeline.py took 0.079 seconds
[2026-09-21T13:44:52.809+0000] {processor.py:186} INFO - Started process (PID=1372) to work on /opt/airflow/dags/dss150p_pipeline.py
[2026-09-21T13:44:52.810+0000] {processor.py:914} INFO - Processing file /opt/airflow/dags/dss150p_pipeline.py for tasks to queue
[2026-09-21T13:44:52.812+0000] {logging_mixin.py:190} INFO - [2026-09-21T13:44:52.811+0000] {dagbag.py:588} INFO - Filling up the DagBag from /opt/airflow/dags/dss150p_pipeline.py
[2026-09-21T13:44:52.829+0000] {processor.py:925} INFO - DAG(s) 'dss150p_sales_pipeline' retrieved from /opt/airflow/dags/dss150p_pipeline.py
[2026-09-21T13:44:52.861+0000] {logging_mixin.py:190} INFO - [2026-09-21T13:44:52.861+0000] {dag.py:3239} INFO - Sync 1 DAGs
[2026-09-21T13:44:52.874+0000] {logging_mixin.py:190} INFO - [2026-09-21T13:44:52.874+0000] {dag.py:4180} INFO - Setting next_dagrun for dss150p_sales_pipeline to 2026-09-21 02:00:00+00:00, run_after=2026-09-22 02:00:00+00:00
[2026-09-21T13:44:52.884+0000] {processor.py:208} INFO - Processing /opt/airflow/dags/dss150p_pipeline.py took 0.082 seconds
[2026-09-21T13:45:23.016+0000] {processor.py:186} INFO - Started process (PID=1377) to work on /opt/airflow/dags/dss150p_pipeline.py
[2026-09-21T13:45:23.017+0000] {processor.py:914} INFO - Processing file /opt/airflow/dags/dss150p_pipeline.py for tasks to queue
[2026-09-21T13:45:23.019+0000] {logging_mixin.py:190} INFO - [2026-09-21T13:45:23.019+0000] {dagbag.py:588} INFO - Filling up the DagBag from /opt/airflow/dags/dss150p_pipeline.py
[2026-09-21T13:45:23.036+0000] {processor.py:925} INFO - DAG(s) 'dss150p_sales_pipeline' retrieved from /opt/airflow/dags/dss150p_pipeline.py
[2026-09-21T13:45:23.073+0000] {logging_mixin.py:190} INFO - [2026-09-21T13:45:23.073+0000] {dag.py:3239} INFO - Sync 1 DAGs
[2026-09-21T13:45:23.088+0000] {logging_mixin.py:190} INFO - [2026-09-21T13:45:23.087+0000] {dag.py:4180} INFO - Setting next_dagrun for dss150p_sales_pipeline to 2026-09-21 02:00:00+00:00, run_after=2026-09-22 02:00:00+00:00
[2026-09-21T13:45:23.100+0000] {processor.py:208} INFO - Processing /opt/airflow/dags/dss150p_pipeline.py took 0.090 seconds
[2026-09-21T13:45:53.169+0000] {processor.py:186} INFO - Started process (PID=1382) to work on /opt/airflow/dags/dss150p_pipeline.py
[2026-09-21T13:45:53.170+0000] {processor.py:914} INFO - Processing file /opt/airflow/dags/dss150p_pipeline.py for tasks to queue
[2026-09-21T13:45:53.171+0000] {logging_mixin.py:190} INFO - [2026-09-21T13:45:53.171+0000] {dagbag.py:588} INFO - Filling up the DagBag from /opt/airflow/dags/dss150p_pipeline.py
[2026-09-21T13:45:53.190+0000] {processor.py:925} INFO - DAG(s) 'dss150p_sales_pipeline' retrieved from /opt/airflow/dags/dss150p_pipeline.py
[2026-09-21T13:45:53.230+0000] {logging_mixin.py:190} INFO - [2026-09-21T13:45:53.230+0000] {dag.py:3239} INFO - Sync 1 DAGs
[2026-09-21T13:45:53.246+0000] {logging_mixin.py:190} INFO - [2026-09-21T13:45:53.246+0000] {dag.py:4180} INFO - Setting next_dagrun for dss150p_sales_pipeline to 2026-09-21 02:00:00+00:00, run_after=2026-09-22 02:00:00+00:00
[2026-09-21T13:45:53.258+0000] {processor.py:208} INFO - Processing /opt/airflow/dags/dss150p_pipeline.py took 0.095 seconds
[2026-09-21T13:46:23.384+0000] {processor.py:186} INFO - Started process (PID=1387) to work on /opt/airflow/dags/dss150p_pipeline.py
[2026-09-21T13:46:23.384+0000] {processor.py:914} INFO - Processing file /opt/airflow/dags/dss150p_pipeline.py for tasks to queue
[2026-09-21T13:46:23.386+0000] {logging_mixin.py:190} INFO - [2026-09-21T13:46:23.386+0000] {dagbag.py:588} INFO - Filling up the DagBag from /opt/airflow/dags/dss150p_pipeline.py
[2026-09-21T13:46:23.406+0000] {processor.py:925} INFO - DAG(s) 'dss150p_sales_pipeline' retrieved from /opt/airflow/dags/dss150p_pipeline.py
[2026-09-21T13:46:23.438+0000] {logging_mixin.py:190} INFO - [2026-09-21T13:46:23.438+0000] {dag.py:3239} INFO - Sync 1 DAGs
[2026-09-21T13:46:23.453+0000] {logging_mixin.py:190} INFO - [2026-09-21T13:46:23.453+0000] {dag.py:4180} INFO - Setting next_dagrun for dss150p_sales_pipeline to 2026-09-21 02:00:00+00:00, run_after=2026-09-22 02:00:00+00:00
[2026-09-21T13:46:23.464+0000] {processor.py:208} INFO - Processing /opt/airflow/dags/dss150p_pipeline.py took 0.086 seconds
[2026-09-21T13:46:53.555+0000] {processor.py:186} INFO - Started process (PID=1392) to work on /opt/airflow/dags/dss150p_pipeline.py
[2026-09-21T13:46:53.556+0000] {processor.py:914} INFO - Processing file /opt/airflow/dags/dss150p_pipeline.py for tasks to queue
[2026-09-21T13:46:53.558+0000] {logging_mixin.py:190} INFO - [2026-09-21T13:46:53.557+0000] {dagbag.py:588} INFO - Filling up the DagBag from /opt/airflow/dags/dss150p_pipeline.py
[2026-09-21T13:46:53.575+0000] {processor.py:925} INFO - DAG(s) 'dss150p_sales_pipeline' retrieved from /opt/airflow/dags/dss150p_pipeline.py
[2026-09-21T13:46:53.609+0000] {logging_mixin.py:190} INFO - [2026-09-21T13:46:53.609+0000] {dag.py:3239} INFO - Sync 1 DAGs
[2026-09-21T13:46:53.623+0000] {logging_mixin.py:190} INFO - [2026-09-21T13:46:53.623+0000] {dag.py:4180} INFO - Setting next_dagrun for dss150p_sales_pipeline to 2026-09-21 02:00:00+00:00, run_after=2026-09-22 02:00:00+00:00
[2026-09-21T13:46:53.634+0000] {processor.py:208} INFO - Processing /opt/airflow/dags/dss150p_pipeline.py took 0.086 seconds
[2026-09-21T13:47:23.769+0000] {processor.py:186} INFO - Started process (PID=1397) to work on /opt/airflow/dags/dss150p_pipeline.py
[2026-09-21T13:47:23.770+0000] {processor.py:914} INFO - Processing file /opt/airflow/dags/dss150p_pipeline.py for tasks to queue
[2026-09-21T13:47:23.772+0000] {logging_mixin.py:190} INFO - [2026-09-21T13:47:23.772+0000] {dagbag.py:588} INFO - Filling up the DagBag from /opt/airflow/dags/dss150p_pipeline.py
[2026-09-21T13:47:23.791+0000] {processor.py:925} INFO - DAG(s) 'dss150p_sales_pipeline' retrieved from /opt/airflow/dags/dss150p_pipeline.py
[2026-09-21T13:47:23.829+0000] {logging_mixin.py:190} INFO - [2026-09-21T13:47:23.829+0000] {dag.py:3239} INFO - Sync 1 DAGs
[2026-09-21T13:47:23.847+0000] {logging_mixin.py:190} INFO - [2026-09-21T13:47:23.847+0000] {dag.py:4180} INFO - Setting next_dagrun for dss150p_sales_pipeline to 2026-09-21 02:00:00+00:00, run_after=2026-09-22 02:00:00+00:00
[2026-09-21T13:47:23.859+0000] {processor.py:208} INFO - Processing /opt/airflow/dags/dss150p_pipeline.py took 0.095 seconds
[2026-09-21T13:47:53.930+0000] {processor.py:186} INFO - Started process (PID=1402) to work on /opt/airflow/dags/dss150p_pipeline.py
[2026-09-21T13:47:53.930+0000] {processor.py:914} INFO - Processing file /opt/airflow/dags/dss150p_pipeline.py for tasks to queue
[2026-09-21T13:47:53.932+0000] {logging_mixin.py:190} INFO - [2026-09-21T13:47:53.932+0000] {dagbag.py:588} INFO - Filling up the DagBag from /opt/airflow/dags/dss150p_pipeline.py
[2026-09-21T13:47:53.950+0000] {processor.py:925} INFO - DAG(s) 'dss150p_sales_pipeline' retrieved from /opt/airflow/dags/dss150p_pipeline.py
[2026-09-21T13:47:53.985+0000] {logging_mixin.py:190} INFO - [2026-09-21T13:47:53.985+0000] {dag.py:3239} INFO - Sync 1 DAGs
[2026-09-21T13:47:54.000+0000] {logging_mixin.py:190} INFO - [2026-09-21T13:47:54.000+0000] {dag.py:4180} INFO - Setting next_dagrun for dss150p_sales_pipeline to 2026-09-21 02:00:00+00:00, run_after=2026-09-22 02:00:00+00:00
[2026-09-21T13:47:54.011+0000] {processor.py:208} INFO - Processing /opt/airflow/dags/dss150p_pipeline.py took 0.088 seconds
[2026-09-21T13:48:24.131+0000] {processor.py:186} INFO - Started process (PID=1407) to work on /opt/airflow/dags/dss150p_pipeline.py
[2026-09-21T13:48:24.132+0000] {processor.py:914} INFO - Processing file /opt/airflow/dags/dss150p_pipeline.py for tasks to queue
[2026-09-21T13:48:24.134+0000] {logging_mixin.py:190} INFO - [2026-09-21T13:48:24.134+0000] {dagbag.py:588} INFO - Filling up the DagBag from /opt/airflow/dags/dss150p_pipeline.py
[2026-09-21T13:48:24.154+0000] {processor.py:925} INFO - DAG(s) 'dss150p_sales_pipeline' retrieved from /opt/airflow/dags/dss150p_pipeline.py
[2026-09-21T13:48:24.188+0000] {logging_mixin.py:190} INFO - [2026-09-21T13:48:24.188+0000] {dag.py:3239} INFO - Sync 1 DAGs
[2026-09-21T13:48:24.205+0000] {logging_mixin.py:190} INFO - [2026-09-21T13:48:24.205+0000] {dag.py:4180} INFO - Setting next_dagrun for dss150p_sales_pipeline to 2026-09-21 02:00:00+00:00, run_after=2026-09-22 02:00:00+00:00
[2026-09-21T13:48:24.216+0000] {processor.py:208} INFO - Processing /opt/airflow/dags/dss150p_pipeline.py took 0.091 seconds
[2026-09-21T13:48:54.290+0000] {processor.py:186} INFO - Started process (PID=1412) to work on /opt/airflow/dags/dss150p_pipeline.py
[2026-09-21T13:48:54.291+0000] {processor.py:914} INFO - Processing file /opt/airflow/dags/dss150p_pipeline.py for tasks to queue
[2026-09-21T13:48:54.293+0000] {logging_mixin.py:190} INFO - [2026-09-21T13:48:54.293+0000] {dagbag.py:588} INFO - Filling up the DagBag from /opt/airflow/dags/dss150p_pipeline.py
[2026-09-21T13:48:54.311+0000] {processor.py:925} INFO - DAG(s) 'dss150p_sales_pipeline' retrieved from /opt/airflow/dags/dss150p_pipeline.py
[2026-09-21T13:48:54.344+0000] {logging_mixin.py:190} INFO - [2026-09-21T13:48:54.344+0000] {dag.py:3239} INFO - Sync 1 DAGs
[2026-09-21T13:48:54.363+0000] {logging_mixin.py:190} INFO - [2026-09-21T13:48:54.363+0000] {dag.py:4180} INFO - Setting next_dagrun for dss150p_sales_pipeline to 2026-09-21 02:00:00+00:00, run_after=2026-09-22 02:00:00+00:00
[2026-09-21T13:48:54.379+0000] {processor.py:208} INFO - Processing /opt/airflow/dags/dss150p_pipeline.py took 0.094 seconds
[2026-09-21T13:49:24.508+0000] {processor.py:186} INFO - Started process (PID=1417) to work on /opt/airflow/dags/dss150p_pipeline.py
[2026-09-21T13:49:24.509+0000] {processor.py:914} INFO - Processing file /opt/airflow/dags/dss150p_pipeline.py for tasks to queue
[2026-09-21T13:49:24.512+0000] {logging_mixin.py:190} INFO - [2026-09-21T13:49:24.511+0000] {dagbag.py:588} INFO - Filling up the DagBag from /opt/airflow/dags/dss150p_pipeline.py
[2026-09-21T13:49:24.532+0000] {processor.py:925} INFO - DAG(s) 'dss150p_sales_pipeline' retrieved from /opt/airflow/dags/dss150p_pipeline.py
[2026-09-21T13:49:24.569+0000] {logging_mixin.py:190} INFO - [2026-09-21T13:49:24.569+0000] {dag.py:3239} INFO - Sync 1 DAGs
[2026-09-21T13:49:24.584+0000] {logging_mixin.py:190} INFO - [2026-09-21T13:49:24.583+0000] {dag.py:4180} INFO - Setting next_dagrun for dss150p_sales_pipeline to 2026-09-21 02:00:00+00:00, run_after=2026-09-22 02:00:00+00:00
[2026-09-21T13:49:24.595+0000] {processor.py:208} INFO - Processing /opt/airflow/dags/dss150p_pipeline.py took 0.092 seconds
[2026-09-21T13:49:54.665+0000] {processor.py:186} INFO - Started process (PID=1422) to work on /opt/airflow/dags/dss150p_pipeline.py
[2026-09-21T13:49:54.665+0000] {processor.py:914} INFO - Processing file /opt/airflow/dags/dss150p_pipeline.py for tasks to queue
[2026-09-21T13:49:54.668+0000] {logging_mixin.py:190} INFO - [2026-09-21T13:49:54.668+0000] {dagbag.py:588} INFO - Filling up the DagBag from /opt/airflow/dags/dss150p_pipeline.py
[2026-09-21T13:49:54.685+0000] {processor.py:925} INFO - DAG(s) 'dss150p_sales_pipeline' retrieved from /opt/airflow/dags/dss150p_pipeline.py
[2026-09-21T13:49:54.720+0000] {logging_mixin.py:190} INFO - [2026-09-21T13:49:54.720+0000] {dag.py:3239} INFO - Sync 1 DAGs
[2026-09-21T13:49:54.735+0000] {logging_mixin.py:190} INFO - [2026-09-21T13:49:54.735+0000] {dag.py:4180} INFO - Setting next_dagrun for dss150p_sales_pipeline to 2026-09-21 02:00:00+00:00, run_after=2026-09-22 02:00:00+00:00
[2026-09-21T13:49:54.748+0000] {processor.py:208} INFO - Processing /opt/airflow/dags/dss150p_pipeline.py took 0.088 seconds
[2026-09-21T13:50:24.884+0000] {processor.py:186} INFO - Started process (PID=1427) to work on /opt/airflow/dags/dss150p_pipeline.py
[2026-09-21T13:50:24.885+0000] {processor.py:914} INFO - Processing file /opt/airflow/dags/dss150p_pipeline.py for tasks to queue
[2026-09-21T13:50:24.887+0000] {logging_mixin.py:190} INFO - [2026-09-21T13:50:24.886+0000] {dagbag.py:588} INFO - Filling up the DagBag from /opt/airflow/dags/dss150p_pipeline.py
[2026-09-21T13:50:24.903+0000] {processor.py:925} INFO - DAG(s) 'dss150p_sales_pipeline' retrieved from /opt/airflow/dags/dss150p_pipeline.py
[2026-09-21T13:50:24.936+0000] {logging_mixin.py:190} INFO - [2026-09-21T13:50:24.936+0000] {dag.py:3239} INFO - Sync 1 DAGs
[2026-09-21T13:50:24.949+0000] {logging_mixin.py:190} INFO - [2026-09-21T13:50:24.949+0000] {dag.py:4180} INFO - Setting next_dagrun for dss150p_sales_pipeline to 2026-09-21 02:00:00+00:00, run_after=2026-09-22 02:00:00+00:00
[2026-09-21T13:50:24.959+0000] {processor.py:208} INFO - Processing /opt/airflow/dags/dss150p_pipeline.py took 0.081 seconds
[2026-09-21T13:50:55.046+0000] {processor.py:186} INFO - Started process (PID=1432) to work on /opt/airflow/dags/dss150p_pipeline.py
[2026-09-21T13:50:55.047+0000] {processor.py:914} INFO - Processing file /opt/airflow/dags/dss150p_pipeline.py for tasks to queue
[2026-09-21T13:50:55.050+0000] {logging_mixin.py:190} INFO - [2026-09-21T13:50:55.049+0000] {dagbag.py:588} INFO - Filling up the DagBag from /opt/airflow/dags/dss150p_pipeline.py
[2026-09-21T13:50:55.066+0000] {processor.py:925} INFO - DAG(s) 'dss150p_sales_pipeline' retrieved from /opt/airflow/dags/dss150p_pipeline.py
[2026-09-21T13:50:55.097+0000] {logging_mixin.py:190} INFO - [2026-09-21T13:50:55.096+0000] {dag.py:3239} INFO - Sync 1 DAGs
[2026-09-21T13:50:55.110+0000] {logging_mixin.py:190} INFO - [2026-09-21T13:50:55.110+0000] {dag.py:4180} INFO - Setting next_dagrun for dss150p_sales_pipeline to 2026-09-21 02:00:00+00:00, run_after=2026-09-22 02:00:00+00:00
[2026-09-21T13:50:55.122+0000] {processor.py:208} INFO - Processing /opt/airflow/dags/dss150p_pipeline.py took 0.082 seconds
[2026-09-21T13:51:25.233+0000] {processor.py:186} INFO - Started process (PID=1437) to work on /opt/airflow/dags/dss150p_pipeline.py
[2026-09-21T13:51:25.234+0000] {processor.py:914} INFO - Processing file /opt/airflow/dags/dss150p_pipeline.py for tasks to queue
[2026-09-21T13:51:25.236+0000] {logging_mixin.py:190} INFO - [2026-09-21T13:51:25.236+0000] {dagbag.py:588} INFO - Filling up the DagBag from /opt/airflow/dags/dss150p_pipeline.py
[2026-09-21T13:51:25.254+0000] {processor.py:925} INFO - DAG(s) 'dss150p_sales_pipeline' retrieved from /opt/airflow/dags/dss150p_pipeline.py
[2026-09-21T13:51:25.294+0000] {logging_mixin.py:190} INFO - [2026-09-21T13:51:25.294+0000] {dag.py:3239} INFO - Sync 1 DAGs
[2026-09-21T13:51:25.321+0000] {logging_mixin.py:190} INFO - [2026-09-21T13:51:25.320+0000] {dag.py:4180} INFO - Setting next_dagrun for dss150p_sales_pipeline to 2026-09-21 02:00:00+00:00, run_after=2026-09-22 02:00:00+00:00
[2026-09-21T13:51:25.332+0000] {processor.py:208} INFO - Processing /opt/airflow/dags/dss150p_pipeline.py took 0.107 seconds
