[2026-09-21T12:31:57.335+0000] {manager.py:483} INFO - Processing files using up to 2 processes at a time 
[2026-09-21T12:31:57.336+0000] {manager.py:484} INFO - Process each file at most once every 30 seconds
[2026-09-21T12:31:57.337+0000] {manager.py:485} INFO - Checking for new files in /opt/airflow/dags every 300 seconds
[2026-09-21T12:31:57.338+0000] {manager.py:821} INFO - Searching for files in /opt/airflow/dags
[2026-09-21T12:31:57.346+0000] {manager.py:824} INFO - There are 1 files in /opt/airflow/dags
[2026-09-21T12:31:57.414+0000] {manager.py:997} INFO - 
================================================================================
DAG File Processing Stats

File Path                                PID  Runtime      # DAGs    # Errors  Last Runtime    Last Run      Last # of DB Queries
-------------------------------------  -----  ---------  --------  ----------  --------------  ----------  ----------------------
/opt/airflow/dags/dss150p_pipeline.py    175  0.02s             0           0                                                   0
================================================================================
[2026-09-21T12:32:27.542+0000] {manager.py:997} INFO - 
================================================================================
DAG File Processing Stats

File Path                              PID    Runtime      # DAGs    # Errors  Last Runtime    Last Run               Last # of DB Queries
-------------------------------------  -----  ---------  --------  ----------  --------------  -------------------  ----------------------
/opt/airflow/dags/dss150p_pipeline.py                           1           0  0.36s           2026-09-21T12:31:57                      45
================================================================================
[2026-09-21T12:32:58.035+0000] {manager.py:997} INFO - 
================================================================================
DAG File Processing Stats

File Path                                PID  Runtime      # DAGs    # Errors  Last Runtime    Last Run               Last # of DB Queries
-------------------------------------  -----  ---------  --------  ----------  --------------  -------------------  ----------------------
/opt/airflow/dags/dss150p_pipeline.py    185  0.00s             1           0  0.12s           2026-09-21T12:32:27                      12
================================================================================
[2026-09-21T12:33:28.237+0000] {manager.py:997} INFO - 
================================================================================
DAG File Processing Stats

File Path                                PID  Runtime      # DAGs    # Errors  Last Runtime    Last Run               Last # of DB Queries
-------------------------------------  -----  ---------  --------  ----------  --------------  -------------------  ----------------------
/opt/airflow/dags/dss150p_pipeline.py    190  0.00s             1           0  0.11s           2026-09-21T12:32:58                      12
================================================================================
[2026-09-21T12:33:58.397+0000] {manager.py:997} INFO - 
================================================================================
DAG File Processing Stats

File Path                                PID  Runtime      # DAGs    # Errors  Last Runtime    Last Run               Last # of DB Queries
-------------------------------------  -----  ---------  --------  ----------  --------------  -------------------  ----------------------
/opt/airflow/dags/dss150p_pipeline.py    195  0.00s             1           0  0.11s           2026-09-21T12:33:28                      12
================================================================================
[2026-09-21T12:34:28.592+0000] {manager.py:997} INFO - 
================================================================================
DAG File Processing Stats

File Path                                PID  Runtime      # DAGs    # Errors  Last Runtime    Last Run               Last # of DB Queries
-------------------------------------  -----  ---------  --------  ----------  --------------  -------------------  ----------------------
/opt/airflow/dags/dss150p_pipeline.py    200  0.00s             1           0  0.12s           2026-09-21T12:33:58                      12
================================================================================
[2026-09-21T12:34:58.754+0000] {manager.py:997} INFO - 
================================================================================
DAG File Processing Stats

File Path                                PID  Runtime      # DAGs    # Errors  Last Runtime    Last Run               Last # of DB Queries
-------------------------------------  -----  ---------  --------  ----------  --------------  -------------------  ----------------------
/opt/airflow/dags/dss150p_pipeline.py    205  0.00s             1           0  0.09s           2026-09-21T12:34:28                      12
================================================================================
[2026-09-21T12:35:28.924+0000] {manager.py:997} INFO - 
================================================================================
DAG File Processing Stats

File Path                                PID  Runtime      # DAGs    # Errors  Last Runtime    Last Run               Last # of DB Queries
-------------------------------------  -----  ---------  --------  ----------  --------------  -------------------  ----------------------
/opt/airflow/dags/dss150p_pipeline.py    210  0.00s             1           0  0.10s           2026-09-21T12:34:58                      12
================================================================================
[2026-09-21T12:35:59.095+0000] {manager.py:997} INFO - 
================================================================================
DAG File Processing Stats

File Path                                PID  Runtime      # DAGs    # Errors  Last Runtime    Last Run               Last # of DB Queries
-------------------------------------  -----  ---------  --------  ----------  --------------  -------------------  ----------------------
/opt/airflow/dags/dss150p_pipeline.py    215  0.00s             1           0  0.10s           2026-09-21T12:35:29                      12
================================================================================
[2026-09-21T12:36:29.252+0000] {manager.py:997} INFO - 
================================================================================
DAG File Processing Stats

File Path                                PID  Runtime      # DAGs    # Errors  Last Runtime    Last Run               Last # of DB Queries
-------------------------------------  -----  ---------  --------  ----------  --------------  -------------------  ----------------------
/opt/airflow/dags/dss150p_pipeline.py    220  0.00s             1           0  0.10s           2026-09-21T12:35:59                      12
================================================================================
[2026-09-21T12:36:57.415+0000] {manager.py:821} INFO - Searching for files in /opt/airflow/dags
[2026-09-21T12:36:57.431+0000] {manager.py:824} INFO - There are 1 files in /opt/airflow/dags
[2026-09-21T12:36:59.460+0000] {manager.py:997} INFO - 
================================================================================
DAG File Processing Stats

File Path                                PID  Runtime      # DAGs    # Errors  Last Runtime    Last Run               Last # of DB Queries
-------------------------------------  -----  ---------  --------  ----------  --------------  -------------------  ----------------------
/opt/airflow/dags/dss150p_pipeline.py    225  0.01s             1           0  0.11s           2026-09-21T12:36:29                      12
================================================================================
[2026-09-21T12:37:29.614+0000] {manager.py:997} INFO - 
================================================================================
DAG File Processing Stats

File Path                                PID  Runtime      # DAGs    # Errors  Last Runtime    Last Run               Last # of DB Queries
-------------------------------------  -----  ---------  --------  ----------  --------------  -------------------  ----------------------
/opt/airflow/dags/dss150p_pipeline.py    230  0.00s             1           0  0.10s           2026-09-21T12:36:59                      12
================================================================================
[2026-09-21T12:37:59.795+0000] {manager.py:997} INFO - 
================================================================================
DAG File Processing Stats

File Path                                PID  Runtime      # DAGs    # Errors  Last Runtime    Last Run               Last # of DB Queries
-------------------------------------  -----  ---------  --------  ----------  --------------  -------------------  ----------------------
/opt/airflow/dags/dss150p_pipeline.py    235  0.00s             1           0  0.11s           2026-09-21T12:37:29                      12
================================================================================
[2026-09-21T12:38:29.958+0000] {manager.py:997} INFO - 
================================================================================
DAG File Processing Stats

File Path                                PID  Runtime      # DAGs    # Errors  Last Runtime    Last Run               Last # of DB Queries
-------------------------------------  -----  ---------  --------  ----------  --------------  -------------------  ----------------------
/opt/airflow/dags/dss150p_pipeline.py    240  0.01s             1           0  0.10s           2026-09-21T12:37:59                      12
================================================================================
[2026-09-21T12:39:00.138+0000] {manager.py:997} INFO - 
================================================================================
DAG File Processing Stats

File Path                                PID  Runtime      # DAGs    # Errors  Last Runtime    Last Run               Last # of DB Queries
-------------------------------------  -----  ---------  --------  ----------  --------------  -------------------  ----------------------
/opt/airflow/dags/dss150p_pipeline.py    245  0.00s             1           0  0.11s           2026-09-21T12:38:30                      12
================================================================================
[2026-09-21T12:39:30.306+0000] {manager.py:997} INFO - 
================================================================================
DAG File Processing Stats

File Path                                PID  Runtime      # DAGs    # Errors  Last Runtime    Last Run               Last # of DB Queries
-------------------------------------  -----  ---------  --------  ----------  --------------  -------------------  ----------------------
/opt/airflow/dags/dss150p_pipeline.py    367  0.00s             1           0  0.12s           2026-09-21T12:39:00                      12
================================================================================
[2026-09-21T12:40:00.493+0000] {manager.py:997} INFO - 
================================================================================
DAG File Processing Stats

File Path                                PID  Runtime      # DAGs    # Errors  Last Runtime    Last Run               Last # of DB Queries
-------------------------------------  -----  ---------  --------  ----------  --------------  -------------------  ----------------------
/opt/airflow/dags/dss150p_pipeline.py    412  0.00s             1           0  0.11s           2026-09-21T12:39:30                      12
================================================================================
[2026-09-21T12:40:30.654+0000] {manager.py:997} INFO - 
================================================================================
DAG File Processing Stats

File Path                                PID  Runtime      # DAGs    # Errors  Last Runtime    Last Run               Last # of DB Queries
-------------------------------------  -----  ---------  --------  ----------  --------------  -------------------  ----------------------
/opt/airflow/dags/dss150p_pipeline.py    417  0.01s             1           0  0.10s           2026-09-21T12:40:00                      12
================================================================================
[2026-09-21T12:41:00.844+0000] {manager.py:997} INFO - 
================================================================================
DAG File Processing Stats

File Path                                PID  Runtime      # DAGs    # Errors  Last Runtime    Last Run               Last # of DB Queries
-------------------------------------  -----  ---------  --------  ----------  --------------  -------------------  ----------------------
/opt/airflow/dags/dss150p_pipeline.py    422  0.00s             1           0  0.10s           2026-09-21T12:40:30                      12
================================================================================
[2026-09-21T12:41:31.004+0000] {manager.py:997} INFO - 
================================================================================
DAG File Processing Stats

File Path                                PID  Runtime      # DAGs    # Errors  Last Runtime    Last Run               Last # of DB Queries
-------------------------------------  -----  ---------  --------  ----------  --------------  -------------------  ----------------------
/opt/airflow/dags/dss150p_pipeline.py    427  0.01s             1           0  0.10s           2026-09-21T12:41:00                      12
================================================================================
[2026-09-21T12:41:58.157+0000] {manager.py:821} INFO - Searching for files in /opt/airflow/dags
[2026-09-21T12:41:58.172+0000] {manager.py:824} INFO - There are 1 files in /opt/airflow/dags
[2026-09-21T12:42:01.205+0000] {manager.py:997} INFO - 
================================================================================
DAG File Processing Stats

File Path                                PID  Runtime      # DAGs    # Errors  Last Runtime    Last Run               Last # of DB Queries
-------------------------------------  -----  ---------  --------  ----------  --------------  -------------------  ----------------------
/opt/airflow/dags/dss150p_pipeline.py    432  0.00s             1           0  0.11s           2026-09-21T12:41:31                      12
================================================================================
[2026-09-21T12:42:31.359+0000] {manager.py:997} INFO - 
================================================================================
DAG File Processing Stats

File Path                                PID  Runtime      # DAGs    # Errors  Last Runtime    Last Run               Last # of DB Queries
-------------------------------------  -----  ---------  --------  ----------  --------------  -------------------  ----------------------
/opt/airflow/dags/dss150p_pipeline.py    437  0.00s             1           0  0.10s           2026-09-21T12:42:01                      12
================================================================================
[2026-09-21T12:43:01.553+0000] {manager.py:997} INFO - 
================================================================================
DAG File Processing Stats

File Path                                PID  Runtime      # DAGs    # Errors  Last Runtime    Last Run               Last # of DB Queries
-------------------------------------  -----  ---------  --------  ----------  --------------  -------------------  ----------------------
/opt/airflow/dags/dss150p_pipeline.py    442  0.01s             1           0  0.10s           2026-09-21T12:42:31                      12
================================================================================
[2026-09-21T12:43:31.706+0000] {manager.py:997} INFO - 
================================================================================
DAG File Processing Stats

File Path                                PID  Runtime      # DAGs    # Errors  Last Runtime    Last Run               Last # of DB Queries
-------------------------------------  -----  ---------  --------  ----------  --------------  -------------------  ----------------------
/opt/airflow/dags/dss150p_pipeline.py    447  0.00s             1           0  0.10s           2026-09-21T12:43:01                      12
================================================================================
[2026-09-21T12:44:01.892+0000] {manager.py:997} INFO - 
================================================================================
DAG File Processing Stats

File Path                                PID  Runtime      # DAGs    # Errors  Last Runtime    Last Run               Last # of DB Queries
-------------------------------------  -----  ---------  --------  ----------  --------------  -------------------  ----------------------
/opt/airflow/dags/dss150p_pipeline.py    452  0.00s             1           0  0.10s           2026-09-21T12:43:31                      12
================================================================================
[2026-09-21T12:44:32.041+0000] {manager.py:997} INFO - 
================================================================================
DAG File Processing Stats

File Path                                PID  Runtime      # DAGs    # Errors  Last Runtime    Last Run               Last # of DB Queries
-------------------------------------  -----  ---------  --------  ----------  --------------  -------------------  ----------------------
/opt/airflow/dags/dss150p_pipeline.py    457  0.00s             1           0  0.11s           2026-09-21T12:44:01                      12
================================================================================
[2026-09-21T12:45:02.232+0000] {manager.py:997} INFO - 
================================================================================
DAG File Processing Stats

File Path                                PID  Runtime      # DAGs    # Errors  Last Runtime    Last Run               Last # of DB Queries
-------------------------------------  -----  ---------  --------  ----------  --------------  -------------------  ----------------------
/opt/airflow/dags/dss150p_pipeline.py    462  0.01s             1           0  0.10s           2026-09-21T12:44:32                      12
================================================================================
[2026-09-21T12:45:32.379+0000] {manager.py:997} INFO - 
================================================================================
DAG File Processing Stats

File Path                                PID  Runtime      # DAGs    # Errors  Last Runtime    Last Run               Last # of DB Queries
-------------------------------------  -----  ---------  --------  ----------  --------------  -------------------  ----------------------
/opt/airflow/dags/dss150p_pipeline.py    467  0.00s             1           0  0.13s           2026-09-21T12:45:02                      12
================================================================================
[2026-09-21T12:46:02.587+0000] {manager.py:997} INFO - 
================================================================================
DAG File Processing Stats

File Path                                PID  Runtime      # DAGs    # Errors  Last Runtime    Last Run               Last # of DB Queries
-------------------------------------  -----  ---------  --------  ----------  --------------  -------------------  ----------------------
/opt/airflow/dags/dss150p_pipeline.py    472  0.00s             1           0  0.11s           2026-09-21T12:45:32                      12
================================================================================
[2026-09-21T12:46:32.733+0000] {manager.py:997} INFO - 
================================================================================
DAG File Processing Stats

File Path                                PID  Runtime      # DAGs    # Errors  Last Runtime    Last Run               Last # of DB Queries
-------------------------------------  -----  ---------  --------  ----------  --------------  -------------------  ----------------------
/opt/airflow/dags/dss150p_pipeline.py    477  0.01s             1           0  0.10s           2026-09-21T12:46:02                      12
================================================================================
[2026-09-21T12:46:58.881+0000] {manager.py:821} INFO - Searching for files in /opt/airflow/dags
[2026-09-21T12:46:58.896+0000] {manager.py:824} INFO - There are 1 files in /opt/airflow/dags
[2026-09-21T12:47:02.931+0000] {manager.py:997} INFO - 
================================================================================
DAG File Processing Stats

File Path                                PID  Runtime      # DAGs    # Errors  Last Runtime    Last Run               Last # of DB Queries
-------------------------------------  -----  ---------  --------  ----------  --------------  -------------------  ----------------------
/opt/airflow/dags/dss150p_pipeline.py    482  0.00s             1           0  0.10s           2026-09-21T12:46:32                      12
================================================================================
[2026-09-21T12:47:33.075+0000] {manager.py:997} INFO - 
================================================================================
DAG File Processing Stats

File Path                                PID  Runtime      # DAGs    # Errors  Last Runtime    Last Run               Last # of DB Queries
-------------------------------------  -----  ---------  --------  ----------  --------------  -------------------  ----------------------
/opt/airflow/dags/dss150p_pipeline.py    487  0.00s             1           0  0.09s           2026-09-21T12:47:03                      12
================================================================================
[2026-09-21T12:48:03.249+0000] {manager.py:997} INFO - 
================================================================================
DAG File Processing Stats

File Path                                PID  Runtime      # DAGs    # Errors  Last Runtime    Last Run               Last # of DB Queries
-------------------------------------  -----  ---------  --------  ----------  --------------  -------------------  ----------------------
/opt/airflow/dags/dss150p_pipeline.py    492  0.00s             1           0  0.10s           2026-09-21T12:47:33                      12
================================================================================
[2026-09-21T12:48:33.397+0000] {manager.py:997} INFO - 
================================================================================
DAG File Processing Stats

File Path                                PID  Runtime      # DAGs    # Errors  Last Runtime    Last Run               Last # of DB Queries
-------------------------------------  -----  ---------  --------  ----------  --------------  -------------------  ----------------------
/opt/airflow/dags/dss150p_pipeline.py    497  0.00s             1           0  0.11s           2026-09-21T12:48:03                      12
================================================================================
[2026-09-21T12:49:03.581+0000] {manager.py:997} INFO - 
================================================================================
DAG File Processing Stats

File Path                                PID  Runtime      # DAGs    # Errors  Last Runtime    Last Run               Last # of DB Queries
-------------------------------------  -----  ---------  --------  ----------  --------------  -------------------  ----------------------
/opt/airflow/dags/dss150p_pipeline.py    502  0.00s             1           0  0.10s           2026-09-21T12:48:33                      12
================================================================================
[2026-09-21T12:49:33.727+0000] {manager.py:997} INFO - 
================================================================================
DAG File Processing Stats

File Path                                PID  Runtime      # DAGs    # Errors  Last Runtime    Last Run               Last # of DB Queries
-------------------------------------  -----  ---------  --------  ----------  --------------  -------------------  ----------------------
/opt/airflow/dags/dss150p_pipeline.py    507  0.00s             1           0  0.10s           2026-09-21T12:49:03                      12
================================================================================
[2026-09-21T12:50:03.911+0000] {manager.py:997} INFO - 
================================================================================
DAG File Processing Stats

File Path                                PID  Runtime      # DAGs    # Errors  Last Runtime    Last Run               Last # of DB Queries
-------------------------------------  -----  ---------  --------  ----------  --------------  -------------------  ----------------------
/opt/airflow/dags/dss150p_pipeline.py    512  0.00s             1           0  0.11s           2026-09-21T12:49:33                      12
================================================================================
[2026-09-21T12:50:34.057+0000] {manager.py:997} INFO - 
================================================================================
DAG File Processing Stats

File Path                                PID  Runtime      # DAGs    # Errors  Last Runtime    Last Run               Last # of DB Queries
-------------------------------------  -----  ---------  --------  ----------  --------------  -------------------  ----------------------
/opt/airflow/dags/dss150p_pipeline.py    517  0.00s             1           0  0.10s           2026-09-21T12:50:04                      12
================================================================================
[2026-09-21T12:51:04.225+0000] {manager.py:997} INFO - 
================================================================================
DAG File Processing Stats

File Path                                PID  Runtime      # DAGs    # Errors  Last Runtime    Last Run               Last # of DB Queries
-------------------------------------  -----  ---------  --------  ----------  --------------  -------------------  ----------------------
/opt/airflow/dags/dss150p_pipeline.py    522  0.00s             1           0  0.10s           2026-09-21T12:50:34                      12
================================================================================
[2026-09-21T12:51:34.379+0000] {manager.py:997} INFO - 
================================================================================
DAG File Processing Stats

File Path                                PID  Runtime      # DAGs    # Errors  Last Runtime    Last Run               Last # of DB Queries
-------------------------------------  -----  ---------  --------  ----------  --------------  -------------------  ----------------------
/opt/airflow/dags/dss150p_pipeline.py    527  0.00s             1           0  0.09s           2026-09-21T12:51:04                      12
================================================================================
[2026-09-21T12:51:59.505+0000] {manager.py:821} INFO - Searching for files in /opt/airflow/dags
[2026-09-21T12:51:59.520+0000] {manager.py:824} INFO - There are 1 files in /opt/airflow/dags
[2026-09-21T12:52:04.558+0000] {manager.py:997} INFO - 
================================================================================
DAG File Processing Stats

File Path                                PID  Runtime      # DAGs    # Errors  Last Runtime    Last Run               Last # of DB Queries
-------------------------------------  -----  ---------  --------  ----------  --------------  -------------------  ----------------------
/opt/airflow/dags/dss150p_pipeline.py    532  0.00s             1           0  0.10s           2026-09-21T12:51:34                      12
================================================================================
[2026-09-21T12:52:34.699+0000] {manager.py:997} INFO - 
================================================================================
DAG File Processing Stats

File Path                                PID  Runtime      # DAGs    # Errors  Last Runtime    Last Run               Last # of DB Queries
-------------------------------------  -----  ---------  --------  ----------  --------------  -------------------  ----------------------
/opt/airflow/dags/dss150p_pipeline.py    537  0.00s             1           0  0.09s           2026-09-21T12:52:04                      12
================================================================================
[2026-09-21T12:53:04.880+0000] {manager.py:997} INFO - 
================================================================================
DAG File Processing Stats

File Path                                PID  Runtime      # DAGs    # Errors  Last Runtime    Last Run               Last # of DB Queries
-------------------------------------  -----  ---------  --------  ----------  --------------  -------------------  ----------------------
/opt/airflow/dags/dss150p_pipeline.py    542  0.00s             1           0  0.10s           2026-09-21T12:52:34                      12
================================================================================
[2026-09-21T12:53:35.023+0000] {manager.py:997} INFO - 
================================================================================
DAG File Processing Stats

File Path                                PID  Runtime      # DAGs    # Errors  Last Runtime    Last Run               Last # of DB Queries
-------------------------------------  -----  ---------  --------  ----------  --------------  -------------------  ----------------------
/opt/airflow/dags/dss150p_pipeline.py    547  0.00s             1           0  0.09s           2026-09-21T12:53:04                      12
================================================================================
[2026-09-21T12:54:05.202+0000] {manager.py:997} INFO - 
================================================================================
DAG File Processing Stats

File Path                                PID  Runtime      # DAGs    # Errors  Last Runtime    Last Run               Last # of DB Queries
-------------------------------------  -----  ---------  --------  ----------  --------------  -------------------  ----------------------
/opt/airflow/dags/dss150p_pipeline.py    552  0.00s             1           0  0.09s           2026-09-21T12:53:35                      12
================================================================================
[2026-09-21T12:54:35.345+0000] {manager.py:997} INFO - 
================================================================================
DAG File Processing Stats

File Path                                PID  Runtime      # DAGs    # Errors  Last Runtime    Last Run               Last # of DB Queries
-------------------------------------  -----  ---------  --------  ----------  --------------  -------------------  ----------------------
/opt/airflow/dags/dss150p_pipeline.py    557  0.00s             1           0  0.10s           2026-09-21T12:54:05                      12
================================================================================
[2026-09-21T12:55:05.525+0000] {manager.py:997} INFO - 
================================================================================
DAG File Processing Stats

File Path                                PID  Runtime      # DAGs    # Errors  Last Runtime    Last Run               Last # of DB Queries
-------------------------------------  -----  ---------  --------  ----------  --------------  -------------------  ----------------------
/opt/airflow/dags/dss150p_pipeline.py    562  0.00s             1           0  0.10s           2026-09-21T12:54:35                      12
================================================================================
[2026-09-21T12:55:35.678+0000] {manager.py:997} INFO - 
================================================================================
DAG File Processing Stats

File Path                                PID  Runtime      # DAGs    # Errors  Last Runtime    Last Run               Last # of DB Queries
-------------------------------------  -----  ---------  --------  ----------  --------------  -------------------  ----------------------
/opt/airflow/dags/dss150p_pipeline.py    567  0.00s             1           0  0.11s           2026-09-21T12:55:05                      12
================================================================================
[2026-09-21T12:56:05.857+0000] {manager.py:997} INFO - 
================================================================================
DAG File Processing Stats

File Path                                PID  Runtime      # DAGs    # Errors  Last Runtime    Last Run               Last # of DB Queries
-------------------------------------  -----  ---------  --------  ----------  --------------  -------------------  ----------------------
/opt/airflow/dags/dss150p_pipeline.py    572  0.00s             1           0  0.10s           2026-09-21T12:55:35                      12
================================================================================
[2026-09-21T12:56:36.002+0000] {manager.py:997} INFO - 
================================================================================
DAG File Processing Stats

File Path                                PID  Runtime      # DAGs    # Errors  Last Runtime    Last Run               Last # of DB Queries
-------------------------------------  -----  ---------  --------  ----------  --------------  -------------------  ----------------------
/opt/airflow/dags/dss150p_pipeline.py    577  0.01s             1           0  0.10s           2026-09-21T12:56:05                      12
================================================================================
[2026-09-21T12:57:00.146+0000] {manager.py:821} INFO - Searching for files in /opt/airflow/dags
[2026-09-21T12:57:00.160+0000] {manager.py:824} INFO - There are 1 files in /opt/airflow/dags
[2026-09-21T12:57:06.204+0000] {manager.py:997} INFO - 
================================================================================
DAG File Processing Stats

File Path                                PID  Runtime      # DAGs    # Errors  Last Runtime    Last Run               Last # of DB Queries
-------------------------------------  -----  ---------  --------  ----------  --------------  -------------------  ----------------------
/opt/airflow/dags/dss150p_pipeline.py    582  0.00s             1           0  0.12s           2026-09-21T12:56:36                      12
================================================================================
[2026-09-21T12:57:36.343+0000] {manager.py:997} INFO - 
================================================================================
DAG File Processing Stats

File Path                                PID  Runtime      # DAGs    # Errors  Last Runtime    Last Run               Last # of DB Queries
-------------------------------------  -----  ---------  --------  ----------  --------------  -------------------  ----------------------
/opt/airflow/dags/dss150p_pipeline.py    587  0.00s             1           0  0.11s           2026-09-21T12:57:06                      12
================================================================================
[2026-09-21T12:58:06.534+0000] {manager.py:997} INFO - 
================================================================================
DAG File Processing Stats

File Path                                PID  Runtime      # DAGs    # Errors  Last Runtime    Last Run               Last # of DB Queries
-------------------------------------  -----  ---------  --------  ----------  --------------  -------------------  ----------------------
/opt/airflow/dags/dss150p_pipeline.py    592  0.00s             1           0  0.10s           2026-09-21T12:57:36                      12
================================================================================
[2026-09-21T12:58:36.677+0000] {manager.py:997} INFO - 
================================================================================
DAG File Processing Stats

File Path                                PID  Runtime      # DAGs    # Errors  Last Runtime    Last Run               Last # of DB Queries
-------------------------------------  -----  ---------  --------  ----------  --------------  -------------------  ----------------------
/opt/airflow/dags/dss150p_pipeline.py    597  0.00s             1           0  0.09s           2026-09-21T12:58:06                      12
================================================================================
[2026-09-21T12:59:06.856+0000] {manager.py:997} INFO - 
================================================================================
DAG File Processing Stats

File Path                                PID  Runtime      # DAGs    # Errors  Last Runtime    Last Run               Last # of DB Queries
-------------------------------------  -----  ---------  --------  ----------  --------------  -------------------  ----------------------
/opt/airflow/dags/dss150p_pipeline.py    602  0.00s             1           0  0.10s           2026-09-21T12:58:36                      12
================================================================================
[2026-09-21T12:59:37.000+0000] {manager.py:997} INFO - 
================================================================================
DAG File Processing Stats

File Path                                PID  Runtime      # DAGs    # Errors  Last Runtime    Last Run               Last # of DB Queries
-------------------------------------  -----  ---------  --------  ----------  --------------  -------------------  ----------------------
/opt/airflow/dags/dss150p_pipeline.py    607  0.00s             1           0  0.10s           2026-09-21T12:59:06                      12
================================================================================
[2026-09-21T13:00:07.189+0000] {manager.py:997} INFO - 
================================================================================
DAG File Processing Stats

File Path                                PID  Runtime      # DAGs    # Errors  Last Runtime    Last Run               Last # of DB Queries
-------------------------------------  -----  ---------  --------  ----------  --------------  -------------------  ----------------------
/opt/airflow/dags/dss150p_pipeline.py    612  0.00s             1           0  0.11s           2026-09-21T12:59:37                      12
================================================================================
[2026-09-21T13:00:37.339+0000] {manager.py:997} INFO - 
================================================================================
DAG File Processing Stats

File Path                                PID  Runtime      # DAGs    # Errors  Last Runtime    Last Run               Last # of DB Queries
-------------------------------------  -----  ---------  --------  ----------  --------------  -------------------  ----------------------
/opt/airflow/dags/dss150p_pipeline.py    617  0.00s             1           0  0.10s           2026-09-21T13:00:07                      12
================================================================================
[2026-09-21T13:01:07.516+0000] {manager.py:997} INFO - 
================================================================================
DAG File Processing Stats

File Path                                PID  Runtime      # DAGs    # Errors  Last Runtime    Last Run               Last # of DB Queries
-------------------------------------  -----  ---------  --------  ----------  --------------  -------------------  ----------------------
/opt/airflow/dags/dss150p_pipeline.py    622  0.00s             1           0  0.10s           2026-09-21T13:00:37                      12
================================================================================
[2026-09-21T13:01:37.674+0000] {manager.py:997} INFO - 
================================================================================
DAG File Processing Stats

File Path                                PID  Runtime      # DAGs    # Errors  Last Runtime    Last Run               Last # of DB Queries
-------------------------------------  -----  ---------  --------  ----------  --------------  -------------------  ----------------------
/opt/airflow/dags/dss150p_pipeline.py    627  0.00s             1           0  0.10s           2026-09-21T13:01:07                      12
================================================================================
[2026-09-21T13:02:00.813+0000] {manager.py:821} INFO - Searching for files in /opt/airflow/dags
[2026-09-21T13:02:00.828+0000] {manager.py:824} INFO - There are 1 files in /opt/airflow/dags
[2026-09-21T13:02:07.877+0000] {manager.py:997} INFO - 
================================================================================
DAG File Processing Stats

File Path                                PID  Runtime      # DAGs    # Errors  Last Runtime    Last Run               Last # of DB Queries
-------------------------------------  -----  ---------  --------  ----------  --------------  -------------------  ----------------------
/opt/airflow/dags/dss150p_pipeline.py    632  0.00s             1           0  0.10s           2026-09-21T13:01:37                      12
================================================================================
[2026-09-21T13:02:38.023+0000] {manager.py:997} INFO - 
================================================================================
DAG File Processing Stats

File Path                                PID  Runtime      # DAGs    # Errors  Last Runtime    Last Run               Last # of DB Queries
-------------------------------------  -----  ---------  --------  ----------  --------------  -------------------  ----------------------
/opt/airflow/dags/dss150p_pipeline.py    637  0.00s             1           0  0.10s           2026-09-21T13:02:07                      12
================================================================================
[2026-09-21T13:03:08.209+0000] {manager.py:997} INFO - 
================================================================================
DAG File Processing Stats

File Path                                PID  Runtime      # DAGs    # Errors  Last Runtime    Last Run               Last # of DB Queries
-------------------------------------  -----  ---------  --------  ----------  --------------  -------------------  ----------------------
/opt/airflow/dags/dss150p_pipeline.py    642  0.00s             1           0  0.10s           2026-09-21T13:02:38                      12
================================================================================
[2026-09-21T13:03:38.354+0000] {manager.py:997} INFO - 
================================================================================
DAG File Processing Stats

File Path                                PID  Runtime      # DAGs    # Errors  Last Runtime    Last Run               Last # of DB Queries
-------------------------------------  -----  ---------  --------  ----------  --------------  -------------------  ----------------------
/opt/airflow/dags/dss150p_pipeline.py    647  0.00s             1           0  0.10s           2026-09-21T13:03:08                      12
================================================================================
[2026-09-21T13:04:08.533+0000] {manager.py:997} INFO - 
================================================================================
DAG File Processing Stats

File Path                                PID  Runtime      # DAGs    # Errors  Last Runtime    Last Run               Last # of DB Queries
-------------------------------------  -----  ---------  --------  ----------  --------------  -------------------  ----------------------
/opt/airflow/dags/dss150p_pipeline.py    652  0.00s             1           0  0.10s           2026-09-21T13:03:38                      12
================================================================================
[2026-09-21T13:04:38.680+0000] {manager.py:997} INFO - 
================================================================================
DAG File Processing Stats

File Path                                PID  Runtime      # DAGs    # Errors  Last Runtime    Last Run               Last # of DB Queries
-------------------------------------  -----  ---------  --------  ----------  --------------  -------------------  ----------------------
/opt/airflow/dags/dss150p_pipeline.py    657  0.00s             1           0  0.10s           2026-09-21T13:04:08                      12
================================================================================
[2026-09-21T13:05:08.862+0000] {manager.py:997} INFO - 
================================================================================
DAG File Processing Stats

File Path                                PID  Runtime      # DAGs    # Errors  Last Runtime    Last Run               Last # of DB Queries
-------------------------------------  -----  ---------  --------  ----------  --------------  -------------------  ----------------------
/opt/airflow/dags/dss150p_pipeline.py    662  0.00s             1           0  0.10s           2026-09-21T13:04:38                      12
================================================================================
[2026-09-21T13:05:39.006+0000] {manager.py:997} INFO - 
================================================================================
DAG File Processing Stats

File Path                                PID  Runtime      # DAGs    # Errors  Last Runtime    Last Run               Last # of DB Queries
-------------------------------------  -----  ---------  --------  ----------  --------------  -------------------  ----------------------
/opt/airflow/dags/dss150p_pipeline.py    667  0.00s             1           0  0.10s           2026-09-21T13:05:08                      12
================================================================================
[2026-09-21T13:06:09.180+0000] {manager.py:997} INFO - 
================================================================================
DAG File Processing Stats

File Path                                PID  Runtime      # DAGs    # Errors  Last Runtime    Last Run               Last # of DB Queries
-------------------------------------  -----  ---------  --------  ----------  --------------  -------------------  ----------------------
/opt/airflow/dags/dss150p_pipeline.py    672  0.00s             1           0  0.10s           2026-09-21T13:05:39                      12
================================================================================
[2026-09-21T13:06:39.334+0000] {manager.py:997} INFO - 
================================================================================
DAG File Processing Stats

File Path                                PID  Runtime      # DAGs    # Errors  Last Runtime    Last Run               Last # of DB Queries
-------------------------------------  -----  ---------  --------  ----------  --------------  -------------------  ----------------------
/opt/airflow/dags/dss150p_pipeline.py    677  0.00s             1           0  0.10s           2026-09-21T13:06:09                      12
================================================================================
[2026-09-21T13:07:01.463+0000] {manager.py:821} INFO - Searching for files in /opt/airflow/dags
[2026-09-21T13:07:01.477+0000] {manager.py:824} INFO - There are 1 files in /opt/airflow/dags
[2026-09-21T13:07:09.529+0000] {manager.py:997} INFO - 
================================================================================
DAG File Processing Stats

File Path                                PID  Runtime      # DAGs    # Errors  Last Runtime    Last Run               Last # of DB Queries
-------------------------------------  -----  ---------  --------  ----------  --------------  -------------------  ----------------------
/opt/airflow/dags/dss150p_pipeline.py    682  0.00s             1           0  0.10s           2026-09-21T13:06:39                      12
================================================================================
[2026-09-21T13:07:39.678+0000] {manager.py:997} INFO - 
================================================================================
DAG File Processing Stats

File Path                                PID  Runtime      # DAGs    # Errors  Last Runtime    Last Run               Last # of DB Queries
-------------------------------------  -----  ---------  --------  ----------  --------------  -------------------  ----------------------
/opt/airflow/dags/dss150p_pipeline.py    687  0.00s             1           0  0.09s           2026-09-21T13:07:09                      12
================================================================================
[2026-09-21T13:08:09.859+0000] {manager.py:997} INFO - 
================================================================================
DAG File Processing Stats

File Path                                PID  Runtime      # DAGs    # Errors  Last Runtime    Last Run               Last # of DB Queries
-------------------------------------  -----  ---------  --------  ----------  --------------  -------------------  ----------------------
/opt/airflow/dags/dss150p_pipeline.py    692  0.00s             1           0  0.10s           2026-09-21T13:07:39                      12
================================================================================
[2026-09-21T13:08:40.005+0000] {manager.py:997} INFO - 
================================================================================
DAG File Processing Stats

File Path                                PID  Runtime      # DAGs    # Errors  Last Runtime    Last Run               Last # of DB Queries
-------------------------------------  -----  ---------  --------  ----------  --------------  -------------------  ----------------------
/opt/airflow/dags/dss150p_pipeline.py    697  0.00s             1           0  0.10s           2026-09-21T13:08:09                      12
================================================================================
[2026-09-21T13:09:10.181+0000] {manager.py:997} INFO - 
================================================================================
DAG File Processing Stats

File Path                                PID  Runtime      # DAGs    # Errors  Last Runtime    Last Run               Last # of DB Queries
-------------------------------------  -----  ---------  --------  ----------  --------------  -------------------  ----------------------
/opt/airflow/dags/dss150p_pipeline.py    702  0.00s             1           0  0.10s           2026-09-21T13:08:40                      12
================================================================================
[2026-09-21T13:09:40.329+0000] {manager.py:997} INFO - 
================================================================================
DAG File Processing Stats

File Path                                PID  Runtime      # DAGs    # Errors  Last Runtime    Last Run               Last # of DB Queries
-------------------------------------  -----  ---------  --------  ----------  --------------  -------------------  ----------------------
/opt/airflow/dags/dss150p_pipeline.py    707  0.00s             1           0  0.10s           2026-09-21T13:09:10                      12
================================================================================
[2026-09-21T13:10:10.504+0000] {manager.py:997} INFO - 
================================================================================
DAG File Processing Stats

File Path                                PID  Runtime      # DAGs    # Errors  Last Runtime    Last Run               Last # of DB Queries
-------------------------------------  -----  ---------  --------  ----------  --------------  -------------------  ----------------------
/opt/airflow/dags/dss150p_pipeline.py    712  0.00s             1           0  0.11s           2026-09-21T13:09:40                      12
================================================================================
[2026-09-21T13:10:40.662+0000] {manager.py:997} INFO - 
================================================================================
DAG File Processing Stats

File Path                                PID  Runtime      # DAGs    # Errors  Last Runtime    Last Run               Last # of DB Queries
-------------------------------------  -----  ---------  --------  ----------  --------------  -------------------  ----------------------
/opt/airflow/dags/dss150p_pipeline.py    717  0.00s             1           0  0.10s           2026-09-21T13:10:10                      12
================================================================================
[2026-09-21T13:11:10.832+0000] {manager.py:997} INFO - 
================================================================================
DAG File Processing Stats

File Path                                PID  Runtime      # DAGs    # Errors  Last Runtime    Last Run               Last # of DB Queries
-------------------------------------  -----  ---------  --------  ----------  --------------  -------------------  ----------------------
/opt/airflow/dags/dss150p_pipeline.py    722  0.00s             1           0  0.10s           2026-09-21T13:10:40                      12
================================================================================
[2026-09-21T13:11:40.994+0000] {manager.py:997} INFO - 
================================================================================
DAG File Processing Stats

File Path                                PID  Runtime      # DAGs    # Errors  Last Runtime    Last Run               Last # of DB Queries
-------------------------------------  -----  ---------  --------  ----------  --------------  -------------------  ----------------------
/opt/airflow/dags/dss150p_pipeline.py    727  0.00s             1           0  0.09s           2026-09-21T13:11:10                      12
================================================================================
[2026-09-21T13:12:02.106+0000] {manager.py:821} INFO - Searching for files in /opt/airflow/dags
[2026-09-21T13:12:02.121+0000] {manager.py:824} INFO - There are 1 files in /opt/airflow/dags
[2026-09-21T13:12:11.183+0000] {manager.py:997} INFO - 
================================================================================
DAG File Processing Stats

File Path                                PID  Runtime      # DAGs    # Errors  Last Runtime    Last Run               Last # of DB Queries
-------------------------------------  -----  ---------  --------  ----------  --------------  -------------------  ----------------------
/opt/airflow/dags/dss150p_pipeline.py    732  0.00s             1           0  0.09s           2026-09-21T13:11:41                      12
================================================================================
[2026-09-21T13:12:41.339+0000] {manager.py:997} INFO - 
================================================================================
DAG File Processing Stats

File Path                                PID  Runtime      # DAGs    # Errors  Last Runtime    Last Run               Last # of DB Queries
-------------------------------------  -----  ---------  --------  ----------  --------------  -------------------  ----------------------
/opt/airflow/dags/dss150p_pipeline.py    737  0.01s             1           0  0.10s           2026-09-21T13:12:11                      12
================================================================================
[2026-09-21T13:13:11.534+0000] {manager.py:997} INFO - 
================================================================================
DAG File Processing Stats

File Path                                PID  Runtime      # DAGs    # Errors  Last Runtime    Last Run               Last # of DB Queries
-------------------------------------  -----  ---------  --------  ----------  --------------  -------------------  ----------------------
/opt/airflow/dags/dss150p_pipeline.py    742  0.00s             1           0  0.10s           2026-09-21T13:12:41                      12
================================================================================
[2026-09-21T13:13:41.697+0000] {manager.py:997} INFO - 
================================================================================
DAG File Processing Stats

File Path                                PID  Runtime      # DAGs    # Errors  Last Runtime    Last Run               Last # of DB Queries
-------------------------------------  -----  ---------  --------  ----------  --------------  -------------------  ----------------------
/opt/airflow/dags/dss150p_pipeline.py    747  0.01s             1           0  0.09s           2026-09-21T13:13:11                      12
================================================================================
[2026-09-21T13:14:11.884+0000] {manager.py:997} INFO - 
================================================================================
DAG File Processing Stats

File Path                                PID  Runtime      # DAGs    # Errors  Last Runtime    Last Run               Last # of DB Queries
-------------------------------------  -----  ---------  --------  ----------  --------------  -------------------  ----------------------
/opt/airflow/dags/dss150p_pipeline.py    752  0.00s             1           0  0.10s           2026-09-21T13:13:41                      12
================================================================================
[2026-09-21T13:14:42.055+0000] {manager.py:997} INFO - 
================================================================================
DAG File Processing Stats

File Path                                PID  Runtime      # DAGs    # Errors  Last Runtime    Last Run               Last # of DB Queries
-------------------------------------  -----  ---------  --------  ----------  --------------  -------------------  ----------------------
/opt/airflow/dags/dss150p_pipeline.py    914  0.01s             1           0  0.10s           2026-09-21T13:14:11                      12
================================================================================
[2026-09-21T13:15:12.227+0000] {manager.py:997} INFO - 
================================================================================
DAG File Processing Stats

File Path                                PID  Runtime      # DAGs    # Errors  Last Runtime    Last Run               Last # of DB Queries
-------------------------------------  -----  ---------  --------  ----------  --------------  -------------------  ----------------------
/opt/airflow/dags/dss150p_pipeline.py    919  0.00s             1           0  0.10s           2026-09-21T13:14:42                      12
================================================================================
[2026-09-21T13:15:42.400+0000] {manager.py:997} INFO - 
================================================================================
DAG File Processing Stats

File Path                                PID  Runtime      # DAGs    # Errors  Last Runtime    Last Run               Last # of DB Queries
-------------------------------------  -----  ---------  --------  ----------  --------------  -------------------  ----------------------
/opt/airflow/dags/dss150p_pipeline.py    924  0.00s             1           0  0.10s           2026-09-21T13:15:12                      12
================================================================================
[2026-09-21T13:16:12.564+0000] {manager.py:997} INFO - 
================================================================================
DAG File Processing Stats

File Path                                PID  Runtime      # DAGs    # Errors  Last Runtime    Last Run               Last # of DB Queries
-------------------------------------  -----  ---------  --------  ----------  --------------  -------------------  ----------------------
/opt/airflow/dags/dss150p_pipeline.py    929  0.00s             1           0  0.11s           2026-09-21T13:15:42                      12
================================================================================
[2026-09-21T13:16:42.746+0000] {manager.py:997} INFO - 
================================================================================
DAG File Processing Stats

File Path                                PID  Runtime      # DAGs    # Errors  Last Runtime    Last Run               Last # of DB Queries
-------------------------------------  -----  ---------  --------  ----------  --------------  -------------------  ----------------------
/opt/airflow/dags/dss150p_pipeline.py    934  0.01s             1           0  0.10s           2026-09-21T13:16:12                      12
================================================================================
[2026-09-21T13:17:02.851+0000] {manager.py:821} INFO - Searching for files in /opt/airflow/dags
[2026-09-21T13:17:02.867+0000] {manager.py:824} INFO - There are 1 files in /opt/airflow/dags
[2026-09-21T13:17:12.931+0000] {manager.py:997} INFO - 
================================================================================
DAG File Processing Stats

File Path                                PID  Runtime      # DAGs    # Errors  Last Runtime    Last Run               Last # of DB Queries
-------------------------------------  -----  ---------  --------  ----------  --------------  -------------------  ----------------------
/opt/airflow/dags/dss150p_pipeline.py    939  0.01s             1           0  0.10s           2026-09-21T13:16:42                      12
================================================================================
[2026-09-21T13:17:43.082+0000] {manager.py:997} INFO - 
================================================================================
DAG File Processing Stats

File Path                                PID  Runtime      # DAGs    # Errors  Last Runtime    Last Run               Last # of DB Queries
-------------------------------------  -----  ---------  --------  ----------  --------------  -------------------  ----------------------
/opt/airflow/dags/dss150p_pipeline.py    944  0.00s             1           0  0.11s           2026-09-21T13:17:13                      12
================================================================================
[2026-09-21T13:18:13.276+0000] {manager.py:997} INFO - 
================================================================================
DAG File Processing Stats

File Path                                PID  Runtime      # DAGs    # Errors  Last Runtime    Last Run               Last # of DB Queries
-------------------------------------  -----  ---------  --------  ----------  --------------  -------------------  ----------------------
/opt/airflow/dags/dss150p_pipeline.py    949  0.00s             1           0  0.10s           2026-09-21T13:17:43                      12
================================================================================
[2026-09-21T13:18:43.430+0000] {manager.py:997} INFO - 
================================================================================
DAG File Processing Stats

File Path                                PID  Runtime      # DAGs    # Errors  Last Runtime    Last Run               Last # of DB Queries
-------------------------------------  -----  ---------  --------  ----------  --------------  -------------------  ----------------------
/opt/airflow/dags/dss150p_pipeline.py    954  0.01s             1           0  0.10s           2026-09-21T13:18:13                      12
================================================================================
[2026-09-21T13:19:13.633+0000] {manager.py:997} INFO - 
================================================================================
DAG File Processing Stats

File Path                                PID  Runtime      # DAGs    # Errors  Last Runtime    Last Run               Last # of DB Queries
-------------------------------------  -----  ---------  --------  ----------  --------------  -------------------  ----------------------
/opt/airflow/dags/dss150p_pipeline.py    959  0.01s             1           0  0.10s           2026-09-21T13:18:43                      12
================================================================================
[2026-09-21T13:19:43.788+0000] {manager.py:997} INFO - 
================================================================================
DAG File Processing Stats

File Path                                PID  Runtime      # DAGs    # Errors  Last Runtime    Last Run               Last # of DB Queries
-------------------------------------  -----  ---------  --------  ----------  --------------  -------------------  ----------------------
/opt/airflow/dags/dss150p_pipeline.py    964  0.01s             1           0  0.10s           2026-09-21T13:19:13                      12
================================================================================
[2026-09-21T13:20:13.976+0000] {manager.py:997} INFO - 
================================================================================
DAG File Processing Stats

File Path                                PID  Runtime      # DAGs    # Errors  Last Runtime    Last Run               Last # of DB Queries
-------------------------------------  -----  ---------  --------  ----------  --------------  -------------------  ----------------------
/opt/airflow/dags/dss150p_pipeline.py    969  0.00s             1           0  0.10s           2026-09-21T13:19:43                      12
================================================================================
[2026-09-21T13:20:44.131+0000] {manager.py:997} INFO - 
================================================================================
DAG File Processing Stats

File Path                                PID  Runtime      # DAGs    # Errors  Last Runtime    Last Run               Last # of DB Queries
-------------------------------------  -----  ---------  --------  ----------  --------------  -------------------  ----------------------
/opt/airflow/dags/dss150p_pipeline.py    974  0.01s             1           0  0.10s           2026-09-21T13:20:14                      12
================================================================================
[2026-09-21T13:21:14.326+0000] {manager.py:997} INFO - 
================================================================================
DAG File Processing Stats

File Path                                PID  Runtime      # DAGs    # Errors  Last Runtime    Last Run               Last # of DB Queries
-------------------------------------  -----  ---------  --------  ----------  --------------  -------------------  ----------------------
/opt/airflow/dags/dss150p_pipeline.py    979  0.00s             1           0  0.10s           2026-09-21T13:20:44                      12
================================================================================
[2026-09-21T13:21:44.484+0000] {manager.py:997} INFO - 
================================================================================
DAG File Processing Stats

File Path                                PID  Runtime      # DAGs    # Errors  Last Runtime    Last Run               Last # of DB Queries
-------------------------------------  -----  ---------  --------  ----------  --------------  -------------------  ----------------------
/opt/airflow/dags/dss150p_pipeline.py    984  0.00s             1           0  0.10s           2026-09-21T13:21:14                      12
================================================================================
[2026-09-21T13:22:03.596+0000] {manager.py:821} INFO - Searching for files in /opt/airflow/dags
[2026-09-21T13:22:03.612+0000] {manager.py:824} INFO - There are 1 files in /opt/airflow/dags
[2026-09-21T13:22:14.681+0000] {manager.py:997} INFO - 
================================================================================
DAG File Processing Stats

File Path                                PID  Runtime      # DAGs    # Errors  Last Runtime    Last Run               Last # of DB Queries
-------------------------------------  -----  ---------  --------  ----------  --------------  -------------------  ----------------------
/opt/airflow/dags/dss150p_pipeline.py    989  0.00s             1           0  0.11s           2026-09-21T13:21:44                      12
================================================================================
[2026-09-21T13:22:44.854+0000] {manager.py:997} INFO - 
================================================================================
DAG File Processing Stats

File Path                                PID  Runtime      # DAGs    # Errors  Last Runtime    Last Run               Last # of DB Queries
-------------------------------------  -----  ---------  --------  ----------  --------------  -------------------  ----------------------
/opt/airflow/dags/dss150p_pipeline.py    994  0.00s             1           0  0.11s           2026-09-21T13:22:14                      12
================================================================================
[2026-09-21T13:23:15.036+0000] {manager.py:997} INFO - 
================================================================================
DAG File Processing Stats

File Path                                PID  Runtime      # DAGs    # Errors  Last Runtime    Last Run               Last # of DB Queries
-------------------------------------  -----  ---------  --------  ----------  --------------  -------------------  ----------------------
/opt/airflow/dags/dss150p_pipeline.py    999  0.00s             1           0  0.11s           2026-09-21T13:22:44                      12
================================================================================
[2026-09-21T13:23:45.200+0000] {manager.py:997} INFO - 
================================================================================
DAG File Processing Stats

File Path                                PID  Runtime      # DAGs    # Errors  Last Runtime    Last Run               Last # of DB Queries
-------------------------------------  -----  ---------  --------  ----------  --------------  -------------------  ----------------------
/opt/airflow/dags/dss150p_pipeline.py   1004  0.01s             1           0  0.11s           2026-09-21T13:23:15                      12
================================================================================
[2026-09-21T13:24:15.396+0000] {manager.py:997} INFO - 
================================================================================
DAG File Processing Stats

File Path                                PID  Runtime      # DAGs    # Errors  Last Runtime    Last Run               Last # of DB Queries
-------------------------------------  -----  ---------  --------  ----------  --------------  -------------------  ----------------------
/opt/airflow/dags/dss150p_pipeline.py   1009  0.00s             1           0  0.10s           2026-09-21T13:23:45                      12
================================================================================
[2026-09-21T13:24:45.546+0000] {manager.py:997} INFO - 
================================================================================
DAG File Processing Stats

File Path                                PID  Runtime      # DAGs    # Errors  Last Runtime    Last Run               Last # of DB Queries
-------------------------------------  -----  ---------  --------  ----------  --------------  -------------------  ----------------------
/opt/airflow/dags/dss150p_pipeline.py   1014  0.00s             1           0  0.10s           2026-09-21T13:24:15                      12
================================================================================
[2026-09-21T13:25:15.737+0000] {manager.py:997} INFO - 
================================================================================
DAG File Processing Stats

File Path                                PID  Runtime      # DAGs    # Errors  Last Runtime    Last Run               Last # of DB Queries
-------------------------------------  -----  ---------  --------  ----------  --------------  -------------------  ----------------------
/opt/airflow/dags/dss150p_pipeline.py   1019  0.00s             1           0  0.11s           2026-09-21T13:24:45                      12
================================================================================
[2026-09-21T13:25:45.909+0000] {manager.py:997} INFO - 
================================================================================
DAG File Processing Stats

File Path                                PID  Runtime      # DAGs    # Errors  Last Runtime    Last Run               Last # of DB Queries
-------------------------------------  -----  ---------  --------  ----------  --------------  -------------------  ----------------------
/opt/airflow/dags/dss150p_pipeline.py   1024  0.01s             1           0  0.11s           2026-09-21T13:25:15                      12
================================================================================
[2026-09-21T13:26:16.094+0000] {manager.py:997} INFO - 
================================================================================
DAG File Processing Stats

File Path                                PID  Runtime      # DAGs    # Errors  Last Runtime    Last Run               Last # of DB Queries
-------------------------------------  -----  ---------  --------  ----------  --------------  -------------------  ----------------------
/opt/airflow/dags/dss150p_pipeline.py   1029  0.01s             1           0  0.12s           2026-09-21T13:25:46                      12
================================================================================
[2026-09-21T13:26:46.263+0000] {manager.py:997} INFO - 
================================================================================
DAG File Processing Stats

File Path                                PID  Runtime      # DAGs    # Errors  Last Runtime    Last Run               Last # of DB Queries
-------------------------------------  -----  ---------  --------  ----------  --------------  -------------------  ----------------------
/opt/airflow/dags/dss150p_pipeline.py   1034  0.01s             1           0  0.10s           2026-09-21T13:26:16                      12
================================================================================
[2026-09-21T13:27:04.362+0000] {manager.py:821} INFO - Searching for files in /opt/airflow/dags
[2026-09-21T13:27:04.377+0000] {manager.py:824} INFO - There are 1 files in /opt/airflow/dags
[2026-09-21T13:27:16.453+0000] {manager.py:997} INFO - 
================================================================================
DAG File Processing Stats

File Path                                PID  Runtime      # DAGs    # Errors  Last Runtime    Last Run               Last # of DB Queries
-------------------------------------  -----  ---------  --------  ----------  --------------  -------------------  ----------------------
/opt/airflow/dags/dss150p_pipeline.py   1039  0.00s             1           0  0.10s           2026-09-21T13:26:46                      12
================================================================================
[2026-09-21T13:27:46.608+0000] {manager.py:997} INFO - 
================================================================================
DAG File Processing Stats

File Path                                PID  Runtime      # DAGs    # Errors  Last Runtime    Last Run               Last # of DB Queries
-------------------------------------  -----  ---------  --------  ----------  --------------  -------------------  ----------------------
/opt/airflow/dags/dss150p_pipeline.py   1044  0.01s             1           0  0.11s           2026-09-21T13:27:16                      12
================================================================================
[2026-09-21T13:28:16.806+0000] {manager.py:997} INFO - 
================================================================================
DAG File Processing Stats

File Path                                PID  Runtime      # DAGs    # Errors  Last Runtime    Last Run               Last # of DB Queries
-------------------------------------  -----  ---------  --------  ----------  --------------  -------------------  ----------------------
/opt/airflow/dags/dss150p_pipeline.py   1049  0.00s             1           0  0.10s           2026-09-21T13:27:46                      12
================================================================================
[2026-09-21T13:28:46.956+0000] {manager.py:997} INFO - 
================================================================================
DAG File Processing Stats

File Path                                PID  Runtime      # DAGs    # Errors  Last Runtime    Last Run               Last # of DB Queries
-------------------------------------  -----  ---------  --------  ----------  --------------  -------------------  ----------------------
/opt/airflow/dags/dss150p_pipeline.py   1054  0.00s             1           0  0.10s           2026-09-21T13:28:16                      12
================================================================================
[2026-09-21T13:29:17.148+0000] {manager.py:997} INFO - 
================================================================================
DAG File Processing Stats

File Path                                PID  Runtime      # DAGs    # Errors  Last Runtime    Last Run               Last # of DB Queries
-------------------------------------  -----  ---------  --------  ----------  --------------  -------------------  ----------------------
/opt/airflow/dags/dss150p_pipeline.py   1059  0.00s             1           0  0.11s           2026-09-21T13:28:47                      12
================================================================================
[2026-09-21T13:29:47.305+0000] {manager.py:997} INFO - 
================================================================================
DAG File Processing Stats

File Path                                PID  Runtime      # DAGs    # Errors  Last Runtime    Last Run               Last # of DB Queries
-------------------------------------  -----  ---------  --------  ----------  --------------  -------------------  ----------------------
/opt/airflow/dags/dss150p_pipeline.py   1064  0.01s             1           0  0.10s           2026-09-21T13:29:17                      12
================================================================================
[2026-09-21T13:30:17.491+0000] {manager.py:997} INFO - 
================================================================================
DAG File Processing Stats

File Path                                PID  Runtime      # DAGs    # Errors  Last Runtime    Last Run               Last # of DB Queries
-------------------------------------  -----  ---------  --------  ----------  --------------  -------------------  ----------------------
/opt/airflow/dags/dss150p_pipeline.py   1069  0.00s             1           0  0.11s           2026-09-21T13:29:47                      12
================================================================================
[2026-09-21T13:30:47.679+0000] {manager.py:997} INFO - 
================================================================================
DAG File Processing Stats

File Path                                PID  Runtime      # DAGs    # Errors  Last Runtime    Last Run               Last # of DB Queries
-------------------------------------  -----  ---------  --------  ----------  --------------  -------------------  ----------------------
/opt/airflow/dags/dss150p_pipeline.py   1074  0.01s             1           0  0.11s           2026-09-21T13:30:17                      12
================================================================================
[2026-09-21T13:31:17.850+0000] {manager.py:997} INFO - 
================================================================================
DAG File Processing Stats

File Path                                PID  Runtime      # DAGs    # Errors  Last Runtime    Last Run               Last # of DB Queries
-------------------------------------  -----  ---------  --------  ----------  --------------  -------------------  ----------------------
/opt/airflow/dags/dss150p_pipeline.py   1079  0.00s             1           0  0.11s           2026-09-21T13:30:47                      12
================================================================================
[2026-09-21T13:31:48.032+0000] {manager.py:997} INFO - 
================================================================================
DAG File Processing Stats

File Path                                PID  Runtime      # DAGs    # Errors  Last Runtime    Last Run               Last # of DB Queries
-------------------------------------  -----  ---------  --------  ----------  --------------  -------------------  ----------------------
/opt/airflow/dags/dss150p_pipeline.py   1084  0.01s             1           0  0.10s           2026-09-21T13:31:17                      12
================================================================================
[2026-09-21T13:32:05.125+0000] {manager.py:821} INFO - Searching for files in /opt/airflow/dags
[2026-09-21T13:32:05.141+0000] {manager.py:824} INFO - There are 1 files in /opt/airflow/dags
[2026-09-21T13:32:18.223+0000] {manager.py:997} INFO - 
================================================================================
DAG File Processing Stats

File Path                                PID  Runtime      # DAGs    # Errors  Last Runtime    Last Run               Last # of DB Queries
-------------------------------------  -----  ---------  --------  ----------  --------------  -------------------  ----------------------
/opt/airflow/dags/dss150p_pipeline.py   1089  0.00s             1           0  0.11s           2026-09-21T13:31:48                      12
================================================================================
[2026-09-21T13:32:48.407+0000] {manager.py:997} INFO - 
================================================================================
DAG File Processing Stats

File Path                                PID  Runtime      # DAGs    # Errors  Last Runtime    Last Run               Last # of DB Queries
-------------------------------------  -----  ---------  --------  ----------  --------------  -------------------  ----------------------
/opt/airflow/dags/dss150p_pipeline.py   1094  0.01s             1           0  0.10s           2026-09-21T13:32:18                      12
================================================================================
[2026-09-21T13:33:18.567+0000] {manager.py:997} INFO - 
================================================================================
DAG File Processing Stats

File Path                                PID  Runtime      # DAGs    # Errors  Last Runtime    Last Run               Last # of DB Queries
-------------------------------------  -----  ---------  --------  ----------  --------------  -------------------  ----------------------
/opt/airflow/dags/dss150p_pipeline.py   1099  0.00s             1           0  0.11s           2026-09-21T13:32:48                      12
================================================================================
[2026-09-21T13:33:48.762+0000] {manager.py:997} INFO - 
================================================================================
DAG File Processing Stats

File Path                                PID  Runtime      # DAGs    # Errors  Last Runtime    Last Run               Last # of DB Queries
-------------------------------------  -----  ---------  --------  ----------  --------------  -------------------  ----------------------
/opt/airflow/dags/dss150p_pipeline.py   1104  0.00s             1           0  0.11s           2026-09-21T13:33:18                      12
================================================================================
[2026-09-21T13:34:18.932+0000] {manager.py:997} INFO - 
================================================================================
DAG File Processing Stats

File Path                                PID  Runtime      # DAGs    # Errors  Last Runtime    Last Run               Last # of DB Queries
-------------------------------------  -----  ---------  --------  ----------  --------------  -------------------  ----------------------
/opt/airflow/dags/dss150p_pipeline.py   1109  0.00s             1           0  0.11s           2026-09-21T13:33:48                      12
================================================================================
[2026-09-21T13:34:49.124+0000] {manager.py:997} INFO - 
================================================================================
DAG File Processing Stats

File Path                                PID  Runtime      # DAGs    # Errors  Last Runtime    Last Run               Last # of DB Queries
-------------------------------------  -----  ---------  --------  ----------  --------------  -------------------  ----------------------
/opt/airflow/dags/dss150p_pipeline.py   1114  0.01s             1           0  0.10s           2026-09-21T13:34:19                      12
================================================================================
[2026-09-21T13:35:19.287+0000] {manager.py:997} INFO - 
================================================================================
DAG File Processing Stats

File Path                                PID  Runtime      # DAGs    # Errors  Last Runtime    Last Run               Last # of DB Queries
-------------------------------------  -----  ---------  --------  ----------  --------------  -------------------  ----------------------
/opt/airflow/dags/dss150p_pipeline.py   1119  0.01s             1           0  0.10s           2026-09-21T13:34:49                      12
================================================================================
[2026-09-21T13:35:49.481+0000] {manager.py:997} INFO - 
================================================================================
DAG File Processing Stats

File Path                                PID  Runtime      # DAGs    # Errors  Last Runtime    Last Run               Last # of DB Queries
-------------------------------------  -----  ---------  --------  ----------  --------------  -------------------  ----------------------
/opt/airflow/dags/dss150p_pipeline.py   1124  0.00s             1           0  0.13s           2026-09-21T13:35:19                      12
================================================================================
[2026-09-21T13:36:19.662+0000] {manager.py:997} INFO - 
================================================================================
DAG File Processing Stats

File Path                                PID  Runtime      # DAGs    # Errors  Last Runtime    Last Run               Last # of DB Queries
-------------------------------------  -----  ---------  --------  ----------  --------------  -------------------  ----------------------
/opt/airflow/dags/dss150p_pipeline.py   1129  0.00s             1           0  0.11s           2026-09-21T13:35:49                      12
================================================================================
[2026-09-21T13:36:49.840+0000] {manager.py:997} INFO - 
================================================================================
DAG File Processing Stats

File Path                                PID  Runtime      # DAGs    # Errors  Last Runtime    Last Run               Last # of DB Queries
-------------------------------------  -----  ---------  --------  ----------  --------------  -------------------  ----------------------
/opt/airflow/dags/dss150p_pipeline.py   1134  0.00s             1           0  0.11s           2026-09-21T13:36:19                      12
================================================================================
[2026-09-21T13:37:05.948+0000] {manager.py:821} INFO - Searching for files in /opt/airflow/dags
[2026-09-21T13:37:05.963+0000] {manager.py:824} INFO - There are 1 files in /opt/airflow/dags
[2026-09-21T13:37:20.053+0000] {manager.py:997} INFO - 
================================================================================
DAG File Processing Stats

File Path                                PID  Runtime      # DAGs    # Errors  Last Runtime    Last Run               Last # of DB Queries
-------------------------------------  -----  ---------  --------  ----------  --------------  -------------------  ----------------------
/opt/airflow/dags/dss150p_pipeline.py   1139  0.00s             1           0  0.10s           2026-09-21T13:36:49                      12
================================================================================
[2026-09-21T13:37:50.213+0000] {manager.py:997} INFO - 
================================================================================
DAG File Processing Stats

File Path                                PID  Runtime      # DAGs    # Errors  Last Runtime    Last Run               Last # of DB Queries
-------------------------------------  -----  ---------  --------  ----------  --------------  -------------------  ----------------------
/opt/airflow/dags/dss150p_pipeline.py   1144  0.00s             1           0  0.12s           2026-09-21T13:37:20                      12
================================================================================
[2026-09-21T13:38:20.435+0000] {manager.py:997} INFO - 
================================================================================
DAG File Processing Stats

File Path                                PID  Runtime      # DAGs    # Errors  Last Runtime    Last Run               Last # of DB Queries
-------------------------------------  -----  ---------  --------  ----------  --------------  -------------------  ----------------------
/opt/airflow/dags/dss150p_pipeline.py   1149  0.00s             1           0  0.11s           2026-09-21T13:37:50                      12
================================================================================
[2026-09-21T13:38:50.595+0000] {manager.py:997} INFO - 
================================================================================
DAG File Processing Stats

File Path                                PID  Runtime      # DAGs    # Errors  Last Runtime    Last Run               Last # of DB Queries
-------------------------------------  -----  ---------  --------  ----------  --------------  -------------------  ----------------------
/opt/airflow/dags/dss150p_pipeline.py   1154  0.00s             1           0  0.11s           2026-09-21T13:38:20                      12
================================================================================
[2026-09-21T13:39:20.797+0000] {manager.py:997} INFO - 
================================================================================
DAG File Processing Stats

File Path                                PID  Runtime      # DAGs    # Errors  Last Runtime    Last Run               Last # of DB Queries
-------------------------------------  -----  ---------  --------  ----------  --------------  -------------------  ----------------------
/opt/airflow/dags/dss150p_pipeline.py   1159  0.01s             1           0  0.11s           2026-09-21T13:38:50                      12
================================================================================
[2026-09-21T13:39:50.958+0000] {manager.py:997} INFO - 
================================================================================
DAG File Processing Stats

File Path                                PID  Runtime      # DAGs    # Errors  Last Runtime    Last Run               Last # of DB Queries
-------------------------------------  -----  ---------  --------  ----------  --------------  -------------------  ----------------------
/opt/airflow/dags/dss150p_pipeline.py   1164  0.01s             1           0  0.11s           2026-09-21T13:39:20                      12
================================================================================
[2026-09-21T13:40:21.162+0000] {manager.py:997} INFO - 
================================================================================
DAG File Processing Stats

File Path                                PID  Runtime      # DAGs    # Errors  Last Runtime    Last Run               Last # of DB Queries
-------------------------------------  -----  ---------  --------  ----------  --------------  -------------------  ----------------------
/opt/airflow/dags/dss150p_pipeline.py   1169  0.00s             1           0  0.11s           2026-09-21T13:39:51                      12
================================================================================
[2026-09-21T13:40:51.317+0000] {manager.py:997} INFO - 
================================================================================
DAG File Processing Stats

File Path                                PID  Runtime      # DAGs    # Errors  Last Runtime    Last Run               Last # of DB Queries
-------------------------------------  -----  ---------  --------  ----------  --------------  -------------------  ----------------------
/opt/airflow/dags/dss150p_pipeline.py   1174  0.00s             1           0  0.11s           2026-09-21T13:40:21                      12
================================================================================
[2026-09-21T13:41:21.520+0000] {manager.py:997} INFO - 
================================================================================
DAG File Processing Stats

File Path                                PID  Runtime      # DAGs    # Errors  Last Runtime    Last Run               Last # of DB Queries
-------------------------------------  -----  ---------  --------  ----------  --------------  -------------------  ----------------------
/opt/airflow/dags/dss150p_pipeline.py   1179  0.00s             1           0  0.10s           2026-09-21T13:40:51                      12
================================================================================
[2026-09-21T13:41:51.679+0000] {manager.py:997} INFO - 
================================================================================
DAG File Processing Stats

File Path                                PID  Runtime      # DAGs    # Errors  Last Runtime    Last Run               Last # of DB Queries
-------------------------------------  -----  ---------  --------  ----------  --------------  -------------------  ----------------------
/opt/airflow/dags/dss150p_pipeline.py   1184  0.01s             1           0  0.10s           2026-09-21T13:41:21                      12
================================================================================
[2026-09-21T13:42:06.792+0000] {manager.py:821} INFO - Searching for files in /opt/airflow/dags
[2026-09-21T13:42:06.808+0000] {manager.py:824} INFO - There are 1 files in /opt/airflow/dags
[2026-09-21T13:42:21.898+0000] {manager.py:997} INFO - 
================================================================================
DAG File Processing Stats

File Path                                PID  Runtime      # DAGs    # Errors  Last Runtime    Last Run               Last # of DB Queries
-------------------------------------  -----  ---------  --------  ----------  --------------  -------------------  ----------------------
/opt/airflow/dags/dss150p_pipeline.py   1189  0.01s             1           0  0.11s           2026-09-21T13:41:51                      12
================================================================================
[2026-09-21T13:42:52.054+0000] {manager.py:997} INFO - 
================================================================================
DAG File Processing Stats

File Path                                PID  Runtime      # DAGs    # Errors  Last Runtime    Last Run               Last # of DB Queries
-------------------------------------  -----  ---------  --------  ----------  --------------  -------------------  ----------------------
/opt/airflow/dags/dss150p_pipeline.py   1194  0.00s             1           0  0.12s           2026-09-21T13:42:22                      12
================================================================================
[2026-09-21T13:43:22.271+0000] {manager.py:997} INFO - 
================================================================================
DAG File Processing Stats

File Path                                PID  Runtime      # DAGs    # Errors  Last Runtime    Last Run               Last # of DB Queries
-------------------------------------  -----  ---------  --------  ----------  --------------  -------------------  ----------------------
/opt/airflow/dags/dss150p_pipeline.py   1199  0.00s             1           0  0.10s           2026-09-21T13:42:52                      12
================================================================================
[2026-09-21T13:43:52.429+0000] {manager.py:997} INFO - 
================================================================================
DAG File Processing Stats

File Path                                PID  Runtime      # DAGs    # Errors  Last Runtime    Last Run               Last # of DB Queries
-------------------------------------  -----  ---------  --------  ----------  --------------  -------------------  ----------------------
/opt/airflow/dags/dss150p_pipeline.py   1204  0.00s             1           0  0.12s           2026-09-21T13:43:22                      12
================================================================================
[2026-09-21T13:44:22.632+0000] {manager.py:997} INFO - 
================================================================================
DAG File Processing Stats

File Path                                PID  Runtime      # DAGs    # Errors  Last Runtime    Last Run               Last # of DB Queries
-------------------------------------  -----  ---------  --------  ----------  --------------  -------------------  ----------------------
/opt/airflow/dags/dss150p_pipeline.py   1209  0.00s             1           0  0.11s           2026-09-21T13:43:52                      12
================================================================================
[2026-09-21T13:44:52.792+0000] {manager.py:997} INFO - 
================================================================================
DAG File Processing Stats

File Path                                PID  Runtime      # DAGs    # Errors  Last Runtime    Last Run               Last # of DB Queries
-------------------------------------  -----  ---------  --------  ----------  --------------  -------------------  ----------------------
/opt/airflow/dags/dss150p_pipeline.py   1372  0.01s             1           0  0.10s           2026-09-21T13:44:22                      12
================================================================================
[2026-09-21T13:45:22.999+0000] {manager.py:997} INFO - 
================================================================================
DAG File Processing Stats

File Path                                PID  Runtime      # DAGs    # Errors  Last Runtime    Last Run               Last # of DB Queries
-------------------------------------  -----  ---------  --------  ----------  --------------  -------------------  ----------------------
/opt/airflow/dags/dss150p_pipeline.py   1377  0.00s             1           0  0.11s           2026-09-21T13:44:52                      12
================================================================================
[2026-09-21T13:45:53.153+0000] {manager.py:997} INFO - 
================================================================================
DAG File Processing Stats

File Path                                PID  Runtime      # DAGs    # Errors  Last Runtime    Last Run               Last # of DB Queries
-------------------------------------  -----  ---------  --------  ----------  --------------  -------------------  ----------------------
/opt/airflow/dags/dss150p_pipeline.py   1382  0.00s             1           0  0.11s           2026-09-21T13:45:23                      12
================================================================================
[2026-09-21T13:46:23.367+0000] {manager.py:997} INFO - 
================================================================================
DAG File Processing Stats

File Path                                PID  Runtime      # DAGs    # Errors  Last Runtime    Last Run               Last # of DB Queries
-------------------------------------  -----  ---------  --------  ----------  --------------  -------------------  ----------------------
/opt/airflow/dags/dss150p_pipeline.py   1387  0.00s             1           0  0.12s           2026-09-21T13:45:53                      12
================================================================================
[2026-09-21T13:46:53.538+0000] {manager.py:997} INFO - 
================================================================================
DAG File Processing Stats

File Path                                PID  Runtime      # DAGs    # Errors  Last Runtime    Last Run               Last # of DB Queries
-------------------------------------  -----  ---------  --------  ----------  --------------  -------------------  ----------------------
/opt/airflow/dags/dss150p_pipeline.py   1392  0.00s             1           0  0.11s           2026-09-21T13:46:23                      12
================================================================================
[2026-09-21T13:47:07.638+0000] {manager.py:821} INFO - Searching for files in /opt/airflow/dags
[2026-09-21T13:47:07.654+0000] {manager.py:824} INFO - There are 1 files in /opt/airflow/dags
[2026-09-21T13:47:23.753+0000] {manager.py:997} INFO - 
================================================================================
DAG File Processing Stats

File Path                                PID  Runtime      # DAGs    # Errors  Last Runtime    Last Run               Last # of DB Queries
-------------------------------------  -----  ---------  --------  ----------  --------------  -------------------  ----------------------
/opt/airflow/dags/dss150p_pipeline.py   1397  0.00s             1           0  0.11s           2026-09-21T13:46:53                      12
================================================================================
[2026-09-21T13:47:53.914+0000] {manager.py:997} INFO - 
================================================================================
DAG File Processing Stats

File Path                                PID  Runtime      # DAGs    # Errors  Last Runtime    Last Run               Last # of DB Queries
-------------------------------------  -----  ---------  --------  ----------  --------------  -------------------  ----------------------
/opt/airflow/dags/dss150p_pipeline.py   1402  0.00s             1           0  0.12s           2026-09-21T13:47:23                      12
================================================================================
[2026-09-21T13:48:24.114+0000] {manager.py:997} INFO - 
================================================================================
DAG File Processing Stats

File Path                                PID  Runtime      # DAGs    # Errors  Last Runtime    Last Run               Last # of DB Queries
-------------------------------------  -----  ---------  --------  ----------  --------------  -------------------  ----------------------
/opt/airflow/dags/dss150p_pipeline.py   1407  0.00s             1           0  0.11s           2026-09-21T13:47:54                      12
================================================================================
[2026-09-21T13:48:54.275+0000] {manager.py:997} INFO - 
================================================================================
DAG File Processing Stats

File Path                                PID  Runtime      # DAGs    # Errors  Last Runtime    Last Run               Last # of DB Queries
-------------------------------------  -----  ---------  --------  ----------  --------------  -------------------  ----------------------
/opt/airflow/dags/dss150p_pipeline.py   1412  0.01s             1           0  0.12s           2026-09-21T13:48:24                      12
================================================================================
[2026-09-21T13:49:24.491+0000] {manager.py:997} INFO - 
================================================================================
DAG File Processing Stats

File Path                                PID  Runtime      # DAGs    # Errors  Last Runtime    Last Run               Last # of DB Queries
-------------------------------------  -----  ---------  --------  ----------  --------------  -------------------  ----------------------
/opt/airflow/dags/dss150p_pipeline.py   1417  0.01s             1           0  0.12s           2026-09-21T13:48:54                      12
================================================================================
[2026-09-21T13:49:54.650+0000] {manager.py:997} INFO - 
================================================================================
DAG File Processing Stats

File Path                                PID  Runtime      # DAGs    # Errors  Last Runtime    Last Run               Last # of DB Queries
-------------------------------------  -----  ---------  --------  ----------  --------------  -------------------  ----------------------
/opt/airflow/dags/dss150p_pipeline.py   1422  0.01s             1           0  0.12s           2026-09-21T13:49:24                      12
================================================================================
[2026-09-21T13:50:24.869+0000] {manager.py:997} INFO - 
================================================================================
DAG File Processing Stats

File Path                                PID  Runtime      # DAGs    # Errors  Last Runtime    Last Run               Last # of DB Queries
-------------------------------------  -----  ---------  --------  ----------  --------------  -------------------  ----------------------
/opt/airflow/dags/dss150p_pipeline.py   1427  0.00s             1           0  0.11s           2026-09-21T13:49:54                      12
================================================================================
[2026-09-21T13:50:55.030+0000] {manager.py:997} INFO - 
================================================================================
DAG File Processing Stats

File Path                                PID  Runtime      # DAGs    # Errors  Last Runtime    Last Run               Last # of DB Queries
-------------------------------------  -----  ---------  --------  ----------  --------------  -------------------  ----------------------
/opt/airflow/dags/dss150p_pipeline.py   1432  0.00s             1           0  0.10s           2026-09-21T13:50:24                      12
================================================================================
